{
  "type": "FeatureCollection",
  "features": [
    {
      "type": "Feature",
      "geometry": {
        "type": "Point",
        "coordinates": [
          34.97812347685431,
          31.74350802418688
        ]
      },
      "properties": {
        "rank": 1,
        "distance_metric": "euclidean",
        "placement_mode": "exact",
        "placement_semantics": "exact_point",
        "shelter_id": 778,
        "candidate_source": "network_nodes",
        "time_bucket": "5min",
        "time_seconds": 300,
        "coordinates": "31.743508,34.978123",
        "nearest_building_dist_m": 13.9,
        "newly_covered_buildings": 44,
        "newly_covered_people_est": 308
      }
    },
    {
      "type": "Feature",
      "geometry": {
        "type": "Point",
        "coordinates": [
          34.94948236492858,
          31.738189507897573
        ]
      },
      "properties": {
        "rank": 2,
        "distance_metric": "euclidean",
        "placement_mode": "exact",
        "placement_semantics": "exact_point",
        "shelter_id": 113,
        "candidate_source": "buildings",
        "time_bucket": "5min",
        "time_seconds": 300,
        "coordinates": "31.738190,34.949482",
        "nearest_building_dist_m": 0.0,
        "newly_covered_buildings": 36,
        "newly_covered_people_est": 252
      }
    },
    {
      "type": "Feature",
      "geometry": {
        "type": "Point",
        "coordinates": [
          34.975138063841285,
          31.744919254315278
        ]
      },
      "properties": {
        "rank": 3,
        "distance_metric": "euclidean",
        "placement_mode": "exact",
        "placement_semantics": "exact_point",
        "shelter_id": 913,
        "candidate_source": "network_nodes",
        "time_bucket": "5min",
        "time_seconds": 300,
        "coordinates": "31.744919,34.975138",
        "nearest_building_dist_m": 9.08,
        "newly_covered_buildings": 36,
        "newly_covered_people_est": 252
      }
    },
    {
      "type": "Feature",
      "geometry": {
        "type": "Point",
        "coordinates": [
          34.98083249947662,
          31.7527430006815
        ]
      },
      "properties": {
        "rank": 4,
        "distance_metric": "euclidean",
        "placement_mode": "exact",
        "placement_semantics": "exact_point",
        "shelter_id": 933,
        "candidate_source": "network_nodes",
        "time_bucket": "5min",
        "time_seconds": 300,
        "coordinates": "31.752743,34.980832",
        "nearest_building_dist_m": 16.04,
        "newly_covered_buildings": 32,
        "newly_covered_people_est": 224
      }
    },
    {
      "type": "Feature",
      "geometry": {
        "type": "Point",
        "coordinates": [
          34.99549530139162,
          31.750375941002513
        ]
      },
      "properties": {
        "rank": 5,
        "distance_metric": "euclidean",
        "placement_mode": "exact",
        "placement_semantics": "exact_point",
        "shelter_id": 25,
        "candidate_source": "buildings",
        "time_bucket": "5min",
        "time_seconds": 300,
        "coordinates": "31.750376,34.995495",
        "nearest_building_dist_m": 0.0,
        "newly_covered_buildings": 30,
        "newly_covered_people_est": 210
      }
    },
    {
      "type": "Feature",
      "geometry": {
        "type": "Point",
        "coordinates": [
          34.98084549611762,
          31.7364616005133
        ]
      },
      "properties": {
        "rank": 6,
        "distance_metric": "euclidean",
        "placement_mode": "exact",
        "placement_semantics": "exact_point",
        "shelter_id": 93,
        "candidate_source": "buildings",
        "time_bucket": "5min",
        "time_seconds": 300,
        "coordinates": "31.736462,34.980845",
        "nearest_building_dist_m": 0.0,
        "newly_covered_buildings": 30,
        "newly_covered_people_est": 210
      }
    },
    {
      "type": "Feature",
      "geometry": {
        "type": "Point",
        "coordinates": [
          34.99380394972649,
          31.752451130942973
        ]
      },
      "properties": {
        "rank": 7,
        "distance_metric": "euclidean",
        "placement_mode": "exact",
        "placement_semantics": "exact_point",
        "shelter_id": 33,
        "candidate_source": "buildings",
        "time_bucket": "5min",
        "time_seconds": 300,
        "coordinates": "31.752451,34.993804",
        "nearest_building_dist_m": 0.0,
        "newly_covered_buildings": 28,
        "newly_covered_people_est": 196
      }
    },
    {
      "type": "Feature",
      "geometry": {
        "type": "Point",
        "coordinates": [
          34.998806799473414,
          31.716478200686375
        ]
      },
      "properties": {
        "rank": 8,
        "distance_metric": "euclidean",
        "placement_mode": "exact",
        "placement_semantics": "exact_point",
        "shelter_id": 467,
        "candidate_source": "network_nodes",
        "time_bucket": "5min",
        "time_seconds": 300,
        "coordinates": "31.716478,34.998807",
        "nearest_building_dist_m": 21.17,
        "newly_covered_buildings": 27,
        "newly_covered_people_est": 189
      }
    },
    {
      "type": "Feature",
      "geometry": {
        "type": "Point",
        "coordinates": [
          34.98983219831809,
          31.746579845089542
        ]
      },
      "properties": {
        "rank": 9,
        "distance_metric": "euclidean",
        "placement_mode": "exact",
        "placement_semantics": "exact_point",
        "shelter_id": 35,
        "candidate_source": "buildings",
        "time_bucket": "5min",
        "time_seconds": 300,
        "coordinates": "31.746580,34.989832",
        "nearest_building_dist_m": 0.0,
        "newly_covered_buildings": 26,
        "newly_covered_people_est": 182
      }
    },
    {
      "type": "Feature",
      "geometry": {
        "type": "Point",
        "coordinates": [
          34.97660009947615,
          31.74422230068214
        ]
      },
      "properties": {
        "rank": 10,
        "distance_metric": "euclidean",
        "placement_mode": "exact",
        "placement_semantics": "exact_point",
        "shelter_id": 130,
        "candidate_source": "network_nodes",
        "time_bucket": "5min",
        "time_seconds": 300,
        "coordinates": "31.744222,34.976600",
        "nearest_building_dist_m": 21.91,
        "newly_covered_buildings": 26,
        "newly_covered_people_est": 182
      }
    },
    {
      "type": "Feature",
      "geometry": {
        "type": "Point",
        "coordinates": [
          35.0004488292018,
          31.710902614039977
        ]
      },
      "properties": {
        "rank": 11,
        "distance_metric": "euclidean",
        "placement_mode": "exact",
        "placement_semantics": "exact_point",
        "shelter_id": 1,
        "candidate_source": "buildings",
        "time_bucket": "5min",
        "time_seconds": 300,
        "coordinates": "31.710903,35.000449",
        "nearest_building_dist_m": 0.0,
        "newly_covered_buildings": 24,
        "newly_covered_people_est": 168
      }
    },
    {
      "type": "Feature",
      "geometry": {
        "type": "Point",
        "coordinates": [
          34.999532327543,
          31.714019243552567
        ]
      },
      "properties": {
        "rank": 12,
        "distance_metric": "euclidean",
        "placement_mode": "exact",
        "placement_semantics": "exact_point",
        "shelter_id": 20,
        "candidate_source": "buildings",
        "time_bucket": "5min",
        "time_seconds": 300,
        "coordinates": "31.714019,34.999532",
        "nearest_building_dist_m": 0.0,
        "newly_covered_buildings": 24,
        "newly_covered_people_est": 168
      }
    },
    {
      "type": "Feature",
      "geometry": {
        "type": "Point",
        "coordinates": [
          34.98290329947373,
          31.71385890068569
        ]
      },
      "properties": {
        "rank": 13,
        "distance_metric": "euclidean",
        "placement_mode": "exact",
        "placement_semantics": "exact_point",
        "shelter_id": 154,
        "candidate_source": "network_nodes",
        "time_bucket": "5min",
        "time_seconds": 300,
        "coordinates": "31.713859,34.982903",
        "nearest_building_dist_m": 24.13,
        "newly_covered_buildings": 24,
        "newly_covered_people_est": 168
      }
    },
    {
      "type": "Feature",
      "geometry": {
        "type": "Point",
        "coordinates": [
          34.98638048791341,
          31.739321136105392
        ]
      },
      "properties": {
        "rank": 14,
        "distance_metric": "euclidean",
        "placement_mode": "exact",
        "placement_semantics": "exact_point",
        "shelter_id": 883,
        "candidate_source": "network_nodes",
        "time_bucket": "5min",
        "time_seconds": 300,
        "coordinates": "31.739321,34.986380",
        "nearest_building_dist_m": 20.93,
        "newly_covered_buildings": 24,
        "newly_covered_people_est": 168
      }
    },
    {
      "type": "Feature",
      "geometry": {
        "type": "Point",
        "coordinates": [
          34.97561879947606,
          31.742418700682283
        ]
      },
      "properties": {
        "rank": 15,
        "distance_metric": "euclidean",
        "placement_mode": "exact",
        "placement_semantics": "exact_point",
        "shelter_id": 899,
        "candidate_source": "network_nodes",
        "time_bucket": "5min",
        "time_seconds": 300,
        "coordinates": "31.742419,34.975619",
        "nearest_building_dist_m": 22.46,
        "newly_covered_buildings": 24,
        "newly_covered_people_est": 168
      }
    },
    {
      "type": "Feature",
      "geometry": {
        "type": "Point",
        "coordinates": [
          34.98003169947647,
          31.750367900681717
        ]
      },
      "properties": {
        "rank": 16,
        "distance_metric": "euclidean",
        "placement_mode": "exact",
        "placement_semantics": "exact_point",
        "shelter_id": 137,
        "candidate_source": "network_nodes",
        "time_bucket": "5min",
        "time_seconds": 300,
        "coordinates": "31.750368,34.980032",
        "nearest_building_dist_m": 25.48,
        "newly_covered_buildings": 23,
        "newly_covered_people_est": 161
      }
    },
    {
      "type": "Feature",
      "geometry": {
        "type": "Point",
        "coordinates": [
          34.998350083219634,
          31.710659371466665
        ]
      },
      "properties": {
        "rank": 17,
        "distance_metric": "euclidean",
        "placement_mode": "exact",
        "placement_semantics": "exact_point",
        "shelter_id": 4,
        "candidate_source": "buildings",
        "time_bucket": "5min",
        "time_seconds": 300,
        "coordinates": "31.710659,34.998350",
        "nearest_building_dist_m": 0.0,
        "newly_covered_buildings": 22,
        "newly_covered_people_est": 154
      }
    },
    {
      "type": "Feature",
      "geometry": {
        "type": "Point",
        "coordinates": [
          34.984740446497604,
          31.736419363794216
        ]
      },
      "properties": {
        "rank": 18,
        "distance_metric": "euclidean",
        "placement_mode": "exact",
        "placement_semantics": "exact_point",
        "shelter_id": 26,
        "candidate_source": "buildings",
        "time_bucket": "5min",
        "time_seconds": 300,
        "coordinates": "31.736419,34.984740",
        "nearest_building_dist_m": 0.0,
        "newly_covered_buildings": 22,
        "newly_covered_people_est": 154
      }
    },
    {
      "type": "Feature",
      "geometry": {
        "type": "Point",
        "coordinates": [
          34.996322985453816,
          31.751801416790535
        ]
      },
      "properties": {
        "rank": 19,
        "distance_metric": "euclidean",
        "placement_mode": "exact",
        "placement_semantics": "exact_point",
        "shelter_id": 931,
        "candidate_source": "network_nodes",
        "time_bucket": "5min",
        "time_seconds": 300,
        "coordinates": "31.751801,34.996323",
        "nearest_building_dist_m": 16.68,
        "newly_covered_buildings": 22,
        "newly_covered_people_est": 154
      }
    },
    {
      "type": "Feature",
      "geometry": {
        "type": "Point",
        "coordinates": [
          35.00051159947281,
          31.708884800687297
        ]
      },
      "properties": {
        "rank": 20,
        "distance_metric": "euclidean",
        "placement_mode": "exact",
        "placement_semantics": "exact_point",
        "shelter_id": 179,
        "candidate_source": "network_nodes",
        "time_bucket": "5min",
        "time_seconds": 300,
        "coordinates": "31.708885,35.000512",
        "nearest_building_dist_m": 25.06,
        "newly_covered_buildings": 21,
        "newly_covered_people_est": 147
      }
    },
    {
      "type": "Feature",
      "geometry": {
        "type": "Point",
        "coordinates": [
          34.99487559947307,
          31.71000800068682
        ]
      },
      "properties": {
        "rank": 21,
        "distance_metric": "euclidean",
        "placement_mode": "exact",
        "placement_semantics": "exact_point",
        "shelter_id": 571,
        "candidate_source": "network_nodes",
        "time_bucket": "5min",
        "time_seconds": 300,
        "coordinates": "31.710008,34.994876",
        "nearest_building_dist_m": 31.43,
        "newly_covered_buildings": 21,
        "newly_covered_people_est": 147
      }
    },
    {
      "type": "Feature",
      "geometry": {
        "type": "Point",
        "coordinates": [
          34.979519334536796,
          31.741067309754467
        ]
      },
      "properties": {
        "rank": 22,
        "distance_metric": "euclidean",
        "placement_mode": "exact",
        "placement_semantics": "exact_point",
        "shelter_id": 794,
        "candidate_source": "network_nodes",
        "time_bucket": "5min",
        "time_seconds": 300,
        "coordinates": "31.741067,34.979519",
        "nearest_building_dist_m": 30.63,
        "newly_covered_buildings": 21,
        "newly_covered_people_est": 147
      }
    },
    {
      "type": "Feature",
      "geometry": {
        "type": "Point",
        "coordinates": [
          34.99053900356354,
          31.73888236556207
        ]
      },
      "properties": {
        "rank": 23,
        "distance_metric": "euclidean",
        "placement_mode": "exact",
        "placement_semantics": "exact_point",
        "shelter_id": 48,
        "candidate_source": "buildings",
        "time_bucket": "5min",
        "time_seconds": 300,
        "coordinates": "31.738882,34.990539",
        "nearest_building_dist_m": 0.0,
        "newly_covered_buildings": 20,
        "newly_covered_people_est": 140
      }
    },
    {
      "type": "Feature",
      "geometry": {
        "type": "Point",
        "coordinates": [
          34.98135034839084,
          31.73915391020502
        ]
      },
      "properties": {
        "rank": 24,
        "distance_metric": "euclidean",
        "placement_mode": "exact",
        "placement_semantics": "exact_point",
        "shelter_id": 99,
        "candidate_source": "buildings",
        "time_bucket": "5min",
        "time_seconds": 300,
        "coordinates": "31.739154,34.981350",
        "nearest_building_dist_m": 0.0,
        "newly_covered_buildings": 20,
        "newly_covered_people_est": 140
      }
    },
    {
      "type": "Feature",
      "geometry": {
        "type": "Point",
        "coordinates": [
          34.996332465660906,
          31.747885186714953
        ]
      },
      "properties": {
        "rank": 25,
        "distance_metric": "euclidean",
        "placement_mode": "exact",
        "placement_semantics": "exact_point",
        "shelter_id": 72,
        "candidate_source": "buildings",
        "time_bucket": "5min",
        "time_seconds": 300,
        "coordinates": "31.747885,34.996332",
        "nearest_building_dist_m": 0.0,
        "newly_covered_buildings": 19,
        "newly_covered_people_est": 133
      }
    },
    {
      "type": "Feature",
      "geometry": {
        "type": "Point",
        "coordinates": [
          34.98783689947296,
          31.7053672006869
        ]
      },
      "properties": {
        "rank": 26,
        "distance_metric": "euclidean",
        "placement_mode": "exact",
        "placement_semantics": "exact_point",
        "shelter_id": 434,
        "candidate_source": "network_nodes",
        "time_bucket": "5min",
        "time_seconds": 300,
        "coordinates": "31.705367,34.987837",
        "nearest_building_dist_m": 46.44,
        "newly_covered_buildings": 19,
        "newly_covered_people_est": 133
      }
    },
    {
      "type": "Feature",
      "geometry": {
        "type": "Point",
        "coordinates": [
          34.98627358001909,
          31.71367545084534
        ]
      },
      "properties": {
        "rank": 27,
        "distance_metric": "euclidean",
        "placement_mode": "exact",
        "placement_semantics": "exact_point",
        "shelter_id": 846,
        "candidate_source": "network_nodes",
        "time_bucket": "5min",
        "time_seconds": 300,
        "coordinates": "31.713675,34.986274",
        "nearest_building_dist_m": 12.74,
        "newly_covered_buildings": 19,
        "newly_covered_people_est": 133
      }
    },
    {
      "type": "Feature",
      "geometry": {
        "type": "Point",
        "coordinates": [
          34.99015894784441,
          31.744875225661723
        ]
      },
      "properties": {
        "rank": 28,
        "distance_metric": "euclidean",
        "placement_mode": "exact",
        "placement_semantics": "exact_point",
        "shelter_id": 915,
        "candidate_source": "network_nodes",
        "time_bucket": "5min",
        "time_seconds": 300,
        "coordinates": "31.744875,34.990159",
        "nearest_building_dist_m": 11.52,
        "newly_covered_buildings": 19,
        "newly_covered_people_est": 133
      }
    },
    {
      "type": "Feature",
      "geometry": {
        "type": "Point",
        "coordinates": [
          34.979995821409716,
          31.70503735249202
        ]
      },
      "properties": {
        "rank": 29,
        "distance_metric": "euclidean",
        "placement_mode": "exact",
        "placement_semantics": "exact_point",
        "shelter_id": 16,
        "candidate_source": "buildings",
        "time_bucket": "5min",
        "time_seconds": 300,
        "coordinates": "31.705037,34.979996",
        "nearest_building_dist_m": 0.0,
        "newly_covered_buildings": 18,
        "newly_covered_people_est": 126
      }
    },
    {
      "type": "Feature",
      "geometry": {
        "type": "Point",
        "coordinates": [
          34.99200069947309,
          31.70908270068674
        ]
      },
      "properties": {
        "rank": 30,
        "distance_metric": "euclidean",
        "placement_mode": "exact",
        "placement_semantics": "exact_point",
        "shelter_id": 169,
        "candidate_source": "network_nodes",
        "time_bucket": "5min",
        "time_seconds": 300,
        "coordinates": "31.709083,34.992001",
        "nearest_building_dist_m": 13.28,
        "newly_covered_buildings": 18,
        "newly_covered_people_est": 126
      }
    },
    {
      "type": "Feature",
      "geometry": {
        "type": "Point",
        "coordinates": [
          34.99045664717734,
          31.717138188460833
        ]
      },
      "properties": {
        "rank": 31,
        "distance_metric": "euclidean",
        "placement_mode": "exact",
        "placement_semantics": "exact_point",
        "shelter_id": 864,
        "candidate_source": "network_nodes",
        "time_bucket": "5min",
        "time_seconds": 300,
        "coordinates": "31.717138,34.990457",
        "nearest_building_dist_m": 32.93,
        "newly_covered_buildings": 18,
        "newly_covered_people_est": 126
      }
    },
    {
      "type": "Feature",
      "geometry": {
        "type": "Point",
        "coordinates": [
          34.99377498020418,
          31.750482855600005
        ]
      },
      "properties": {
        "rank": 32,
        "distance_metric": "euclidean",
        "placement_mode": "exact",
        "placement_semantics": "exact_point",
        "shelter_id": 17,
        "candidate_source": "buildings",
        "time_bucket": "5min",
        "time_seconds": 300,
        "coordinates": "31.750483,34.993775",
        "nearest_building_dist_m": 0.0,
        "newly_covered_buildings": 17,
        "newly_covered_people_est": 119
      }
    },
    {
      "type": "Feature",
      "geometry": {
        "type": "Point",
        "coordinates": [
          34.99261120814509,
          31.74480468828631
        ]
      },
      "properties": {
        "rank": 33,
        "distance_metric": "euclidean",
        "placement_mode": "exact",
        "placement_semantics": "exact_point",
        "shelter_id": 51,
        "candidate_source": "buildings",
        "time_bucket": "5min",
        "time_seconds": 300,
        "coordinates": "31.744805,34.992611",
        "nearest_building_dist_m": 0.0,
        "newly_covered_buildings": 17,
        "newly_covered_people_est": 119
      }
    },
    {
      "type": "Feature",
      "geometry": {
        "type": "Point",
        "coordinates": [
          34.97717646909994,
          31.738494821322984
        ]
      },
      "properties": {
        "rank": 34,
        "distance_metric": "euclidean",
        "placement_mode": "exact",
        "placement_semantics": "exact_point",
        "shelter_id": 94,
        "candidate_source": "buildings",
        "time_bucket": "5min",
        "time_seconds": 300,
        "coordinates": "31.738495,34.977176",
        "nearest_building_dist_m": 0.0,
        "newly_covered_buildings": 17,
        "newly_covered_people_est": 119
      }
    },
    {
      "type": "Feature",
      "geometry": {
        "type": "Point",
        "coordinates": [
          34.9971268994728,
          31.707362900687244
        ]
      },
      "properties": {
        "rank": 35,
        "distance_metric": "euclidean",
        "placement_mode": "exact",
        "placement_semantics": "exact_point",
        "shelter_id": 414,
        "candidate_source": "network_nodes",
        "time_bucket": "5min",
        "time_seconds": 300,
        "coordinates": "31.707363,34.997127",
        "nearest_building_dist_m": 19.01,
        "newly_covered_buildings": 17,
        "newly_covered_people_est": 119
      }
    },
    {
      "type": "Feature",
      "geometry": {
        "type": "Point",
        "coordinates": [
          34.98880306876913,
          31.73934516463741
        ]
      },
      "properties": {
        "rank": 36,
        "distance_metric": "euclidean",
        "placement_mode": "exact",
        "placement_semantics": "exact_point",
        "shelter_id": 885,
        "candidate_source": "network_nodes",
        "time_bucket": "5min",
        "time_seconds": 300,
        "coordinates": "31.739345,34.988803",
        "nearest_building_dist_m": 20.0,
        "newly_covered_buildings": 17,
        "newly_covered_people_est": 119
      }
    },
    {
      "type": "Feature",
      "geometry": {
        "type": "Point",
        "coordinates": [
          34.997944631618104,
          31.75180537327381
        ]
      },
      "properties": {
        "rank": 37,
        "distance_metric": "euclidean",
        "placement_mode": "exact",
        "placement_semantics": "exact_point",
        "shelter_id": 930,
        "candidate_source": "network_nodes",
        "time_bucket": "5min",
        "time_seconds": 300,
        "coordinates": "31.751805,34.997945",
        "nearest_building_dist_m": 21.52,
        "newly_covered_buildings": 17,
        "newly_covered_people_est": 119
      }
    },
    {
      "type": "Feature",
      "geometry": {
        "type": "Point",
        "coordinates": [
          34.99560903685643,
          31.740418582599226
        ]
      },
      "properties": {
        "rank": 38,
        "distance_metric": "euclidean",
        "placement_mode": "exact",
        "placement_semantics": "exact_point",
        "shelter_id": 37,
        "candidate_source": "buildings",
        "time_bucket": "5min",
        "time_seconds": 300,
        "coordinates": "31.740419,34.995609",
        "nearest_building_dist_m": 0.0,
        "newly_covered_buildings": 16,
        "newly_covered_people_est": 112
      }
    },
    {
      "type": "Feature",
      "geometry": {
        "type": "Point",
        "coordinates": [
          34.99829149947329,
          31.71469340068656
        ]
      },
      "properties": {
        "rank": 39,
        "distance_metric": "euclidean",
        "placement_mode": "exact",
        "placement_semantics": "exact_point",
        "shelter_id": 464,
        "candidate_source": "network_nodes",
        "time_bucket": "5min",
        "time_seconds": 300,
        "coordinates": "31.714693,34.998291",
        "nearest_building_dist_m": 41.88,
        "newly_covered_buildings": 16,
        "newly_covered_people_est": 112
      }
    },
    {
      "type": "Feature",
      "geometry": {
        "type": "Point",
        "coordinates": [
          34.99388749947515,
          31.73847970068378
        ]
      },
      "properties": {
        "rank": 40,
        "distance_metric": "euclidean",
        "placement_mode": "exact",
        "placement_semantics": "exact_point",
        "shelter_id": 774,
        "candidate_source": "network_nodes",
        "time_bucket": "5min",
        "time_seconds": 300,
        "coordinates": "31.738480,34.993887",
        "nearest_building_dist_m": 14.71,
        "newly_covered_buildings": 16,
        "newly_covered_people_est": 112
      }
    },
    {
      "type": "Feature",
      "geometry": {
        "type": "Point",
        "coordinates": [
          34.98973273285651,
          31.705688157385687
        ]
      },
      "properties": {
        "rank": 41,
        "distance_metric": "euclidean",
        "placement_mode": "exact",
        "placement_semantics": "exact_point",
        "shelter_id": 946,
        "candidate_source": "network_nodes",
        "time_bucket": "5min",
        "time_seconds": 300,
        "coordinates": "31.705688,34.989733",
        "nearest_building_dist_m": 14.03,
        "newly_covered_buildings": 16,
        "newly_covered_people_est": 112
      }
    },
    {
      "type": "Feature",
      "geometry": {
        "type": "Point",
        "coordinates": [
          34.99446316778191,
          31.74615857918338
        ]
      },
      "properties": {
        "rank": 42,
        "distance_metric": "euclidean",
        "placement_mode": "exact",
        "placement_semantics": "exact_point",
        "shelter_id": 110,
        "candidate_source": "buildings",
        "time_bucket": "5min",
        "time_seconds": 300,
        "coordinates": "31.746159,34.994463",
        "nearest_building_dist_m": 0.0,
        "newly_covered_buildings": 15,
        "newly_covered_people_est": 105
      }
    },
    {
      "type": "Feature",
      "geometry": {
        "type": "Point",
        "coordinates": [
          34.99302089947296,
          31.707521300686967
        ]
      },
      "properties": {
        "rank": 43,
        "distance_metric": "euclidean",
        "placement_mode": "exact",
        "placement_semantics": "exact_point",
        "shelter_id": 319,
        "candidate_source": "network_nodes",
        "time_bucket": "5min",
        "time_seconds": 300,
        "coordinates": "31.707521,34.993021",
        "nearest_building_dist_m": 52.3,
        "newly_covered_buildings": 15,
        "newly_covered_people_est": 105
      }
    },
    {
      "type": "Feature",
      "geometry": {
        "type": "Point",
        "coordinates": [
          34.99904539947268,
          31.70664120068743
        ]
      },
      "properties": {
        "rank": 44,
        "distance_metric": "euclidean",
        "placement_mode": "exact",
        "placement_semantics": "exact_point",
        "shelter_id": 350,
        "candidate_source": "network_nodes",
        "time_bucket": "5min",
        "time_seconds": 300,
        "coordinates": "31.706641,34.999045",
        "nearest_building_dist_m": 21.67,
        "newly_covered_buildings": 15,
        "newly_covered_people_est": 105
      }
    },
    {
      "type": "Feature",
      "geometry": {
        "type": "Point",
        "coordinates": [
          34.98225589947332,
          31.70778720068629
        ]
      },
      "properties": {
        "rank": 45,
        "distance_metric": "euclidean",
        "placement_mode": "exact",
        "placement_semantics": "exact_point",
        "shelter_id": 442,
        "candidate_source": "network_nodes",
        "time_bucket": "5min",
        "time_seconds": 300,
        "coordinates": "31.707787,34.982256",
        "nearest_building_dist_m": 38.82,
        "newly_covered_buildings": 15,
        "newly_covered_people_est": 105
      }
    },
    {
      "type": "Feature",
      "geometry": {
        "type": "Point",
        "coordinates": [
          34.998949899472805,
          31.708195600687255
        ]
      },
      "properties": {
        "rank": 46,
        "distance_metric": "euclidean",
        "placement_mode": "exact",
        "placement_semantics": "exact_point",
        "shelter_id": 591,
        "candidate_source": "network_nodes",
        "time_bucket": "5min",
        "time_seconds": 300,
        "coordinates": "31.708196,34.998950",
        "nearest_building_dist_m": 43.88,
        "newly_covered_buildings": 15,
        "newly_covered_people_est": 105
      }
    },
    {
      "type": "Feature",
      "geometry": {
        "type": "Point",
        "coordinates": [
          34.99085773349314,
          31.722969050074624
        ]
      },
      "properties": {
        "rank": 47,
        "distance_metric": "euclidean",
        "placement_mode": "exact",
        "placement_semantics": "exact_point",
        "shelter_id": 818,
        "candidate_source": "network_nodes",
        "time_bucket": "5min",
        "time_seconds": 300,
        "coordinates": "31.722969,34.990858",
        "nearest_building_dist_m": 16.78,
        "newly_covered_buildings": 15,
        "newly_covered_people_est": 105
      }
    },
    {
      "type": "Feature",
      "geometry": {
        "type": "Point",
        "coordinates": [
          34.98160796041484,
          31.74264424454939
        ]
      },
      "properties": {
        "rank": 48,
        "distance_metric": "euclidean",
        "placement_mode": "exact",
        "placement_semantics": "exact_point",
        "shelter_id": 68,
        "candidate_source": "buildings",
        "time_bucket": "5min",
        "time_seconds": 300,
        "coordinates": "31.742644,34.981608",
        "nearest_building_dist_m": 0.0,
        "newly_covered_buildings": 14,
        "newly_covered_people_est": 98
      }
    },
    {
      "type": "Feature",
      "geometry": {
        "type": "Point",
        "coordinates": [
          34.987969011760285,
          31.74203610563619
        ]
      },
      "properties": {
        "rank": 49,
        "distance_metric": "euclidean",
        "placement_mode": "exact",
        "placement_semantics": "exact_point",
        "shelter_id": 898,
        "candidate_source": "network_nodes",
        "time_bucket": "5min",
        "time_seconds": 300,
        "coordinates": "31.742036,34.987969",
        "nearest_building_dist_m": 17.53,
        "newly_covered_buildings": 14,
        "newly_covered_people_est": 98
      }
    },
    {
      "type": "Feature",
      "geometry": {
        "type": "Point",
        "coordinates": [
          34.99645081514619,
          31.746552811831528
        ]
      },
      "properties": {
        "rank": 50,
        "distance_metric": "euclidean",
        "placement_mode": "exact",
        "placement_semantics": "exact_point",
        "shelter_id": 926,
        "candidate_source": "network_nodes",
        "time_bucket": "5min",
        "time_seconds": 300,
        "coordinates": "31.746553,34.996451",
        "nearest_building_dist_m": 27.89,
        "newly_covered_buildings": 14,
        "newly_covered_people_est": 98
      }
    },
    {
      "type": "Feature",
      "geometry": {
        "type": "Point",
        "coordinates": [
          34.99695604226238,
          31.71120656398874
        ]
      },
      "properties": {
        "rank": 51,
        "distance_metric": "euclidean",
        "placement_mode": "exact",
        "placement_semantics": "exact_point",
        "shelter_id": 40,
        "candidate_source": "buildings",
        "time_bucket": "5min",
        "time_seconds": 300,
        "coordinates": "31.711207,34.996956",
        "nearest_building_dist_m": 0.0,
        "newly_covered_buildings": 13,
        "newly_covered_people_est": 91
      }
    },
    {
      "type": "Feature",
      "geometry": {
        "type": "Point",
        "coordinates": [
          34.97947609947542,
          31.735474200683225
        ]
      },
      "properties": {
        "rank": 52,
        "distance_metric": "euclidean",
        "placement_mode": "exact",
        "placement_semantics": "exact_point",
        "shelter_id": 119,
        "candidate_source": "network_nodes",
        "time_bucket": "5min",
        "time_seconds": 300,
        "coordinates": "31.735474,34.979476",
        "nearest_building_dist_m": 25.04,
        "newly_covered_buildings": 13,
        "newly_covered_people_est": 91
      }
    },
    {
      "type": "Feature",
      "geometry": {
        "type": "Point",
        "coordinates": [
          34.99291329947317,
          31.71048980068666
        ]
      },
      "properties": {
        "rank": 53,
        "distance_metric": "euclidean",
        "placement_mode": "exact",
        "placement_semantics": "exact_point",
        "shelter_id": 619,
        "candidate_source": "network_nodes",
        "time_bucket": "5min",
        "time_seconds": 300,
        "coordinates": "31.710490,34.992913",
        "nearest_building_dist_m": 23.88,
        "newly_covered_buildings": 13,
        "newly_covered_people_est": 91
      }
    },
    {
      "type": "Feature",
      "geometry": {
        "type": "Point",
        "coordinates": [
          34.99525979947289,
          31.707783400687084
        ]
      },
      "properties": {
        "rank": 54,
        "distance_metric": "euclidean",
        "placement_mode": "exact",
        "placement_semantics": "exact_point",
        "shelter_id": 643,
        "candidate_source": "network_nodes",
        "time_bucket": "5min",
        "time_seconds": 300,
        "coordinates": "31.707783,34.995260",
        "nearest_building_dist_m": 31.16,
        "newly_covered_buildings": 13,
        "newly_covered_people_est": 91
      }
    },
    {
      "type": "Feature",
      "geometry": {
        "type": "Point",
        "coordinates": [
          34.976758092962704,
          31.70483922520026
        ]
      },
      "properties": {
        "rank": 55,
        "distance_metric": "euclidean",
        "placement_mode": "exact",
        "placement_semantics": "exact_point",
        "shelter_id": 10,
        "candidate_source": "buildings",
        "time_bucket": "5min",
        "time_seconds": 300,
        "coordinates": "31.704839,34.976758",
        "nearest_building_dist_m": 0.0,
        "newly_covered_buildings": 12,
        "newly_covered_people_est": 84
      }
    },
    {
      "type": "Feature",
      "geometry": {
        "type": "Point",
        "coordinates": [
          34.98827189947281,
          31.703273200687125
        ]
      },
      "properties": {
        "rank": 56,
        "distance_metric": "euclidean",
        "placement_mode": "exact",
        "placement_semantics": "exact_point",
        "shelter_id": 380,
        "candidate_source": "network_nodes",
        "time_bucket": "5min",
        "time_seconds": 300,
        "coordinates": "31.703273,34.988272",
        "nearest_building_dist_m": 41.73,
        "newly_covered_buildings": 12,
        "newly_covered_people_est": 84
      }
    },
    {
      "type": "Feature",
      "geometry": {
        "type": "Point",
        "coordinates": [
          35.00338849947294,
          31.712269500687107
        ]
      },
      "properties": {
        "rank": 57,
        "distance_metric": "euclidean",
        "placement_mode": "exact",
        "placement_semantics": "exact_point",
        "shelter_id": 391,
        "candidate_source": "network_nodes",
        "time_bucket": "5min",
        "time_seconds": 300,
        "coordinates": "31.712270,35.003388",
        "nearest_building_dist_m": 35.04,
        "newly_covered_buildings": 12,
        "newly_covered_people_est": 84
      }
    },
    {
      "type": "Feature",
      "geometry": {
        "type": "Point",
        "coordinates": [
          35.003422099472736,
          31.709280100687412
        ]
      },
      "properties": {
        "rank": 58,
        "distance_metric": "euclidean",
        "placement_mode": "exact",
        "placement_semantics": "exact_point",
        "shelter_id": 401,
        "candidate_source": "network_nodes",
        "time_bucket": "5min",
        "time_seconds": 300,
        "coordinates": "31.709280,35.003422",
        "nearest_building_dist_m": 17.25,
        "newly_covered_buildings": 12,
        "newly_covered_people_est": 84
      }
    },
    {
      "type": "Feature",
      "geometry": {
        "type": "Point",
        "coordinates": [
          34.995409899473174,
          31.7115444006867
        ]
      },
      "properties": {
        "rank": 59,
        "distance_metric": "euclidean",
        "placement_mode": "exact",
        "placement_semantics": "exact_point",
        "shelter_id": 582,
        "candidate_source": "network_nodes",
        "time_bucket": "5min",
        "time_seconds": 300,
        "coordinates": "31.711544,34.995410",
        "nearest_building_dist_m": 24.18,
        "newly_covered_buildings": 12,
        "newly_covered_people_est": 84
      }
    },
    {
      "type": "Feature",
      "geometry": {
        "type": "Point",
        "coordinates": [
          34.982695106003916,
          31.70505698831071
        ]
      },
      "properties": {
        "rank": 60,
        "distance_metric": "euclidean",
        "placement_mode": "exact",
        "placement_semantics": "exact_point",
        "shelter_id": 832,
        "candidate_source": "network_nodes",
        "time_bucket": "5min",
        "time_seconds": 300,
        "coordinates": "31.705057,34.982695",
        "nearest_building_dist_m": 12.16,
        "newly_covered_buildings": 12,
        "newly_covered_people_est": 84
      }
    },
    {
      "type": "Feature",
      "geometry": {
        "type": "Point",
        "coordinates": [
          34.99124272106754,
          31.714721347496727
        ]
      },
      "properties": {
        "rank": 61,
        "distance_metric": "euclidean",
        "placement_mode": "exact",
        "placement_semantics": "exact_point",
        "shelter_id": 850,
        "candidate_source": "network_nodes",
        "time_bucket": "5min",
        "time_seconds": 300,
        "coordinates": "31.714721,34.991243",
        "nearest_building_dist_m": 19.85,
        "newly_covered_buildings": 12,
        "newly_covered_people_est": 84
      }
    },
    {
      "type": "Feature",
      "geometry": {
        "type": "Point",
        "coordinates": [
          34.983297988802285,
          31.70337990346077
        ]
      },
      "properties": {
        "rank": 62,
        "distance_metric": "euclidean",
        "placement_mode": "exact",
        "placement_semantics": "exact_point",
        "shelter_id": 36,
        "candidate_source": "buildings",
        "time_bucket": "5min",
        "time_seconds": 300,
        "coordinates": "31.703380,34.983298",
        "nearest_building_dist_m": 0.0,
        "newly_covered_buildings": 11,
        "newly_covered_people_est": 77
      }
    },
    {
      "type": "Feature",
      "geometry": {
        "type": "Point",
        "coordinates": [
          34.98907029947344,
          31.71252070068621
        ]
      },
      "properties": {
        "rank": 63,
        "distance_metric": "euclidean",
        "placement_mode": "exact",
        "placement_semantics": "exact_point",
        "shelter_id": 364,
        "candidate_source": "network_nodes",
        "time_bucket": "5min",
        "time_seconds": 300,
        "coordinates": "31.712521,34.989070",
        "nearest_building_dist_m": 44.04,
        "newly_covered_buildings": 11,
        "newly_covered_people_est": 77
      }
    },
    {
      "type": "Feature",
      "geometry": {
        "type": "Point",
        "coordinates": [
          35.000575399473306,
          31.715646200686585
        ]
      },
      "properties": {
        "rank": 64,
        "distance_metric": "euclidean",
        "placement_mode": "exact",
        "placement_semantics": "exact_point",
        "shelter_id": 676,
        "candidate_source": "network_nodes",
        "time_bucket": "5min",
        "time_seconds": 300,
        "coordinates": "31.715646,35.000575",
        "nearest_building_dist_m": 30.46,
        "newly_covered_buildings": 11,
        "newly_covered_people_est": 77
      }
    },
    {
      "type": "Feature",
      "geometry": {
        "type": "Point",
        "coordinates": [
          34.99295696940652,
          31.715254132124176
        ]
      },
      "properties": {
        "rank": 65,
        "distance_metric": "euclidean",
        "placement_mode": "exact",
        "placement_semantics": "exact_point",
        "shelter_id": 854,
        "candidate_source": "network_nodes",
        "time_bucket": "5min",
        "time_seconds": 300,
        "coordinates": "31.715254,34.992957",
        "nearest_building_dist_m": 24.61,
        "newly_covered_buildings": 11,
        "newly_covered_people_est": 77
      }
    },
    {
      "type": "Feature",
      "geometry": {
        "type": "Point",
        "coordinates": [
          34.99362957301336,
          31.70335393005163
        ]
      },
      "properties": {
        "rank": 66,
        "distance_metric": "euclidean",
        "placement_mode": "exact",
        "placement_semantics": "exact_point",
        "shelter_id": 955,
        "candidate_source": "network_nodes",
        "time_bucket": "5min",
        "time_seconds": 300,
        "coordinates": "31.703354,34.993630",
        "nearest_building_dist_m": 17.84,
        "newly_covered_buildings": 11,
        "newly_covered_people_est": 77
      }
    },
    {
      "type": "Feature",
      "geometry": {
        "type": "Point",
        "coordinates": [
          34.9913035387803,
          31.75362416697486
        ]
      },
      "properties": {
        "rank": 67,
        "distance_metric": "euclidean",
        "placement_mode": "exact",
        "placement_semantics": "exact_point",
        "shelter_id": 31,
        "candidate_source": "buildings",
        "time_bucket": "5min",
        "time_seconds": 300,
        "coordinates": "31.753624,34.991304",
        "nearest_building_dist_m": 0.0,
        "newly_covered_buildings": 10,
        "newly_covered_people_est": 70
      }
    },
    {
      "type": "Feature",
      "geometry": {
        "type": "Point",
        "coordinates": [
          34.99278004085571,
          31.712780651049755
        ]
      },
      "properties": {
        "rank": 68,
        "distance_metric": "euclidean",
        "placement_mode": "exact",
        "placement_semantics": "exact_point",
        "shelter_id": 86,
        "candidate_source": "buildings",
        "time_bucket": "5min",
        "time_seconds": 300,
        "coordinates": "31.712781,34.992780",
        "nearest_building_dist_m": 0.0,
        "newly_covered_buildings": 10,
        "newly_covered_people_est": 70
      }
    },
    {
      "type": "Feature",
      "geometry": {
        "type": "Point",
        "coordinates": [
          34.995019388331286,
          31.72807073052606
        ]
      },
      "properties": {
        "rank": 69,
        "distance_metric": "euclidean",
        "placement_mode": "exact",
        "placement_semantics": "exact_point",
        "shelter_id": 101,
        "candidate_source": "buildings",
        "time_bucket": "5min",
        "time_seconds": 300,
        "coordinates": "31.728071,34.995019",
        "nearest_building_dist_m": 0.0,
        "newly_covered_buildings": 10,
        "newly_covered_people_est": 70
      }
    },
    {
      "type": "Feature",
      "geometry": {
        "type": "Point",
        "coordinates": [
          35.00189099947287,
          31.710446200687194
        ]
      },
      "properties": {
        "rank": 70,
        "distance_metric": "euclidean",
        "placement_mode": "exact",
        "placement_semantics": "exact_point",
        "shelter_id": 648,
        "candidate_source": "network_nodes",
        "time_bucket": "5min",
        "time_seconds": 300,
        "coordinates": "31.710446,35.001891",
        "nearest_building_dist_m": 54.79,
        "newly_covered_buildings": 10,
        "newly_covered_people_est": 70
      }
    },
    {
      "type": "Feature",
      "geometry": {
        "type": "Point",
        "coordinates": [
          34.99057098997228,
          31.715869267272208
        ]
      },
      "properties": {
        "rank": 71,
        "distance_metric": "euclidean",
        "placement_mode": "exact",
        "placement_semantics": "exact_point",
        "shelter_id": 855,
        "candidate_source": "network_nodes",
        "time_bucket": "5min",
        "time_seconds": 300,
        "coordinates": "31.715869,34.990571",
        "nearest_building_dist_m": 31.47,
        "newly_covered_buildings": 10,
        "newly_covered_people_est": 70
      }
    },
    {
      "type": "Feature",
      "geometry": {
        "type": "Point",
        "coordinates": [
          34.97440441403704,
          31.73992346330196
        ]
      },
      "properties": {
        "rank": 72,
        "distance_metric": "euclidean",
        "placement_mode": "exact",
        "placement_semantics": "exact_point",
        "shelter_id": 892,
        "candidate_source": "network_nodes",
        "time_bucket": "5min",
        "time_seconds": 300,
        "coordinates": "31.739923,34.974404",
        "nearest_building_dist_m": 20.37,
        "newly_covered_buildings": 10,
        "newly_covered_people_est": 70
      }
    },
    {
      "type": "Feature",
      "geometry": {
        "type": "Point",
        "coordinates": [
          34.97552768091584,
          31.74434306473279
        ]
      },
      "properties": {
        "rank": 73,
        "distance_metric": "euclidean",
        "placement_mode": "exact",
        "placement_semantics": "exact_point",
        "shelter_id": 60,
        "candidate_source": "buildings",
        "time_bucket": "5min",
        "time_seconds": 300,
        "coordinates": "31.744343,34.975528",
        "nearest_building_dist_m": 0.0,
        "newly_covered_buildings": 9,
        "newly_covered_people_est": 63
      }
    },
    {
      "type": "Feature",
      "geometry": {
        "type": "Point",
        "coordinates": [
          34.98905197063075,
          31.723218483427022
        ]
      },
      "properties": {
        "rank": 74,
        "distance_metric": "euclidean",
        "placement_mode": "exact",
        "placement_semantics": "exact_point",
        "shelter_id": 78,
        "candidate_source": "buildings",
        "time_bucket": "5min",
        "time_seconds": 300,
        "coordinates": "31.723218,34.989052",
        "nearest_building_dist_m": 0.0,
        "newly_covered_buildings": 9,
        "newly_covered_people_est": 63
      }
    },
    {
      "type": "Feature",
      "geometry": {
        "type": "Point",
        "coordinates": [
          34.994526088980834,
          31.736833913638026
        ]
      },
      "properties": {
        "rank": 75,
        "distance_metric": "euclidean",
        "placement_mode": "exact",
        "placement_semantics": "exact_point",
        "shelter_id": 80,
        "candidate_source": "buildings",
        "time_bucket": "5min",
        "time_seconds": 300,
        "coordinates": "31.736834,34.994526",
        "nearest_building_dist_m": 0.0,
        "newly_covered_buildings": 9,
        "newly_covered_people_est": 63
      }
    },
    {
      "type": "Feature",
      "geometry": {
        "type": "Point",
        "coordinates": [
          34.985048499474054,
          31.7189652006853
        ]
      },
      "properties": {
        "rank": 76,
        "distance_metric": "euclidean",
        "placement_mode": "exact",
        "placement_semantics": "exact_point",
        "shelter_id": 406,
        "candidate_source": "network_nodes",
        "time_bucket": "5min",
        "time_seconds": 300,
        "coordinates": "31.718965,34.985048",
        "nearest_building_dist_m": 31.28,
        "newly_covered_buildings": 9,
        "newly_covered_people_est": 63
      }
    },
    {
      "type": "Feature",
      "geometry": {
        "type": "Point",
        "coordinates": [
          34.98309729947324,
          31.706885500686433
        ]
      },
      "properties": {
        "rank": 77,
        "distance_metric": "euclidean",
        "placement_mode": "exact",
        "placement_semantics": "exact_point",
        "shelter_id": 440,
        "candidate_source": "network_nodes",
        "time_bucket": "5min",
        "time_seconds": 300,
        "coordinates": "31.706886,34.983097",
        "nearest_building_dist_m": 29.48,
        "newly_covered_buildings": 9,
        "newly_covered_people_est": 63
      }
    },
    {
      "type": "Feature",
      "geometry": {
        "type": "Point",
        "coordinates": [
          34.976233740857616,
          31.745057961966765
        ]
      },
      "properties": {
        "rank": 78,
        "distance_metric": "euclidean",
        "placement_mode": "exact",
        "placement_semantics": "exact_point",
        "shelter_id": 916,
        "candidate_source": "network_nodes",
        "time_bucket": "5min",
        "time_seconds": 300,
        "coordinates": "31.745058,34.976234",
        "nearest_building_dist_m": 17.88,
        "newly_covered_buildings": 9,
        "newly_covered_people_est": 63
      }
    },
    {
      "type": "Feature",
      "geometry": {
        "type": "Point",
        "coordinates": [
          34.98870950037014,
          31.714466730183645
        ]
      },
      "properties": {
        "rank": 79,
        "distance_metric": "euclidean",
        "placement_mode": "exact",
        "placement_semantics": "exact_point",
        "shelter_id": 5,
        "candidate_source": "buildings",
        "time_bucket": "5min",
        "time_seconds": 300,
        "coordinates": "31.714467,34.988710",
        "nearest_building_dist_m": 0.0,
        "newly_covered_buildings": 8,
        "newly_covered_people_est": 56
      }
    },
    {
      "type": "Feature",
      "geometry": {
        "type": "Point",
        "coordinates": [
          34.986429548520384,
          31.704415488792243
        ]
      },
      "properties": {
        "rank": 80,
        "distance_metric": "euclidean",
        "placement_mode": "exact",
        "placement_semantics": "exact_point",
        "shelter_id": 9,
        "candidate_source": "buildings",
        "time_bucket": "5min",
        "time_seconds": 300,
        "coordinates": "31.704415,34.986430",
        "nearest_building_dist_m": 0.0,
        "newly_covered_buildings": 8,
        "newly_covered_people_est": 56
      }
    },
    {
      "type": "Feature",
      "geometry": {
        "type": "Point",
        "coordinates": [
          34.98926179150599,
          31.741587093339152
        ]
      },
      "properties": {
        "rank": 81,
        "distance_metric": "euclidean",
        "placement_mode": "exact",
        "placement_semantics": "exact_point",
        "shelter_id": 59,
        "candidate_source": "buildings",
        "time_bucket": "5min",
        "time_seconds": 300,
        "coordinates": "31.741587,34.989262",
        "nearest_building_dist_m": 0.0,
        "newly_covered_buildings": 8,
        "newly_covered_people_est": 56
      }
    },
    {
      "type": "Feature",
      "geometry": {
        "type": "Point",
        "coordinates": [
          34.99141754171092,
          31.73053469592718
        ]
      },
      "properties": {
        "rank": 82,
        "distance_metric": "euclidean",
        "placement_mode": "exact",
        "placement_semantics": "exact_point",
        "shelter_id": 73,
        "candidate_source": "buildings",
        "time_bucket": "5min",
        "time_seconds": 300,
        "coordinates": "31.730535,34.991418",
        "nearest_building_dist_m": 0.0,
        "newly_covered_buildings": 8,
        "newly_covered_people_est": 56
      }
    },
    {
      "type": "Feature",
      "geometry": {
        "type": "Point",
        "coordinates": [
          34.996868678567225,
          31.738973509497267
        ]
      },
      "properties": {
        "rank": 83,
        "distance_metric": "euclidean",
        "placement_mode": "exact",
        "placement_semantics": "exact_point",
        "shelter_id": 90,
        "candidate_source": "buildings",
        "time_bucket": "5min",
        "time_seconds": 300,
        "coordinates": "31.738974,34.996869",
        "nearest_building_dist_m": 0.0,
        "newly_covered_buildings": 8,
        "newly_covered_people_est": 56
      }
    },
    {
      "type": "Feature",
      "geometry": {
        "type": "Point",
        "coordinates": [
          34.99325239947452,
          31.729304600684717
        ]
      },
      "properties": {
        "rank": 84,
        "distance_metric": "euclidean",
        "placement_mode": "exact",
        "placement_semantics": "exact_point",
        "shelter_id": 136,
        "candidate_source": "network_nodes",
        "time_bucket": "5min",
        "time_seconds": 300,
        "coordinates": "31.729305,34.993252",
        "nearest_building_dist_m": 36.62,
        "newly_covered_buildings": 8,
        "newly_covered_people_est": 56
      }
    },
    {
      "type": "Feature",
      "geometry": {
        "type": "Point",
        "coordinates": [
          34.996289599476164,
          31.753354700682376
        ]
      },
      "properties": {
        "rank": 85,
        "distance_metric": "euclidean",
        "placement_mode": "exact",
        "placement_semantics": "exact_point",
        "shelter_id": 187,
        "candidate_source": "network_nodes",
        "time_bucket": "5min",
        "time_seconds": 300,
        "coordinates": "31.753355,34.996290",
        "nearest_building_dist_m": 57.25,
        "newly_covered_buildings": 8,
        "newly_covered_people_est": 56
      }
    },
    {
      "type": "Feature",
      "geometry": {
        "type": "Point",
        "coordinates": [
          34.98452259947295,
          31.70373970068684
        ]
      },
      "properties": {
        "rank": 86,
        "distance_metric": "euclidean",
        "placement_mode": "exact",
        "placement_semantics": "exact_point",
        "shelter_id": 308,
        "candidate_source": "network_nodes",
        "time_bucket": "5min",
        "time_seconds": 300,
        "coordinates": "31.703740,34.984523",
        "nearest_building_dist_m": 46.79,
        "newly_covered_buildings": 8,
        "newly_covered_people_est": 56
      }
    },
    {
      "type": "Feature",
      "geometry": {
        "type": "Point",
        "coordinates": [
          34.99363029947251,
          31.70168110068762
        ]
      },
      "properties": {
        "rank": 87,
        "distance_metric": "euclidean",
        "placement_mode": "exact",
        "placement_semantics": "exact_point",
        "shelter_id": 431,
        "candidate_source": "network_nodes",
        "time_bucket": "5min",
        "time_seconds": 300,
        "coordinates": "31.701681,34.993630",
        "nearest_building_dist_m": 41.11,
        "newly_covered_buildings": 8,
        "newly_covered_people_est": 56
      }
    },
    {
      "type": "Feature",
      "geometry": {
        "type": "Point",
        "coordinates": [
          34.991933599472745,
          31.704187400687264
        ]
      },
      "properties": {
        "rank": 88,
        "distance_metric": "euclidean",
        "placement_mode": "exact",
        "placement_semantics": "exact_point",
        "shelter_id": 432,
        "candidate_source": "network_nodes",
        "time_bucket": "5min",
        "time_seconds": 300,
        "coordinates": "31.704187,34.991934",
        "nearest_building_dist_m": 27.17,
        "newly_covered_buildings": 8,
        "newly_covered_people_est": 56
      }
    },
    {
      "type": "Feature",
      "geometry": {
        "type": "Point",
        "coordinates": [
          34.973862099473315,
          31.70368170068621
        ]
      },
      "properties": {
        "rank": 89,
        "distance_metric": "euclidean",
        "placement_mode": "exact",
        "placement_semantics": "exact_point",
        "shelter_id": 491,
        "candidate_source": "network_nodes",
        "time_bucket": "5min",
        "time_seconds": 300,
        "coordinates": "31.703682,34.973862",
        "nearest_building_dist_m": 45.1,
        "newly_covered_buildings": 8,
        "newly_covered_people_est": 56
      }
    },
    {
      "type": "Feature",
      "geometry": {
        "type": "Point",
        "coordinates": [
          34.991144399472894,
          31.705787200687055
        ]
      },
      "properties": {
        "rank": 90,
        "distance_metric": "euclidean",
        "placement_mode": "exact",
        "placement_semantics": "exact_point",
        "shelter_id": 540,
        "candidate_source": "network_nodes",
        "time_bucket": "5min",
        "time_seconds": 300,
        "coordinates": "31.705787,34.991144",
        "nearest_building_dist_m": 57.51,
        "newly_covered_buildings": 8,
        "newly_covered_people_est": 56
      }
    },
    {
      "type": "Feature",
      "geometry": {
        "type": "Point",
        "coordinates": [
          34.98852299947269,
          31.701880400687287
        ]
      },
      "properties": {
        "rank": 91,
        "distance_metric": "euclidean",
        "placement_mode": "exact",
        "placement_semantics": "exact_point",
        "shelter_id": 720,
        "candidate_source": "network_nodes",
        "time_bucket": "5min",
        "time_seconds": 300,
        "coordinates": "31.701880,34.988523",
        "nearest_building_dist_m": 52.49,
        "newly_covered_buildings": 8,
        "newly_covered_people_est": 56
      }
    },
    {
      "type": "Feature",
      "geometry": {
        "type": "Point",
        "coordinates": [
          34.99895065151022,
          31.746236074489705
        ]
      },
      "properties": {
        "rank": 92,
        "distance_metric": "euclidean",
        "placement_mode": "exact",
        "placement_semantics": "exact_point",
        "shelter_id": 781,
        "candidate_source": "network_nodes",
        "time_bucket": "5min",
        "time_seconds": 300,
        "coordinates": "31.746236,34.998951",
        "nearest_building_dist_m": 5.39,
        "newly_covered_buildings": 8,
        "newly_covered_people_est": 56
      }
    },
    {
      "type": "Feature",
      "geometry": {
        "type": "Point",
        "coordinates": [
          34.99210970281401,
          31.717019668421095
        ]
      },
      "properties": {
        "rank": 93,
        "distance_metric": "euclidean",
        "placement_mode": "exact",
        "placement_semantics": "exact_point",
        "shelter_id": 859,
        "candidate_source": "network_nodes",
        "time_bucket": "5min",
        "time_seconds": 300,
        "coordinates": "31.717020,34.992110",
        "nearest_building_dist_m": 25.35,
        "newly_covered_buildings": 8,
        "newly_covered_people_est": 56
      }
    },
    {
      "type": "Feature",
      "geometry": {
        "type": "Point",
        "coordinates": [
          34.99270409947417,
          31.72440510068518
        ]
      },
      "properties": {
        "rank": 94,
        "distance_metric": "euclidean",
        "placement_mode": "exact",
        "placement_semantics": "exact_point",
        "shelter_id": 870,
        "candidate_source": "network_nodes",
        "time_bucket": "5min",
        "time_seconds": 300,
        "coordinates": "31.724405,34.992704",
        "nearest_building_dist_m": 19.02,
        "newly_covered_buildings": 8,
        "newly_covered_people_est": 56
      }
    },
    {
      "type": "Feature",
      "geometry": {
        "type": "Point",
        "coordinates": [
          34.97314334738392,
          31.70626388685445
        ]
      },
      "properties": {
        "rank": 95,
        "distance_metric": "euclidean",
        "placement_mode": "exact",
        "placement_semantics": "exact_point",
        "shelter_id": 957,
        "candidate_source": "network_nodes",
        "time_bucket": "5min",
        "time_seconds": 300,
        "coordinates": "31.706264,34.973143",
        "nearest_building_dist_m": 17.3,
        "newly_covered_buildings": 8,
        "newly_covered_people_est": 56
      }
    },
    {
      "type": "Feature",
      "geometry": {
        "type": "Point",
        "coordinates": [
          34.99990868059446,
          31.744713812355375
        ]
      },
      "properties": {
        "rank": 96,
        "distance_metric": "euclidean",
        "placement_mode": "exact",
        "placement_semantics": "exact_point",
        "shelter_id": 11,
        "candidate_source": "buildings",
        "time_bucket": "5min",
        "time_seconds": 300,
        "coordinates": "31.744714,34.999909",
        "nearest_building_dist_m": 0.0,
        "newly_covered_buildings": 7,
        "newly_covered_people_est": 49
      }
    },
    {
      "type": "Feature",
      "geometry": {
        "type": "Point",
        "coordinates": [
          34.98054803657563,
          31.747943661014425
        ]
      },
      "properties": {
        "rank": 97,
        "distance_metric": "euclidean",
        "placement_mode": "exact",
        "placement_semantics": "exact_point",
        "shelter_id": 32,
        "candidate_source": "buildings",
        "time_bucket": "5min",
        "time_seconds": 300,
        "coordinates": "31.747944,34.980548",
        "nearest_building_dist_m": 0.0,
        "newly_covered_buildings": 7,
        "newly_covered_people_est": 49
      }
    },
    {
      "type": "Feature",
      "geometry": {
        "type": "Point",
        "coordinates": [
          34.98229530370499,
          31.715042721150866
        ]
      },
      "properties": {
        "rank": 98,
        "distance_metric": "euclidean",
        "placement_mode": "exact",
        "placement_semantics": "exact_point",
        "shelter_id": 47,
        "candidate_source": "buildings",
        "time_bucket": "5min",
        "time_seconds": 300,
        "coordinates": "31.715043,34.982295",
        "nearest_building_dist_m": 0.0,
        "newly_covered_buildings": 7,
        "newly_covered_people_est": 49
      }
    },
    {
      "type": "Feature",
      "geometry": {
        "type": "Point",
        "coordinates": [
          34.99187608368215,
          31.745698400231966
        ]
      },
      "properties": {
        "rank": 99,
        "distance_metric": "euclidean",
        "placement_mode": "exact",
        "placement_semantics": "exact_point",
        "shelter_id": 76,
        "candidate_source": "buildings",
        "time_bucket": "5min",
        "time_seconds": 300,
        "coordinates": "31.745698,34.991876",
        "nearest_building_dist_m": 0.0,
        "newly_covered_buildings": 7,
        "newly_covered_people_est": 49
      }
    },
    {
      "type": "Feature",
      "geometry": {
        "type": "Point",
        "coordinates": [
          34.98650879947643,
          31.752849200681833
        ]
      },
      "properties": {
        "rank": 100,
        "distance_metric": "euclidean",
        "placement_mode": "exact",
        "placement_semantics": "exact_point",
        "shelter_id": 117,
        "candidate_source": "network_nodes",
        "time_bucket": "5min",
        "time_seconds": 300,
        "coordinates": "31.752849,34.986509",
        "nearest_building_dist_m": 33.4,
        "newly_covered_buildings": 7,
        "newly_covered_people_est": 49
      }
    },
    {
      "type": "Feature",
      "geometry": {
        "type": "Point",
        "coordinates": [
          34.98234619947627,
          31.748218700682074
        ]
      },
      "properties": {
        "rank": 101,
        "distance_metric": "euclidean",
        "placement_mode": "exact",
        "placement_semantics": "exact_point",
        "shelter_id": 145,
        "candidate_source": "network_nodes",
        "time_bucket": "5min",
        "time_seconds": 300,
        "coordinates": "31.748219,34.982346",
        "nearest_building_dist_m": 46.61,
        "newly_covered_buildings": 7,
        "newly_covered_people_est": 49
      }
    },
    {
      "type": "Feature",
      "geometry": {
        "type": "Point",
        "coordinates": [
          34.99276269947555,
          31.74319670068323
        ]
      },
      "properties": {
        "rank": 102,
        "distance_metric": "euclidean",
        "placement_mode": "exact",
        "placement_semantics": "exact_point",
        "shelter_id": 165,
        "candidate_source": "network_nodes",
        "time_bucket": "5min",
        "time_seconds": 300,
        "coordinates": "31.743197,34.992763",
        "nearest_building_dist_m": 59.16,
        "newly_covered_buildings": 7,
        "newly_covered_people_est": 49
      }
    },
    {
      "type": "Feature",
      "geometry": {
        "type": "Point",
        "coordinates": [
          34.9845455994757,
          31.741859500682875
        ]
      },
      "properties": {
        "rank": 103,
        "distance_metric": "euclidean",
        "placement_mode": "exact",
        "placement_semantics": "exact_point",
        "shelter_id": 248,
        "candidate_source": "network_nodes",
        "time_bucket": "5min",
        "time_seconds": 300,
        "coordinates": "31.741860,34.984546",
        "nearest_building_dist_m": 36.23,
        "newly_covered_buildings": 7,
        "newly_covered_people_est": 49
      }
    },
    {
      "type": "Feature",
      "geometry": {
        "type": "Point",
        "coordinates": [
          34.988820899473076,
          31.707353000686737
        ]
      },
      "properties": {
        "rank": 104,
        "distance_metric": "euclidean",
        "placement_mode": "exact",
        "placement_semantics": "exact_point",
        "shelter_id": 316,
        "candidate_source": "network_nodes",
        "time_bucket": "5min",
        "time_seconds": 300,
        "coordinates": "31.707353,34.988821",
        "nearest_building_dist_m": 37.05,
        "newly_covered_buildings": 7,
        "newly_covered_people_est": 49
      }
    },
    {
      "type": "Feature",
      "geometry": {
        "type": "Point",
        "coordinates": [
          34.9915371994732,
          31.710341100686595
        ]
      },
      "properties": {
        "rank": 105,
        "distance_metric": "euclidean",
        "placement_mode": "exact",
        "placement_semantics": "exact_point",
        "shelter_id": 561,
        "candidate_source": "network_nodes",
        "time_bucket": "5min",
        "time_seconds": 300,
        "coordinates": "31.710341,34.991537",
        "nearest_building_dist_m": 38.67,
        "newly_covered_buildings": 7,
        "newly_covered_people_est": 49
      }
    },
    {
      "type": "Feature",
      "geometry": {
        "type": "Point",
        "coordinates": [
          34.997154351650906,
          31.73586832695279
        ]
      },
      "properties": {
        "rank": 106,
        "distance_metric": "euclidean",
        "placement_mode": "exact",
        "placement_semantics": "exact_point",
        "shelter_id": 768,
        "candidate_source": "network_nodes",
        "time_bucket": "5min",
        "time_seconds": 300,
        "coordinates": "31.735868,34.997154",
        "nearest_building_dist_m": 17.55,
        "newly_covered_buildings": 7,
        "newly_covered_people_est": 49
      }
    },
    {
      "type": "Feature",
      "geometry": {
        "type": "Point",
        "coordinates": [
          34.996016655592314,
          31.7171900502599
        ]
      },
      "properties": {
        "rank": 107,
        "distance_metric": "euclidean",
        "placement_mode": "exact",
        "placement_semantics": "exact_point",
        "shelter_id": 795,
        "candidate_source": "network_nodes",
        "time_bucket": "5min",
        "time_seconds": 300,
        "coordinates": "31.717190,34.996017",
        "nearest_building_dist_m": 25.28,
        "newly_covered_buildings": 7,
        "newly_covered_people_est": 49
      }
    },
    {
      "type": "Feature",
      "geometry": {
        "type": "Point",
        "coordinates": [
          34.97890565962112,
          31.743170751827748
        ]
      },
      "properties": {
        "rank": 108,
        "distance_metric": "euclidean",
        "placement_mode": "exact",
        "placement_semantics": "exact_point",
        "shelter_id": 796,
        "candidate_source": "network_nodes",
        "time_bucket": "5min",
        "time_seconds": 300,
        "coordinates": "31.743171,34.978906",
        "nearest_building_dist_m": 14.11,
        "newly_covered_buildings": 7,
        "newly_covered_people_est": 49
      }
    },
    {
      "type": "Feature",
      "geometry": {
        "type": "Point",
        "coordinates": [
          34.990184429423174,
          31.740114698542587
        ]
      },
      "properties": {
        "rank": 109,
        "distance_metric": "euclidean",
        "placement_mode": "exact",
        "placement_semantics": "exact_point",
        "shelter_id": 813,
        "candidate_source": "network_nodes",
        "time_bucket": "5min",
        "time_seconds": 300,
        "coordinates": "31.740115,34.990184",
        "nearest_building_dist_m": 22.28,
        "newly_covered_buildings": 7,
        "newly_covered_people_est": 49
      }
    },
    {
      "type": "Feature",
      "geometry": {
        "type": "Point",
        "coordinates": [
          34.997174031709335,
          31.71480296702022
        ]
      },
      "properties": {
        "rank": 110,
        "distance_metric": "euclidean",
        "placement_mode": "exact",
        "placement_semantics": "exact_point",
        "shelter_id": 849,
        "candidate_source": "network_nodes",
        "time_bucket": "5min",
        "time_seconds": 300,
        "coordinates": "31.714803,34.997174",
        "nearest_building_dist_m": 23.7,
        "newly_covered_buildings": 7,
        "newly_covered_people_est": 49
      }
    },
    {
      "type": "Feature",
      "geometry": {
        "type": "Point",
        "coordinates": [
          34.9824314207435,
          31.741290778760057
        ]
      },
      "properties": {
        "rank": 111,
        "distance_metric": "euclidean",
        "placement_mode": "exact",
        "placement_semantics": "exact_point",
        "shelter_id": 15,
        "candidate_source": "buildings",
        "time_bucket": "5min",
        "time_seconds": 300,
        "coordinates": "31.741291,34.982431",
        "nearest_building_dist_m": 0.0,
        "newly_covered_buildings": 6,
        "newly_covered_people_est": 42
      }
    },
    {
      "type": "Feature",
      "geometry": {
        "type": "Point",
        "coordinates": [
          34.99577628682655,
          31.750055329062565
        ]
      },
      "properties": {
        "rank": 112,
        "distance_metric": "euclidean",
        "placement_mode": "exact",
        "placement_semantics": "exact_point",
        "shelter_id": 22,
        "candidate_source": "buildings",
        "time_bucket": "5min",
        "time_seconds": 300,
        "coordinates": "31.750055,34.995776",
        "nearest_building_dist_m": 0.0,
        "newly_covered_buildings": 6,
        "newly_covered_people_est": 42
      }
    },
    {
      "type": "Feature",
      "geometry": {
        "type": "Point",
        "coordinates": [
          34.999646687098895,
          31.748655481421125
        ]
      },
      "properties": {
        "rank": 113,
        "distance_metric": "euclidean",
        "placement_mode": "exact",
        "placement_semantics": "exact_point",
        "shelter_id": 29,
        "candidate_source": "buildings",
        "time_bucket": "5min",
        "time_seconds": 300,
        "coordinates": "31.748655,34.999647",
        "nearest_building_dist_m": 0.0,
        "newly_covered_buildings": 6,
        "newly_covered_people_est": 42
      }
    },
    {
      "type": "Feature",
      "geometry": {
        "type": "Point",
        "coordinates": [
          34.99213275627054,
          31.747772385106188
        ]
      },
      "properties": {
        "rank": 114,
        "distance_metric": "euclidean",
        "placement_mode": "exact",
        "placement_semantics": "exact_point",
        "shelter_id": 55,
        "candidate_source": "buildings",
        "time_bucket": "5min",
        "time_seconds": 300,
        "coordinates": "31.747772,34.992133",
        "nearest_building_dist_m": 0.0,
        "newly_covered_buildings": 6,
        "newly_covered_people_est": 42
      }
    },
    {
      "type": "Feature",
      "geometry": {
        "type": "Point",
        "coordinates": [
          34.98507571264253,
          31.719981975724256
        ]
      },
      "properties": {
        "rank": 115,
        "distance_metric": "euclidean",
        "placement_mode": "exact",
        "placement_semantics": "exact_point",
        "shelter_id": 116,
        "candidate_source": "buildings",
        "time_bucket": "5min",
        "time_seconds": 300,
        "coordinates": "31.719982,34.985076",
        "nearest_building_dist_m": 0.0,
        "newly_covered_buildings": 6,
        "newly_covered_people_est": 42
      }
    },
    {
      "type": "Feature",
      "geometry": {
        "type": "Point",
        "coordinates": [
          34.97764989947551,
          31.73586030068307
        ]
      },
      "properties": {
        "rank": 116,
        "distance_metric": "euclidean",
        "placement_mode": "exact",
        "placement_semantics": "exact_point",
        "shelter_id": 148,
        "candidate_source": "network_nodes",
        "time_bucket": "5min",
        "time_seconds": 300,
        "coordinates": "31.735860,34.977650",
        "nearest_building_dist_m": 26.83,
        "newly_covered_buildings": 6,
        "newly_covered_people_est": 42
      }
    },
    {
      "type": "Feature",
      "geometry": {
        "type": "Point",
        "coordinates": [
          34.99463409947332,
          31.713294400686472
        ]
      },
      "properties": {
        "rank": 117,
        "distance_metric": "euclidean",
        "placement_mode": "exact",
        "placement_semantics": "exact_point",
        "shelter_id": 240,
        "candidate_source": "network_nodes",
        "time_bucket": "5min",
        "time_seconds": 300,
        "coordinates": "31.713294,34.994634",
        "nearest_building_dist_m": 24.95,
        "newly_covered_buildings": 6,
        "newly_covered_people_est": 42
      }
    },
    {
      "type": "Feature",
      "geometry": {
        "type": "Point",
        "coordinates": [
          34.99163199947345,
          31.713628200686266
        ]
      },
      "properties": {
        "rank": 118,
        "distance_metric": "euclidean",
        "placement_mode": "exact",
        "placement_semantics": "exact_point",
        "shelter_id": 260,
        "candidate_source": "network_nodes",
        "time_bucket": "5min",
        "time_seconds": 300,
        "coordinates": "31.713628,34.991632",
        "nearest_building_dist_m": 35.18,
        "newly_covered_buildings": 6,
        "newly_covered_people_est": 42
      }
    },
    {
      "type": "Feature",
      "geometry": {
        "type": "Point",
        "coordinates": [
          34.96669099947399,
          31.709858900685134
        ]
      },
      "properties": {
        "rank": 119,
        "distance_metric": "euclidean",
        "placement_mode": "exact",
        "placement_semantics": "exact_point",
        "shelter_id": 291,
        "candidate_source": "network_nodes",
        "time_bucket": "5min",
        "time_seconds": 300,
        "coordinates": "31.709859,34.966691",
        "nearest_building_dist_m": 28.64,
        "newly_covered_buildings": 6,
        "newly_covered_people_est": 42
      }
    },
    {
      "type": "Feature",
      "geometry": {
        "type": "Point",
        "coordinates": [
          34.997661999473195,
          31.713122100686665
        ]
      },
      "properties": {
        "rank": 120,
        "distance_metric": "euclidean",
        "placement_mode": "exact",
        "placement_semantics": "exact_point",
        "shelter_id": 450,
        "candidate_source": "network_nodes",
        "time_bucket": "5min",
        "time_seconds": 300,
        "coordinates": "31.713122,34.997662",
        "nearest_building_dist_m": 80.54,
        "newly_covered_buildings": 6,
        "newly_covered_people_est": 42
      }
    },
    {
      "type": "Feature",
      "geometry": {
        "type": "Point",
        "coordinates": [
          34.99202479947248,
          31.70050440068764
        ]
      },
      "properties": {
        "rank": 121,
        "distance_metric": "euclidean",
        "placement_mode": "exact",
        "placement_semantics": "exact_point",
        "shelter_id": 734,
        "candidate_source": "network_nodes",
        "time_bucket": "5min",
        "time_seconds": 300,
        "coordinates": "31.700504,34.992025",
        "nearest_building_dist_m": 29.51,
        "newly_covered_buildings": 6,
        "newly_covered_people_est": 42
      }
    },
    {
      "type": "Feature",
      "geometry": {
        "type": "Point",
        "coordinates": [
          34.97876280321541,
          31.705218005121562
        ]
      },
      "properties": {
        "rank": 122,
        "distance_metric": "euclidean",
        "placement_mode": "exact",
        "placement_semantics": "exact_point",
        "shelter_id": 758,
        "candidate_source": "network_nodes",
        "time_bucket": "5min",
        "time_seconds": 300,
        "coordinates": "31.705218,34.978763",
        "nearest_building_dist_m": 10.77,
        "newly_covered_buildings": 6,
        "newly_covered_people_est": 42
      }
    },
    {
      "type": "Feature",
      "geometry": {
        "type": "Point",
        "coordinates": [
          34.98430754286965,
          31.750649068375647
        ]
      },
      "properties": {
        "rank": 123,
        "distance_metric": "euclidean",
        "placement_mode": "exact",
        "placement_semantics": "exact_point",
        "shelter_id": 773,
        "candidate_source": "network_nodes",
        "time_bucket": "5min",
        "time_seconds": 300,
        "coordinates": "31.750649,34.984308",
        "nearest_building_dist_m": 35.37,
        "newly_covered_buildings": 6,
        "newly_covered_people_est": 42
      }
    },
    {
      "type": "Feature",
      "geometry": {
        "type": "Point",
        "coordinates": [
          34.98947691076558,
          31.73558074054043
        ]
      },
      "properties": {
        "rank": 124,
        "distance_metric": "euclidean",
        "placement_mode": "exact",
        "placement_semantics": "exact_point",
        "shelter_id": 871,
        "candidate_source": "network_nodes",
        "time_bucket": "5min",
        "time_seconds": 300,
        "coordinates": "31.735581,34.989477",
        "nearest_building_dist_m": 18.28,
        "newly_covered_buildings": 6,
        "newly_covered_people_est": 42
      }
    },
    {
      "type": "Feature",
      "geometry": {
        "type": "Point",
        "coordinates": [
          34.988462765178944,
          31.74956920899961
        ]
      },
      "properties": {
        "rank": 125,
        "distance_metric": "euclidean",
        "placement_mode": "exact",
        "placement_semantics": "exact_point",
        "shelter_id": 928,
        "candidate_source": "network_nodes",
        "time_bucket": "5min",
        "time_seconds": 300,
        "coordinates": "31.749569,34.988463",
        "nearest_building_dist_m": 13.5,
        "newly_covered_buildings": 6,
        "newly_covered_people_est": 42
      }
    },
    {
      "type": "Feature",
      "geometry": {
        "type": "Point",
        "coordinates": [
          34.98810007837193,
          31.705784542543874
        ]
      },
      "properties": {
        "rank": 126,
        "distance_metric": "euclidean",
        "placement_mode": "exact",
        "placement_semantics": "exact_point",
        "shelter_id": 13,
        "candidate_source": "buildings",
        "time_bucket": "5min",
        "time_seconds": 300,
        "coordinates": "31.705785,34.988100",
        "nearest_building_dist_m": 0.0,
        "newly_covered_buildings": 5,
        "newly_covered_people_est": 35
      }
    },
    {
      "type": "Feature",
      "geometry": {
        "type": "Point",
        "coordinates": [
          34.99852827830734,
          31.73776200262751
        ]
      },
      "properties": {
        "rank": 127,
        "distance_metric": "euclidean",
        "placement_mode": "exact",
        "placement_semantics": "exact_point",
        "shelter_id": 19,
        "candidate_source": "buildings",
        "time_bucket": "5min",
        "time_seconds": 300,
        "coordinates": "31.737762,34.998528",
        "nearest_building_dist_m": 0.0,
        "newly_covered_buildings": 5,
        "newly_covered_people_est": 35
      }
    },
    {
      "type": "Feature",
      "geometry": {
        "type": "Point",
        "coordinates": [
          35.001005963812595,
          31.711014308189185
        ]
      },
      "properties": {
        "rank": 128,
        "distance_metric": "euclidean",
        "placement_mode": "exact",
        "placement_semantics": "exact_point",
        "shelter_id": 62,
        "candidate_source": "buildings",
        "time_bucket": "5min",
        "time_seconds": 300,
        "coordinates": "31.711014,35.001006",
        "nearest_building_dist_m": 0.0,
        "newly_covered_buildings": 5,
        "newly_covered_people_est": 35
      }
    },
    {
      "type": "Feature",
      "geometry": {
        "type": "Point",
        "coordinates": [
          34.99114169102787,
          31.744484963545865
        ]
      },
      "properties": {
        "rank": 129,
        "distance_metric": "euclidean",
        "placement_mode": "exact",
        "placement_semantics": "exact_point",
        "shelter_id": 67,
        "candidate_source": "buildings",
        "time_bucket": "5min",
        "time_seconds": 300,
        "coordinates": "31.744485,34.991142",
        "nearest_building_dist_m": 0.0,
        "newly_covered_buildings": 5,
        "newly_covered_people_est": 35
      }
    },
    {
      "type": "Feature",
      "geometry": {
        "type": "Point",
        "coordinates": [
          34.98379489015089,
          31.749065504812062
        ]
      },
      "properties": {
        "rank": 130,
        "distance_metric": "euclidean",
        "placement_mode": "exact",
        "placement_semantics": "exact_point",
        "shelter_id": 85,
        "candidate_source": "buildings",
        "time_bucket": "5min",
        "time_seconds": 300,
        "coordinates": "31.749066,34.983795",
        "nearest_building_dist_m": 0.0,
        "newly_covered_buildings": 5,
        "newly_covered_people_est": 35
      }
    },
    {
      "type": "Feature",
      "geometry": {
        "type": "Point",
        "coordinates": [
          34.98264566826268,
          31.746406182083497
        ]
      },
      "properties": {
        "rank": 131,
        "distance_metric": "euclidean",
        "placement_mode": "exact",
        "placement_semantics": "exact_point",
        "shelter_id": 91,
        "candidate_source": "buildings",
        "time_bucket": "5min",
        "time_seconds": 300,
        "coordinates": "31.746406,34.982646",
        "nearest_building_dist_m": 0.0,
        "newly_covered_buildings": 5,
        "newly_covered_people_est": 35
      }
    },
    {
      "type": "Feature",
      "geometry": {
        "type": "Point",
        "coordinates": [
          34.993029970476165,
          31.752506009963223
        ]
      },
      "properties": {
        "rank": 132,
        "distance_metric": "euclidean",
        "placement_mode": "exact",
        "placement_semantics": "exact_point",
        "shelter_id": 100,
        "candidate_source": "buildings",
        "time_bucket": "5min",
        "time_seconds": 300,
        "coordinates": "31.752506,34.993030",
        "nearest_building_dist_m": 0.0,
        "newly_covered_buildings": 5,
        "newly_covered_people_est": 35
      }
    },
    {
      "type": "Feature",
      "geometry": {
        "type": "Point",
        "coordinates": [
          34.990607564598456,
          31.747409423719027
        ]
      },
      "properties": {
        "rank": 133,
        "distance_metric": "euclidean",
        "placement_mode": "exact",
        "placement_semantics": "exact_point",
        "shelter_id": 115,
        "candidate_source": "buildings",
        "time_bucket": "5min",
        "time_seconds": 300,
        "coordinates": "31.747409,34.990608",
        "nearest_building_dist_m": 0.0,
        "newly_covered_buildings": 5,
        "newly_covered_people_est": 35
      }
    },
    {
      "type": "Feature",
      "geometry": {
        "type": "Point",
        "coordinates": [
          34.97355859947319,
          31.702026900686366
        ]
      },
      "properties": {
        "rank": 134,
        "distance_metric": "euclidean",
        "placement_mode": "exact",
        "placement_semantics": "exact_point",
        "shelter_id": 286,
        "candidate_source": "network_nodes",
        "time_bucket": "5min",
        "time_seconds": 300,
        "coordinates": "31.702027,34.973559",
        "nearest_building_dist_m": 57.5,
        "newly_covered_buildings": 5,
        "newly_covered_people_est": 35
      }
    },
    {
      "type": "Feature",
      "geometry": {
        "type": "Point",
        "coordinates": [
          34.98527709947282,
          31.702283800687034
        ]
      },
      "properties": {
        "rank": 135,
        "distance_metric": "euclidean",
        "placement_mode": "exact",
        "placement_semantics": "exact_point",
        "shelter_id": 305,
        "candidate_source": "network_nodes",
        "time_bucket": "5min",
        "time_seconds": 300,
        "coordinates": "31.702284,34.985277",
        "nearest_building_dist_m": 44.81,
        "newly_covered_buildings": 5,
        "newly_covered_people_est": 35
      }
    },
    {
      "type": "Feature",
      "geometry": {
        "type": "Point",
        "coordinates": [
          35.000327799473375,
          31.716786500686442
        ]
      },
      "properties": {
        "rank": 136,
        "distance_metric": "euclidean",
        "placement_mode": "exact",
        "placement_semantics": "exact_point",
        "shelter_id": 678,
        "candidate_source": "network_nodes",
        "time_bucket": "5min",
        "time_seconds": 300,
        "coordinates": "31.716787,35.000328",
        "nearest_building_dist_m": 32.85,
        "newly_covered_buildings": 5,
        "newly_covered_people_est": 35
      }
    },
    {
      "type": "Feature",
      "geometry": {
        "type": "Point",
        "coordinates": [
          34.97111079947315,
          31.700276800686368
        ]
      },
      "properties": {
        "rank": 137,
        "distance_metric": "euclidean",
        "placement_mode": "exact",
        "placement_semantics": "exact_point",
        "shelter_id": 752,
        "candidate_source": "network_nodes",
        "time_bucket": "5min",
        "time_seconds": 300,
        "coordinates": "31.700277,34.971111",
        "nearest_building_dist_m": 25.09,
        "newly_covered_buildings": 5,
        "newly_covered_people_est": 35
      }
    },
    {
      "type": "Feature",
      "geometry": {
        "type": "Point",
        "coordinates": [
          34.998848628264355,
          31.70964116595267
        ]
      },
      "properties": {
        "rank": 138,
        "distance_metric": "euclidean",
        "placement_mode": "exact",
        "placement_semantics": "exact_point",
        "shelter_id": 804,
        "candidate_source": "network_nodes",
        "time_bucket": "5min",
        "time_seconds": 300,
        "coordinates": "31.709641,34.998849",
        "nearest_building_dist_m": 10.38,
        "newly_covered_buildings": 5,
        "newly_covered_people_est": 35
      }
    },
    {
      "type": "Feature",
      "geometry": {
        "type": "Point",
        "coordinates": [
          34.986330251523945,
          31.735944859492314
        ]
      },
      "properties": {
        "rank": 139,
        "distance_metric": "euclidean",
        "placement_mode": "exact",
        "placement_semantics": "exact_point",
        "shelter_id": 876,
        "candidate_source": "network_nodes",
        "time_bucket": "5min",
        "time_seconds": 300,
        "coordinates": "31.735945,34.986330",
        "nearest_building_dist_m": 24.72,
        "newly_covered_buildings": 5,
        "newly_covered_people_est": 35
      }
    },
    {
      "type": "Feature",
      "geometry": {
        "type": "Point",
        "coordinates": [
          35.001705265672655,
          31.74782563736942
        ]
      },
      "properties": {
        "rank": 140,
        "distance_metric": "euclidean",
        "placement_mode": "exact",
        "placement_semantics": "exact_point",
        "shelter_id": 2,
        "candidate_source": "buildings",
        "time_bucket": "5min",
        "time_seconds": 300,
        "coordinates": "31.747826,35.001705",
        "nearest_building_dist_m": 0.0,
        "newly_covered_buildings": 4,
        "newly_covered_people_est": 28
      }
    },
    {
      "type": "Feature",
      "geometry": {
        "type": "Point",
        "coordinates": [
          34.99828396956683,
          31.743946639982806
        ]
      },
      "properties": {
        "rank": 141,
        "distance_metric": "euclidean",
        "placement_mode": "exact",
        "placement_semantics": "exact_point",
        "shelter_id": 23,
        "candidate_source": "buildings",
        "time_bucket": "5min",
        "time_seconds": 300,
        "coordinates": "31.743947,34.998284",
        "nearest_building_dist_m": 0.0,
        "newly_covered_buildings": 4,
        "newly_covered_people_est": 28
      }
    },
    {
      "type": "Feature",
      "geometry": {
        "type": "Point",
        "coordinates": [
          34.992186930820395,
          31.726498914287674
        ]
      },
      "properties": {
        "rank": 142,
        "distance_metric": "euclidean",
        "placement_mode": "exact",
        "placement_semantics": "exact_point",
        "shelter_id": 34,
        "candidate_source": "buildings",
        "time_bucket": "5min",
        "time_seconds": 300,
        "coordinates": "31.726499,34.992187",
        "nearest_building_dist_m": 0.0,
        "newly_covered_buildings": 4,
        "newly_covered_people_est": 28
      }
    },
    {
      "type": "Feature",
      "geometry": {
        "type": "Point",
        "coordinates": [
          34.97693932280714,
          31.73878555316198
        ]
      },
      "properties": {
        "rank": 143,
        "distance_metric": "euclidean",
        "placement_mode": "exact",
        "placement_semantics": "exact_point",
        "shelter_id": 50,
        "candidate_source": "buildings",
        "time_bucket": "5min",
        "time_seconds": 300,
        "coordinates": "31.738786,34.976939",
        "nearest_building_dist_m": 0.0,
        "newly_covered_buildings": 4,
        "newly_covered_people_est": 28
      }
    },
    {
      "type": "Feature",
      "geometry": {
        "type": "Point",
        "coordinates": [
          34.98791195605825,
          31.716121698727953
        ]
      },
      "properties": {
        "rank": 144,
        "distance_metric": "euclidean",
        "placement_mode": "exact",
        "placement_semantics": "exact_point",
        "shelter_id": 52,
        "candidate_source": "buildings",
        "time_bucket": "5min",
        "time_seconds": 300,
        "coordinates": "31.716122,34.987912",
        "nearest_building_dist_m": 0.0,
        "newly_covered_buildings": 4,
        "newly_covered_people_est": 28
      }
    },
    {
      "type": "Feature",
      "geometry": {
        "type": "Point",
        "coordinates": [
          34.989166109594734,
          31.751714735510717
        ]
      },
      "properties": {
        "rank": 145,
        "distance_metric": "euclidean",
        "placement_mode": "exact",
        "placement_semantics": "exact_point",
        "shelter_id": 82,
        "candidate_source": "buildings",
        "time_bucket": "5min",
        "time_seconds": 300,
        "coordinates": "31.751715,34.989166",
        "nearest_building_dist_m": 0.0,
        "newly_covered_buildings": 4,
        "newly_covered_people_est": 28
      }
    },
    {
      "type": "Feature",
      "geometry": {
        "type": "Point",
        "coordinates": [
          34.994879010572866,
          31.725939070759463
        ]
      },
      "properties": {
        "rank": 146,
        "distance_metric": "euclidean",
        "placement_mode": "exact",
        "placement_semantics": "exact_point",
        "shelter_id": 104,
        "candidate_source": "buildings",
        "time_bucket": "5min",
        "time_seconds": 300,
        "coordinates": "31.725939,34.994879",
        "nearest_building_dist_m": 0.0,
        "newly_covered_buildings": 4,
        "newly_covered_people_est": 28
      }
    },
    {
      "type": "Feature",
      "geometry": {
        "type": "Point",
        "coordinates": [
          34.983556099475614,
          31.740108300682984
        ]
      },
      "properties": {
        "rank": 147,
        "distance_metric": "euclidean",
        "placement_mode": "exact",
        "placement_semantics": "exact_point",
        "shelter_id": 135,
        "candidate_source": "network_nodes",
        "time_bucket": "5min",
        "time_seconds": 300,
        "coordinates": "31.740108,34.983556",
        "nearest_building_dist_m": 34.11,
        "newly_covered_buildings": 4,
        "newly_covered_people_est": 28
      }
    },
    {
      "type": "Feature",
      "geometry": {
        "type": "Point",
        "coordinates": [
          34.99748629947296,
          31.709650300687034
        ]
      },
      "properties": {
        "rank": 148,
        "distance_metric": "euclidean",
        "placement_mode": "exact",
        "placement_semantics": "exact_point",
        "shelter_id": 167,
        "candidate_source": "network_nodes",
        "time_bucket": "5min",
        "time_seconds": 300,
        "coordinates": "31.709650,34.997486",
        "nearest_building_dist_m": 44.6,
        "newly_covered_buildings": 4,
        "newly_covered_people_est": 28
      }
    },
    {
      "type": "Feature",
      "geometry": {
        "type": "Point",
        "coordinates": [
          35.00072929947271,
          31.70760680068744
        ]
      },
      "properties": {
        "rank": 149,
        "distance_metric": "euclidean",
        "placement_mode": "exact",
        "placement_semantics": "exact_point",
        "shelter_id": 180,
        "candidate_source": "network_nodes",
        "time_bucket": "5min",
        "time_seconds": 300,
        "coordinates": "31.707607,35.000729",
        "nearest_building_dist_m": 41.85,
        "newly_covered_buildings": 4,
        "newly_covered_people_est": 28
      }
    },
    {
      "type": "Feature",
      "geometry": {
        "type": "Point",
        "coordinates": [
          34.99348419947327,
          31.71215370068652
        ]
      },
      "properties": {
        "rank": 150,
        "distance_metric": "euclidean",
        "placement_mode": "exact",
        "placement_semantics": "exact_point",
        "shelter_id": 209,
        "candidate_source": "network_nodes",
        "time_bucket": "5min",
        "time_seconds": 300,
        "coordinates": "31.712154,34.993484",
        "nearest_building_dist_m": 56.21,
        "newly_covered_buildings": 4,
        "newly_covered_people_est": 28
      }
    },
    {
      "type": "Feature",
      "geometry": {
        "type": "Point",
        "coordinates": [
          34.999732999475846,
          31.750473500682876
        ]
      },
      "properties": {
        "rank": 151,
        "distance_metric": "euclidean",
        "placement_mode": "exact",
        "placement_semantics": "exact_point",
        "shelter_id": 245,
        "candidate_source": "network_nodes",
        "time_bucket": "5min",
        "time_seconds": 300,
        "coordinates": "31.750474,34.999733",
        "nearest_building_dist_m": 17.31,
        "newly_covered_buildings": 4,
        "newly_covered_people_est": 28
      }
    },
    {
      "type": "Feature",
      "geometry": {
        "type": "Point",
        "coordinates": [
          34.99362019947298,
          31.708160600686938
        ]
      },
      "properties": {
        "rank": 152,
        "distance_metric": "euclidean",
        "placement_mode": "exact",
        "placement_semantics": "exact_point",
        "shelter_id": 358,
        "candidate_source": "network_nodes",
        "time_bucket": "5min",
        "time_seconds": 300,
        "coordinates": "31.708161,34.993620",
        "nearest_building_dist_m": 16.97,
        "newly_covered_buildings": 4,
        "newly_covered_people_est": 28
      }
    },
    {
      "type": "Feature",
      "geometry": {
        "type": "Point",
        "coordinates": [
          34.99926229947316,
          31.71314780068678
        ]
      },
      "properties": {
        "rank": 153,
        "distance_metric": "euclidean",
        "placement_mode": "exact",
        "placement_semantics": "exact_point",
        "shelter_id": 613,
        "candidate_source": "network_nodes",
        "time_bucket": "5min",
        "time_seconds": 300,
        "coordinates": "31.713148,34.999262",
        "nearest_building_dist_m": 35.83,
        "newly_covered_buildings": 4,
        "newly_covered_people_est": 28
      }
    },
    {
      "type": "Feature",
      "geometry": {
        "type": "Point",
        "coordinates": [
          34.999443604921034,
          31.71775228707906
        ]
      },
      "properties": {
        "rank": 154,
        "distance_metric": "euclidean",
        "placement_mode": "exact",
        "placement_semantics": "exact_point",
        "shelter_id": 760,
        "candidate_source": "network_nodes",
        "time_bucket": "5min",
        "time_seconds": 300,
        "coordinates": "31.717752,34.999444",
        "nearest_building_dist_m": 16.67,
        "newly_covered_buildings": 4,
        "newly_covered_people_est": 28
      }
    },
    {
      "type": "Feature",
      "geometry": {
        "type": "Point",
        "coordinates": [
          34.98268454134545,
          31.750624184182993
        ]
      },
      "properties": {
        "rank": 155,
        "distance_metric": "euclidean",
        "placement_mode": "exact",
        "placement_semantics": "exact_point",
        "shelter_id": 803,
        "candidate_source": "network_nodes",
        "time_bucket": "5min",
        "time_seconds": 300,
        "coordinates": "31.750624,34.982685",
        "nearest_building_dist_m": 12.5,
        "newly_covered_buildings": 4,
        "newly_covered_people_est": 28
      }
    },
    {
      "type": "Feature",
      "geometry": {
        "type": "Point",
        "coordinates": [
          34.97433005651409,
          31.73857041921779
        ]
      },
      "properties": {
        "rank": 156,
        "distance_metric": "euclidean",
        "placement_mode": "exact",
        "placement_semantics": "exact_point",
        "shelter_id": 880,
        "candidate_source": "network_nodes",
        "time_bucket": "5min",
        "time_seconds": 300,
        "coordinates": "31.738570,34.974330",
        "nearest_building_dist_m": 21.02,
        "newly_covered_buildings": 4,
        "newly_covered_people_est": 28
      }
    },
    {
      "type": "Feature",
      "geometry": {
        "type": "Point",
        "coordinates": [
          34.98972127554502,
          31.705104620506795
        ]
      },
      "properties": {
        "rank": 157,
        "distance_metric": "euclidean",
        "placement_mode": "exact",
        "placement_semantics": "exact_point",
        "shelter_id": 950,
        "candidate_source": "network_nodes",
        "time_bucket": "5min",
        "time_seconds": 300,
        "coordinates": "31.705105,34.989721",
        "nearest_building_dist_m": 14.04,
        "newly_covered_buildings": 4,
        "newly_covered_people_est": 28
      }
    },
    {
      "type": "Feature",
      "geometry": {
        "type": "Point",
        "coordinates": [
          34.98945948163512,
          31.703187705344202
        ]
      },
      "properties": {
        "rank": 158,
        "distance_metric": "euclidean",
        "placement_mode": "exact",
        "placement_semantics": "exact_point",
        "shelter_id": 956,
        "candidate_source": "network_nodes",
        "time_bucket": "5min",
        "time_seconds": 300,
        "coordinates": "31.703188,34.989459",
        "nearest_building_dist_m": 17.43,
        "newly_covered_buildings": 4,
        "newly_covered_people_est": 28
      }
    },
    {
      "type": "Feature",
      "geometry": {
        "type": "Point",
        "coordinates": [
          34.99773318897999,
          31.715951764340964
        ]
      },
      "properties": {
        "rank": 159,
        "distance_metric": "euclidean",
        "placement_mode": "exact",
        "placement_semantics": "exact_point",
        "shelter_id": 12,
        "candidate_source": "buildings",
        "time_bucket": "5min",
        "time_seconds": 300,
        "coordinates": "31.715952,34.997733",
        "nearest_building_dist_m": 0.0,
        "newly_covered_buildings": 3,
        "newly_covered_people_est": 21
      }
    },
    {
      "type": "Feature",
      "geometry": {
        "type": "Point",
        "coordinates": [
          34.99574919007443,
          31.74015526897564
        ]
      },
      "properties": {
        "rank": 160,
        "distance_metric": "euclidean",
        "placement_mode": "exact",
        "placement_semantics": "exact_point",
        "shelter_id": 38,
        "candidate_source": "buildings",
        "time_bucket": "5min",
        "time_seconds": 300,
        "coordinates": "31.740155,34.995749",
        "nearest_building_dist_m": 0.0,
        "newly_covered_buildings": 3,
        "newly_covered_people_est": 21
      }
    },
    {
      "type": "Feature",
      "geometry": {
        "type": "Point",
        "coordinates": [
          34.994124538737246,
          31.7397203820996
        ]
      },
      "properties": {
        "rank": 161,
        "distance_metric": "euclidean",
        "placement_mode": "exact",
        "placement_semantics": "exact_point",
        "shelter_id": 56,
        "candidate_source": "buildings",
        "time_bucket": "5min",
        "time_seconds": 300,
        "coordinates": "31.739720,34.994125",
        "nearest_building_dist_m": 0.0,
        "newly_covered_buildings": 3,
        "newly_covered_people_est": 21
      }
    },
    {
      "type": "Feature",
      "geometry": {
        "type": "Point",
        "coordinates": [
          34.977604687122415,
          31.74037524930616
        ]
      },
      "properties": {
        "rank": 162,
        "distance_metric": "euclidean",
        "placement_mode": "exact",
        "placement_semantics": "exact_point",
        "shelter_id": 65,
        "candidate_source": "buildings",
        "time_bucket": "5min",
        "time_seconds": 300,
        "coordinates": "31.740375,34.977605",
        "nearest_building_dist_m": 0.0,
        "newly_covered_buildings": 3,
        "newly_covered_people_est": 21
      }
    },
    {
      "type": "Feature",
      "geometry": {
        "type": "Point",
        "coordinates": [
          34.9895956425296,
          31.75048155164916
        ]
      },
      "properties": {
        "rank": 163,
        "distance_metric": "euclidean",
        "placement_mode": "exact",
        "placement_semantics": "exact_point",
        "shelter_id": 66,
        "candidate_source": "buildings",
        "time_bucket": "5min",
        "time_seconds": 300,
        "coordinates": "31.750482,34.989596",
        "nearest_building_dist_m": 0.0,
        "newly_covered_buildings": 3,
        "newly_covered_people_est": 21
      }
    },
    {
      "type": "Feature",
      "geometry": {
        "type": "Point",
        "coordinates": [
          35.00024459376487,
          31.73737226081864
        ]
      },
      "properties": {
        "rank": 164,
        "distance_metric": "euclidean",
        "placement_mode": "exact",
        "placement_semantics": "exact_point",
        "shelter_id": 107,
        "candidate_source": "buildings",
        "time_bucket": "5min",
        "time_seconds": 300,
        "coordinates": "31.737372,35.000245",
        "nearest_building_dist_m": 0.0,
        "newly_covered_buildings": 3,
        "newly_covered_people_est": 21
      }
    },
    {
      "type": "Feature",
      "geometry": {
        "type": "Point",
        "coordinates": [
          34.9796065994758,
          31.740836500682683
        ]
      },
      "properties": {
        "rank": 165,
        "distance_metric": "euclidean",
        "placement_mode": "exact",
        "placement_semantics": "exact_point",
        "shelter_id": 122,
        "candidate_source": "network_nodes",
        "time_bucket": "5min",
        "time_seconds": 300,
        "coordinates": "31.740837,34.979607",
        "nearest_building_dist_m": 33.83,
        "newly_covered_buildings": 3,
        "newly_covered_people_est": 21
      }
    },
    {
      "type": "Feature",
      "geometry": {
        "type": "Point",
        "coordinates": [
          34.977529899476075,
          31.74378620068223
        ]
      },
      "properties": {
        "rank": 166,
        "distance_metric": "euclidean",
        "placement_mode": "exact",
        "placement_semantics": "exact_point",
        "shelter_id": 129,
        "candidate_source": "network_nodes",
        "time_bucket": "5min",
        "time_seconds": 300,
        "coordinates": "31.743786,34.977530",
        "nearest_building_dist_m": 19.57,
        "newly_covered_buildings": 3,
        "newly_covered_people_est": 21
      }
    },
    {
      "type": "Feature",
      "geometry": {
        "type": "Point",
        "coordinates": [
          34.98164339947589,
          31.742891300682576
        ]
      },
      "properties": {
        "rank": 167,
        "distance_metric": "euclidean",
        "placement_mode": "exact",
        "placement_semantics": "exact_point",
        "shelter_id": 144,
        "candidate_source": "network_nodes",
        "time_bucket": "5min",
        "time_seconds": 300,
        "coordinates": "31.742891,34.981643",
        "nearest_building_dist_m": 18.8,
        "newly_covered_buildings": 3,
        "newly_covered_people_est": 21
      }
    },
    {
      "type": "Feature",
      "geometry": {
        "type": "Point",
        "coordinates": [
          34.998253299475564,
          31.746220700683242
        ]
      },
      "properties": {
        "rank": 168,
        "distance_metric": "euclidean",
        "placement_mode": "exact",
        "placement_semantics": "exact_point",
        "shelter_id": 151,
        "candidate_source": "network_nodes",
        "time_bucket": "5min",
        "time_seconds": 300,
        "coordinates": "31.746221,34.998253",
        "nearest_building_dist_m": 61.3,
        "newly_covered_buildings": 3,
        "newly_covered_people_est": 21
      }
    },
    {
      "type": "Feature",
      "geometry": {
        "type": "Point",
        "coordinates": [
          34.9907107994756,
          31.7432342006831
        ]
      },
      "properties": {
        "rank": 169,
        "distance_metric": "euclidean",
        "placement_mode": "exact",
        "placement_semantics": "exact_point",
        "shelter_id": 156,
        "candidate_source": "network_nodes",
        "time_bucket": "5min",
        "time_seconds": 300,
        "coordinates": "31.743234,34.990711",
        "nearest_building_dist_m": 75.94,
        "newly_covered_buildings": 3,
        "newly_covered_people_est": 21
      }
    },
    {
      "type": "Feature",
      "geometry": {
        "type": "Point",
        "coordinates": [
          34.98644199947296,
          31.704671700686855
        ]
      },
      "properties": {
        "rank": 170,
        "distance_metric": "euclidean",
        "placement_mode": "exact",
        "placement_semantics": "exact_point",
        "shelter_id": 312,
        "candidate_source": "network_nodes",
        "time_bucket": "5min",
        "time_seconds": 300,
        "coordinates": "31.704672,34.986442",
        "nearest_building_dist_m": 28.43,
        "newly_covered_buildings": 3,
        "newly_covered_people_est": 21
      }
    },
    {
      "type": "Feature",
      "geometry": {
        "type": "Point",
        "coordinates": [
          34.99279139947295,
          31.707311700686983
        ]
      },
      "properties": {
        "rank": 171,
        "distance_metric": "euclidean",
        "placement_mode": "exact",
        "placement_semantics": "exact_point",
        "shelter_id": 320,
        "candidate_source": "network_nodes",
        "time_bucket": "5min",
        "time_seconds": 300,
        "coordinates": "31.707312,34.992791",
        "nearest_building_dist_m": 25.32,
        "newly_covered_buildings": 3,
        "newly_covered_people_est": 21
      }
    },
    {
      "type": "Feature",
      "geometry": {
        "type": "Point",
        "coordinates": [
          34.99127459947304,
          31.707996200686807
        ]
      },
      "properties": {
        "rank": 172,
        "distance_metric": "euclidean",
        "placement_mode": "exact",
        "placement_semantics": "exact_point",
        "shelter_id": 334,
        "candidate_source": "network_nodes",
        "time_bucket": "5min",
        "time_seconds": 300,
        "coordinates": "31.707996,34.991275",
        "nearest_building_dist_m": 31.41,
        "newly_covered_buildings": 3,
        "newly_covered_people_est": 21
      }
    },
    {
      "type": "Feature",
      "geometry": {
        "type": "Point",
        "coordinates": [
          34.98896339947341,
          31.712107200686244
        ]
      },
      "properties": {
        "rank": 173,
        "distance_metric": "euclidean",
        "placement_mode": "exact",
        "placement_semantics": "exact_point",
        "shelter_id": 366,
        "candidate_source": "network_nodes",
        "time_bucket": "5min",
        "time_seconds": 300,
        "coordinates": "31.712107,34.988963",
        "nearest_building_dist_m": 29.98,
        "newly_covered_buildings": 3,
        "newly_covered_people_est": 21
      }
    },
    {
      "type": "Feature",
      "geometry": {
        "type": "Point",
        "coordinates": [
          35.004478799472764,
          31.71020880068739
        ]
      },
      "properties": {
        "rank": 174,
        "distance_metric": "euclidean",
        "placement_mode": "exact",
        "placement_semantics": "exact_point",
        "shelter_id": 408,
        "candidate_source": "network_nodes",
        "time_bucket": "5min",
        "time_seconds": 300,
        "coordinates": "31.710209,35.004479",
        "nearest_building_dist_m": 41.81,
        "newly_covered_buildings": 3,
        "newly_covered_people_est": 21
      }
    },
    {
      "type": "Feature",
      "geometry": {
        "type": "Point",
        "coordinates": [
          34.97275379947328,
          31.702886500686205
        ]
      },
      "properties": {
        "rank": 175,
        "distance_metric": "euclidean",
        "placement_mode": "exact",
        "placement_semantics": "exact_point",
        "shelter_id": 487,
        "candidate_source": "network_nodes",
        "time_bucket": "5min",
        "time_seconds": 300,
        "coordinates": "31.702887,34.972754",
        "nearest_building_dist_m": 36.72,
        "newly_covered_buildings": 3,
        "newly_covered_people_est": 21
      }
    },
    {
      "type": "Feature",
      "geometry": {
        "type": "Point",
        "coordinates": [
          34.97052919947366,
          31.706997800685663
        ]
      },
      "properties": {
        "rank": 176,
        "distance_metric": "euclidean",
        "placement_mode": "exact",
        "placement_semantics": "exact_point",
        "shelter_id": 506,
        "candidate_source": "network_nodes",
        "time_bucket": "5min",
        "time_seconds": 300,
        "coordinates": "31.706998,34.970529",
        "nearest_building_dist_m": 37.06,
        "newly_covered_buildings": 3,
        "newly_covered_people_est": 21
      }
    },
    {
      "type": "Feature",
      "geometry": {
        "type": "Point",
        "coordinates": [
          34.96603499947414,
          31.711783300684875
        ]
      },
      "properties": {
        "rank": 177,
        "distance_metric": "euclidean",
        "placement_mode": "exact",
        "placement_semantics": "exact_point",
        "shelter_id": 524,
        "candidate_source": "network_nodes",
        "time_bucket": "5min",
        "time_seconds": 300,
        "coordinates": "31.711783,34.966035",
        "nearest_building_dist_m": 35.38,
        "newly_covered_buildings": 3,
        "newly_covered_people_est": 21
      }
    },
    {
      "type": "Feature",
      "geometry": {
        "type": "Point",
        "coordinates": [
          34.985451899474036,
          31.719006400685316
        ]
      },
      "properties": {
        "rank": 178,
        "distance_metric": "euclidean",
        "placement_mode": "exact",
        "placement_semantics": "exact_point",
        "shelter_id": 721,
        "candidate_source": "network_nodes",
        "time_bucket": "5min",
        "time_seconds": 300,
        "coordinates": "31.719006,34.985452",
        "nearest_building_dist_m": 60.21,
        "newly_covered_buildings": 3,
        "newly_covered_people_est": 21
      }
    },
    {
      "type": "Feature",
      "geometry": {
        "type": "Point",
        "coordinates": [
          34.96666439947388,
          31.708382300685265
        ]
      },
      "properties": {
        "rank": 179,
        "distance_metric": "euclidean",
        "placement_mode": "exact",
        "placement_semantics": "exact_point",
        "shelter_id": 739,
        "candidate_source": "network_nodes",
        "time_bucket": "5min",
        "time_seconds": 300,
        "coordinates": "31.708382,34.966664",
        "nearest_building_dist_m": 70.89,
        "newly_covered_buildings": 3,
        "newly_covered_people_est": 21
      }
    },
    {
      "type": "Feature",
      "geometry": {
        "type": "Point",
        "coordinates": [
          34.9908520498183,
          31.738888541603217
        ]
      },
      "properties": {
        "rank": 180,
        "distance_metric": "euclidean",
        "placement_mode": "exact",
        "placement_semantics": "exact_point",
        "shelter_id": 53,
        "candidate_source": "buildings",
        "time_bucket": "5min",
        "time_seconds": 300,
        "coordinates": "31.738889,34.990852",
        "nearest_building_dist_m": 0.0,
        "newly_covered_buildings": 2,
        "newly_covered_people_est": 14
      }
    },
    {
      "type": "Feature",
      "geometry": {
        "type": "Point",
        "coordinates": [
          34.994364439549216,
          31.749772907841738
        ]
      },
      "properties": {
        "rank": 181,
        "distance_metric": "euclidean",
        "placement_mode": "exact",
        "placement_semantics": "exact_point",
        "shelter_id": 71,
        "candidate_source": "buildings",
        "time_bucket": "5min",
        "time_seconds": 300,
        "coordinates": "31.749773,34.994364",
        "nearest_building_dist_m": 0.0,
        "newly_covered_buildings": 2,
        "newly_covered_people_est": 14
      }
    },
    {
      "type": "Feature",
      "geometry": {
        "type": "Point",
        "coordinates": [
          34.996007628295324,
          31.75172740733409
        ]
      },
      "properties": {
        "rank": 182,
        "distance_metric": "euclidean",
        "placement_mode": "exact",
        "placement_semantics": "exact_point",
        "shelter_id": 74,
        "candidate_source": "buildings",
        "time_bucket": "5min",
        "time_seconds": 300,
        "coordinates": "31.751727,34.996008",
        "nearest_building_dist_m": 0.0,
        "newly_covered_buildings": 2,
        "newly_covered_people_est": 14
      }
    },
    {
      "type": "Feature",
      "geometry": {
        "type": "Point",
        "coordinates": [
          34.9887609359726,
          31.736531027008752
        ]
      },
      "properties": {
        "rank": 183,
        "distance_metric": "euclidean",
        "placement_mode": "exact",
        "placement_semantics": "exact_point",
        "shelter_id": 108,
        "candidate_source": "buildings",
        "time_bucket": "5min",
        "time_seconds": 300,
        "coordinates": "31.736531,34.988761",
        "nearest_building_dist_m": 0.0,
        "newly_covered_buildings": 2,
        "newly_covered_people_est": 14
      }
    },
    {
      "type": "Feature",
      "geometry": {
        "type": "Point",
        "coordinates": [
          34.992862299474545,
          31.729500700684657
        ]
      },
      "properties": {
        "rank": 184,
        "distance_metric": "euclidean",
        "placement_mode": "exact",
        "placement_semantics": "exact_point",
        "shelter_id": 155,
        "candidate_source": "network_nodes",
        "time_bucket": "5min",
        "time_seconds": 300,
        "coordinates": "31.729501,34.992862",
        "nearest_building_dist_m": 41.18,
        "newly_covered_buildings": 2,
        "newly_covered_people_est": 14
      }
    },
    {
      "type": "Feature",
      "geometry": {
        "type": "Point",
        "coordinates": [
          34.99660669947294,
          31.708878100687066
        ]
      },
      "properties": {
        "rank": 185,
        "distance_metric": "euclidean",
        "placement_mode": "exact",
        "placement_semantics": "exact_point",
        "shelter_id": 190,
        "candidate_source": "network_nodes",
        "time_bucket": "5min",
        "time_seconds": 300,
        "coordinates": "31.708878,34.996607",
        "nearest_building_dist_m": 37.05,
        "newly_covered_buildings": 2,
        "newly_covered_people_est": 14
      }
    },
    {
      "type": "Feature",
      "geometry": {
        "type": "Point",
        "coordinates": [
          34.99184039947331,
          31.711983700686435
        ]
      },
      "properties": {
        "rank": 186,
        "distance_metric": "euclidean",
        "placement_mode": "exact",
        "placement_semantics": "exact_point",
        "shelter_id": 220,
        "candidate_source": "network_nodes",
        "time_bucket": "5min",
        "time_seconds": 300,
        "coordinates": "31.711984,34.991840",
        "nearest_building_dist_m": 77.89,
        "newly_covered_buildings": 2,
        "newly_covered_people_est": 14
      }
    },
    {
      "type": "Feature",
      "geometry": {
        "type": "Point",
        "coordinates": [
          34.99994039947325,
          31.714690500686654
        ]
      },
      "properties": {
        "rank": 187,
        "distance_metric": "euclidean",
        "placement_mode": "exact",
        "placement_semantics": "exact_point",
        "shelter_id": 249,
        "candidate_source": "network_nodes",
        "time_bucket": "5min",
        "time_seconds": 300,
        "coordinates": "31.714691,34.999940",
        "nearest_building_dist_m": 25.96,
        "newly_covered_buildings": 2,
        "newly_covered_people_est": 14
      }
    },
    {
      "type": "Feature",
      "geometry": {
        "type": "Point",
        "coordinates": [
          34.99478699947363,
          31.717664000686025
        ]
      },
      "properties": {
        "rank": 188,
        "distance_metric": "euclidean",
        "placement_mode": "exact",
        "placement_semantics": "exact_point",
        "shelter_id": 250,
        "candidate_source": "network_nodes",
        "time_bucket": "5min",
        "time_seconds": 300,
        "coordinates": "31.717664,34.994787",
        "nearest_building_dist_m": 74.11,
        "newly_covered_buildings": 2,
        "newly_covered_people_est": 14
      }
    },
    {
      "type": "Feature",
      "geometry": {
        "type": "Point",
        "coordinates": [
          34.994761199473466,
          31.71531010068627
        ]
      },
      "properties": {
        "rank": 189,
        "distance_metric": "euclidean",
        "placement_mode": "exact",
        "placement_semantics": "exact_point",
        "shelter_id": 256,
        "candidate_source": "network_nodes",
        "time_bucket": "5min",
        "time_seconds": 300,
        "coordinates": "31.715310,34.994761",
        "nearest_building_dist_m": 43.34,
        "newly_covered_buildings": 2,
        "newly_covered_people_est": 14
      }
    },
    {
      "type": "Feature",
      "geometry": {
        "type": "Point",
        "coordinates": [
          34.95121229947633,
          31.73510610068155
        ]
      },
      "properties": {
        "rank": 190,
        "distance_metric": "euclidean",
        "placement_mode": "exact",
        "placement_semantics": "exact_point",
        "shelter_id": 265,
        "candidate_source": "network_nodes",
        "time_bucket": "5min",
        "time_seconds": 300,
        "coordinates": "31.735106,34.951212",
        "nearest_building_dist_m": 97.63,
        "newly_covered_buildings": 2,
        "newly_covered_people_est": 14
      }
    },
    {
      "type": "Feature",
      "geometry": {
        "type": "Point",
        "coordinates": [
          34.98297819947292,
          31.70249400068687
        ]
      },
      "properties": {
        "rank": 191,
        "distance_metric": "euclidean",
        "placement_mode": "exact",
        "placement_semantics": "exact_point",
        "shelter_id": 304,
        "candidate_source": "network_nodes",
        "time_bucket": "5min",
        "time_seconds": 300,
        "coordinates": "31.702494,34.982978",
        "nearest_building_dist_m": 84.04,
        "newly_covered_buildings": 2,
        "newly_covered_people_est": 14
      }
    },
    {
      "type": "Feature",
      "geometry": {
        "type": "Point",
        "coordinates": [
          34.97973409947316,
          31.70435230068649
        ]
      },
      "properties": {
        "rank": 192,
        "distance_metric": "euclidean",
        "placement_mode": "exact",
        "placement_semantics": "exact_point",
        "shelter_id": 306,
        "candidate_source": "network_nodes",
        "time_bucket": "5min",
        "time_seconds": 300,
        "coordinates": "31.704352,34.979734",
        "nearest_building_dist_m": 36.88,
        "newly_covered_buildings": 2,
        "newly_covered_people_est": 14
      }
    },
    {
      "type": "Feature",
      "geometry": {
        "type": "Point",
        "coordinates": [
          35.003540999472904,
          31.71176010068716
        ]
      },
      "properties": {
        "rank": 193,
        "distance_metric": "euclidean",
        "placement_mode": "exact",
        "placement_semantics": "exact_point",
        "shelter_id": 387,
        "candidate_source": "network_nodes",
        "time_bucket": "5min",
        "time_seconds": 300,
        "coordinates": "31.711760,35.003541",
        "nearest_building_dist_m": 31.71,
        "newly_covered_buildings": 2,
        "newly_covered_people_est": 14
      }
    },
    {
      "type": "Feature",
      "geometry": {
        "type": "Point",
        "coordinates": [
          34.9993058994726,
          31.705451500687563
        ]
      },
      "properties": {
        "rank": 194,
        "distance_metric": "euclidean",
        "placement_mode": "exact",
        "placement_semantics": "exact_point",
        "shelter_id": 418,
        "candidate_source": "network_nodes",
        "time_bucket": "5min",
        "time_seconds": 300,
        "coordinates": "31.705452,34.999306",
        "nearest_building_dist_m": 24.55,
        "newly_covered_buildings": 2,
        "newly_covered_people_est": 14
      }
    },
    {
      "type": "Feature",
      "geometry": {
        "type": "Point",
        "coordinates": [
          34.97796239947621,
          31.74596370068203
        ]
      },
      "properties": {
        "rank": 195,
        "distance_metric": "euclidean",
        "placement_mode": "exact",
        "placement_semantics": "exact_point",
        "shelter_id": 480,
        "candidate_source": "network_nodes",
        "time_bucket": "5min",
        "time_seconds": 300,
        "coordinates": "31.745964,34.977962",
        "nearest_building_dist_m": 98.35,
        "newly_covered_buildings": 2,
        "newly_covered_people_est": 14
      }
    },
    {
      "type": "Feature",
      "geometry": {
        "type": "Point",
        "coordinates": [
          34.97412719947342,
          31.70526640068604
        ]
      },
      "properties": {
        "rank": 196,
        "distance_metric": "euclidean",
        "placement_mode": "exact",
        "placement_semantics": "exact_point",
        "shelter_id": 508,
        "candidate_source": "network_nodes",
        "time_bucket": "5min",
        "time_seconds": 300,
        "coordinates": "31.705266,34.974127",
        "nearest_building_dist_m": 37.98,
        "newly_covered_buildings": 2,
        "newly_covered_people_est": 14
      }
    },
    {
      "type": "Feature",
      "geometry": {
        "type": "Point",
        "coordinates": [
          34.96427799947436,
          31.713872500684545
        ]
      },
      "properties": {
        "rank": 197,
        "distance_metric": "euclidean",
        "placement_mode": "exact",
        "placement_semantics": "exact_point",
        "shelter_id": 531,
        "candidate_source": "network_nodes",
        "time_bucket": "5min",
        "time_seconds": 300,
        "coordinates": "31.713873,34.964278",
        "nearest_building_dist_m": 78.74,
        "newly_covered_buildings": 2,
        "newly_covered_people_est": 14
      }
    },
    {
      "type": "Feature",
      "geometry": {
        "type": "Point",
        "coordinates": [
          34.99160619947261,
          31.70220180068744
        ]
      },
      "properties": {
        "rank": 198,
        "distance_metric": "euclidean",
        "placement_mode": "exact",
        "placement_semantics": "exact_point",
        "shelter_id": 625,
        "candidate_source": "network_nodes",
        "time_bucket": "5min",
        "time_seconds": 300,
        "coordinates": "31.702202,34.991606",
        "nearest_building_dist_m": 70.17,
        "newly_covered_buildings": 2,
        "newly_covered_people_est": 14
      }
    },
    {
      "type": "Feature",
      "geometry": {
        "type": "Point",
        "coordinates": [
          35.00259829947282,
          31.709812400687323
        ]
      },
      "properties": {
        "rank": 199,
        "distance_metric": "euclidean",
        "placement_mode": "exact",
        "placement_semantics": "exact_point",
        "shelter_id": 668,
        "candidate_source": "network_nodes",
        "time_bucket": "5min",
        "time_seconds": 300,
        "coordinates": "31.709812,35.002598",
        "nearest_building_dist_m": 42.08,
        "newly_covered_buildings": 2,
        "newly_covered_people_est": 14
      }
    },
    {
      "type": "Feature",
      "geometry": {
        "type": "Point",
        "coordinates": [
          34.967507999474236,
          31.713607800684777
        ]
      },
      "properties": {
        "rank": 200,
        "distance_metric": "euclidean",
        "placement_mode": "exact",
        "placement_semantics": "exact_point",
        "shelter_id": 745,
        "candidate_source": "network_nodes",
        "time_bucket": "5min",
        "time_seconds": 300,
        "coordinates": "31.713608,34.967508",
        "nearest_building_dist_m": 70.88,
        "newly_covered_buildings": 2,
        "newly_covered_people_est": 14
      }
    }
  ]
}