{
  "type": "FeatureCollection",
  "features": [
    {
      "type": "Feature",
      "geometry": {
        "type": "Point",
        "coordinates": [
          34.94948236492858,
          31.738189507897573
        ]
      },
      "properties": {
        "rank": 1,
        "distance_metric": "graph",
        "placement_mode": "exact",
        "placement_semantics": "exact_point",
        "shelter_id": 443,
        "candidate_source": "buildings",
        "time_bucket": "5min",
        "time_seconds": 300,
        "coordinates": "31.738190,34.949482",
        "nearest_building_dist_m": 0.0,
        "newly_covered_buildings": 36,
        "newly_covered_people_est": 252
      }
    },
    {
      "type": "Feature",
      "geometry": {
        "type": "Point",
        "coordinates": [
          34.99513219947669,
          31.7602179006816
        ]
      },
      "properties": {
        "rank": 2,
        "distance_metric": "graph",
        "placement_mode": "exact",
        "placement_semantics": "exact_point",
        "shelter_id": 2891,
        "candidate_source": "network_nodes",
        "time_bucket": "5min",
        "time_seconds": 300,
        "coordinates": "31.760218,34.995132",
        "nearest_building_dist_m": 27.63,
        "newly_covered_buildings": 13,
        "newly_covered_people_est": 91
      }
    },
    {
      "type": "Feature",
      "geometry": {
        "type": "Point",
        "coordinates": [
          34.957741977335104,
          31.732756610092363
        ]
      },
      "properties": {
        "rank": 3,
        "distance_metric": "graph",
        "placement_mode": "exact",
        "placement_semantics": "exact_point",
        "shelter_id": 433,
        "candidate_source": "buildings",
        "time_bucket": "5min",
        "time_seconds": 300,
        "coordinates": "31.732757,34.957742",
        "nearest_building_dist_m": 0.0,
        "newly_covered_buildings": 10,
        "newly_covered_people_est": 70
      }
    },
    {
      "type": "Feature",
      "geometry": {
        "type": "Point",
        "coordinates": [
          34.99923907457894,
          31.74288727535007
        ]
      },
      "properties": {
        "rank": 4,
        "distance_metric": "graph",
        "placement_mode": "exact",
        "placement_semantics": "exact_point",
        "shelter_id": 139,
        "candidate_source": "buildings",
        "time_bucket": "5min",
        "time_seconds": 300,
        "coordinates": "31.742887,34.999239",
        "nearest_building_dist_m": 0.0,
        "newly_covered_buildings": 9,
        "newly_covered_people_est": 63
      }
    },
    {
      "type": "Feature",
      "geometry": {
        "type": "Point",
        "coordinates": [
          34.99184659947651,
          31.756201900681823
        ]
      },
      "properties": {
        "rank": 5,
        "distance_metric": "graph",
        "placement_mode": "exact",
        "placement_semantics": "exact_point",
        "shelter_id": 1623,
        "candidate_source": "network_nodes",
        "time_bucket": "5min",
        "time_seconds": 300,
        "coordinates": "31.756202,34.991847",
        "nearest_building_dist_m": 49.78,
        "newly_covered_buildings": 9,
        "newly_covered_people_est": 63
      }
    },
    {
      "type": "Feature",
      "geometry": {
        "type": "Point",
        "coordinates": [
          34.99139867063853,
          31.73217601151125
        ]
      },
      "properties": {
        "rank": 6,
        "distance_metric": "graph",
        "placement_mode": "exact",
        "placement_semantics": "exact_point",
        "shelter_id": 372,
        "candidate_source": "buildings",
        "time_bucket": "5min",
        "time_seconds": 300,
        "coordinates": "31.732176,34.991399",
        "nearest_building_dist_m": 0.0,
        "newly_covered_buildings": 8,
        "newly_covered_people_est": 56
      }
    },
    {
      "type": "Feature",
      "geometry": {
        "type": "Point",
        "coordinates": [
          34.95236360674721,
          31.733715808305455
        ]
      },
      "properties": {
        "rank": 7,
        "distance_metric": "graph",
        "placement_mode": "exact",
        "placement_semantics": "exact_point",
        "shelter_id": 431,
        "candidate_source": "buildings",
        "time_bucket": "5min",
        "time_seconds": 300,
        "coordinates": "31.733716,34.952364",
        "nearest_building_dist_m": 0.0,
        "newly_covered_buildings": 8,
        "newly_covered_people_est": 56
      }
    },
    {
      "type": "Feature",
      "geometry": {
        "type": "Point",
        "coordinates": [
          34.98977135158023,
          31.713231662060036
        ]
      },
      "properties": {
        "rank": 8,
        "distance_metric": "graph",
        "placement_mode": "exact",
        "placement_semantics": "exact_point",
        "shelter_id": 194,
        "candidate_source": "buildings",
        "time_bucket": "5min",
        "time_seconds": 300,
        "coordinates": "31.713232,34.989771",
        "nearest_building_dist_m": 0.0,
        "newly_covered_buildings": 7,
        "newly_covered_people_est": 49
      }
    },
    {
      "type": "Feature",
      "geometry": {
        "type": "Point",
        "coordinates": [
          34.9896153504131,
          31.7694251723942
        ]
      },
      "properties": {
        "rank": 9,
        "distance_metric": "graph",
        "placement_mode": "exact",
        "placement_semantics": "exact_point",
        "shelter_id": 490,
        "candidate_source": "buildings",
        "time_bucket": "5min",
        "time_seconds": 300,
        "coordinates": "31.769425,34.989615",
        "nearest_building_dist_m": 0.0,
        "newly_covered_buildings": 7,
        "newly_covered_people_est": 49
      }
    },
    {
      "type": "Feature",
      "geometry": {
        "type": "Point",
        "coordinates": [
          34.994287499473465,
          31.715265400686224
        ]
      },
      "properties": {
        "rank": 10,
        "distance_metric": "graph",
        "placement_mode": "exact",
        "placement_semantics": "exact_point",
        "shelter_id": 825,
        "candidate_source": "network_nodes",
        "time_bucket": "5min",
        "time_seconds": 300,
        "coordinates": "31.715265,34.994287",
        "nearest_building_dist_m": 36.03,
        "newly_covered_buildings": 7,
        "newly_covered_people_est": 49
      }
    },
    {
      "type": "Feature",
      "geometry": {
        "type": "Point",
        "coordinates": [
          34.99297079947644,
          31.755776300681923
        ]
      },
      "properties": {
        "rank": 11,
        "distance_metric": "graph",
        "placement_mode": "exact",
        "placement_semantics": "exact_point",
        "shelter_id": 929,
        "candidate_source": "network_nodes",
        "time_bucket": "5min",
        "time_seconds": 300,
        "coordinates": "31.755776,34.992971",
        "nearest_building_dist_m": 27.49,
        "newly_covered_buildings": 7,
        "newly_covered_people_est": 49
      }
    },
    {
      "type": "Feature",
      "geometry": {
        "type": "Point",
        "coordinates": [
          34.99584989947307,
          31.71049060068684
        ]
      },
      "properties": {
        "rank": 12,
        "distance_metric": "graph",
        "placement_mode": "exact",
        "placement_semantics": "exact_point",
        "shelter_id": 1149,
        "candidate_source": "network_nodes",
        "time_bucket": "5min",
        "time_seconds": 300,
        "coordinates": "31.710491,34.995850",
        "nearest_building_dist_m": 43.1,
        "newly_covered_buildings": 7,
        "newly_covered_people_est": 49
      }
    },
    {
      "type": "Feature",
      "geometry": {
        "type": "Point",
        "coordinates": [
          34.982673892554324,
          31.71506172763917
        ]
      },
      "properties": {
        "rank": 13,
        "distance_metric": "graph",
        "placement_mode": "exact",
        "placement_semantics": "exact_point",
        "shelter_id": 9,
        "candidate_source": "buildings",
        "time_bucket": "5min",
        "time_seconds": 300,
        "coordinates": "31.715062,34.982674",
        "nearest_building_dist_m": 0.0,
        "newly_covered_buildings": 6,
        "newly_covered_people_est": 42
      }
    },
    {
      "type": "Feature",
      "geometry": {
        "type": "Point",
        "coordinates": [
          34.988358519388015,
          31.750653087684764
        ]
      },
      "properties": {
        "rank": 14,
        "distance_metric": "graph",
        "placement_mode": "exact",
        "placement_semantics": "exact_point",
        "shelter_id": 93,
        "candidate_source": "buildings",
        "time_bucket": "5min",
        "time_seconds": 300,
        "coordinates": "31.750653,34.988359",
        "nearest_building_dist_m": 0.0,
        "newly_covered_buildings": 6,
        "newly_covered_people_est": 42
      }
    },
    {
      "type": "Feature",
      "geometry": {
        "type": "Point",
        "coordinates": [
          34.96220116853471,
          31.727052415361232
        ]
      },
      "properties": {
        "rank": 15,
        "distance_metric": "graph",
        "placement_mode": "exact",
        "placement_semantics": "exact_point",
        "shelter_id": 422,
        "candidate_source": "buildings",
        "time_bucket": "5min",
        "time_seconds": 300,
        "coordinates": "31.727052,34.962201",
        "nearest_building_dist_m": 0.0,
        "newly_covered_buildings": 6,
        "newly_covered_people_est": 42
      }
    },
    {
      "type": "Feature",
      "geometry": {
        "type": "Point",
        "coordinates": [
          34.98739237077223,
          31.755723284646642
        ]
      },
      "properties": {
        "rank": 16,
        "distance_metric": "graph",
        "placement_mode": "exact",
        "placement_semantics": "exact_point",
        "shelter_id": 477,
        "candidate_source": "buildings",
        "time_bucket": "5min",
        "time_seconds": 300,
        "coordinates": "31.755723,34.987392",
        "nearest_building_dist_m": 0.0,
        "newly_covered_buildings": 6,
        "newly_covered_people_est": 42
      }
    },
    {
      "type": "Feature",
      "geometry": {
        "type": "Point",
        "coordinates": [
          34.99244569947539,
          31.740855000683457
        ]
      },
      "properties": {
        "rank": 17,
        "distance_metric": "graph",
        "placement_mode": "exact",
        "placement_semantics": "exact_point",
        "shelter_id": 705,
        "candidate_source": "network_nodes",
        "time_bucket": "5min",
        "time_seconds": 300,
        "coordinates": "31.740855,34.992446",
        "nearest_building_dist_m": 51.31,
        "newly_covered_buildings": 6,
        "newly_covered_people_est": 42
      }
    },
    {
      "type": "Feature",
      "geometry": {
        "type": "Point",
        "coordinates": [
          34.99304039947519,
          31.73852650068374
        ]
      },
      "properties": {
        "rank": 18,
        "distance_metric": "graph",
        "placement_mode": "exact",
        "placement_semantics": "exact_point",
        "shelter_id": 708,
        "candidate_source": "network_nodes",
        "time_bucket": "5min",
        "time_seconds": 300,
        "coordinates": "31.738527,34.993040",
        "nearest_building_dist_m": 59.25,
        "newly_covered_buildings": 6,
        "newly_covered_people_est": 42
      }
    },
    {
      "type": "Feature",
      "geometry": {
        "type": "Point",
        "coordinates": [
          34.996615499476164,
          31.753690600682383
        ]
      },
      "properties": {
        "rank": 19,
        "distance_metric": "graph",
        "placement_mode": "exact",
        "placement_semantics": "exact_point",
        "shelter_id": 932,
        "candidate_source": "network_nodes",
        "time_bucket": "5min",
        "time_seconds": 300,
        "coordinates": "31.753691,34.996615",
        "nearest_building_dist_m": 19.59,
        "newly_covered_buildings": 6,
        "newly_covered_people_est": 42
      }
    },
    {
      "type": "Feature",
      "geometry": {
        "type": "Point",
        "coordinates": [
          34.999186699473185,
          31.7136358006867
        ]
      },
      "properties": {
        "rank": 20,
        "distance_metric": "graph",
        "placement_mode": "exact",
        "placement_semantics": "exact_point",
        "shelter_id": 1132,
        "candidate_source": "network_nodes",
        "time_bucket": "5min",
        "time_seconds": 300,
        "coordinates": "31.713636,34.999187",
        "nearest_building_dist_m": 42.73,
        "newly_covered_buildings": 6,
        "newly_covered_people_est": 42
      }
    },
    {
      "type": "Feature",
      "geometry": {
        "type": "Point",
        "coordinates": [
          34.9541034324719,
          31.73361234573088
        ]
      },
      "properties": {
        "rank": 21,
        "distance_metric": "graph",
        "placement_mode": "exact",
        "placement_semantics": "exact_point",
        "shelter_id": 3335,
        "candidate_source": "network_nodes",
        "time_bucket": "5min",
        "time_seconds": 300,
        "coordinates": "31.733612,34.954103",
        "nearest_building_dist_m": 1.5,
        "newly_covered_buildings": 6,
        "newly_covered_people_est": 42
      }
    },
    {
      "type": "Feature",
      "geometry": {
        "type": "Point",
        "coordinates": [
          34.999908660896466,
          31.748024259116605
        ]
      },
      "properties": {
        "rank": 22,
        "distance_metric": "graph",
        "placement_mode": "exact",
        "placement_semantics": "exact_point",
        "shelter_id": 56,
        "candidate_source": "buildings",
        "time_bucket": "5min",
        "time_seconds": 300,
        "coordinates": "31.748024,34.999909",
        "nearest_building_dist_m": 0.0,
        "newly_covered_buildings": 5,
        "newly_covered_people_est": 35
      }
    },
    {
      "type": "Feature",
      "geometry": {
        "type": "Point",
        "coordinates": [
          34.9995870633556,
          31.738252073589614
        ]
      },
      "properties": {
        "rank": 23,
        "distance_metric": "graph",
        "placement_mode": "exact",
        "placement_semantics": "exact_point",
        "shelter_id": 97,
        "candidate_source": "buildings",
        "time_bucket": "5min",
        "time_seconds": 300,
        "coordinates": "31.738252,34.999587",
        "nearest_building_dist_m": 0.0,
        "newly_covered_buildings": 5,
        "newly_covered_people_est": 35
      }
    },
    {
      "type": "Feature",
      "geometry": {
        "type": "Point",
        "coordinates": [
          34.99505009527768,
          31.748543479060732
        ]
      },
      "properties": {
        "rank": 24,
        "distance_metric": "graph",
        "placement_mode": "exact",
        "placement_semantics": "exact_point",
        "shelter_id": 352,
        "candidate_source": "buildings",
        "time_bucket": "5min",
        "time_seconds": 300,
        "coordinates": "31.748543,34.995050",
        "nearest_building_dist_m": 0.0,
        "newly_covered_buildings": 5,
        "newly_covered_people_est": 35
      }
    },
    {
      "type": "Feature",
      "geometry": {
        "type": "Point",
        "coordinates": [
          34.956753370395155,
          31.735334963625217
        ]
      },
      "properties": {
        "rank": 25,
        "distance_metric": "graph",
        "placement_mode": "exact",
        "placement_semantics": "exact_point",
        "shelter_id": 437,
        "candidate_source": "buildings",
        "time_bucket": "5min",
        "time_seconds": 300,
        "coordinates": "31.735335,34.956753",
        "nearest_building_dist_m": 0.0,
        "newly_covered_buildings": 5,
        "newly_covered_people_est": 35
      }
    },
    {
      "type": "Feature",
      "geometry": {
        "type": "Point",
        "coordinates": [
          34.99015459947574,
          31.74473750068292
        ]
      },
      "properties": {
        "rank": 26,
        "distance_metric": "graph",
        "placement_mode": "exact",
        "placement_semantics": "exact_point",
        "shelter_id": 572,
        "candidate_source": "network_nodes",
        "time_bucket": "5min",
        "time_seconds": 300,
        "coordinates": "31.744738,34.990155",
        "nearest_building_dist_m": 25.11,
        "newly_covered_buildings": 5,
        "newly_covered_people_est": 35
      }
    },
    {
      "type": "Feature",
      "geometry": {
        "type": "Point",
        "coordinates": [
          34.98423589947629,
          31.749778000682024
        ]
      },
      "properties": {
        "rank": 27,
        "distance_metric": "graph",
        "placement_mode": "exact",
        "placement_semantics": "exact_point",
        "shelter_id": 1063,
        "candidate_source": "network_nodes",
        "time_bucket": "5min",
        "time_seconds": 300,
        "coordinates": "31.749778,34.984236",
        "nearest_building_dist_m": 45.79,
        "newly_covered_buildings": 5,
        "newly_covered_people_est": 35
      }
    },
    {
      "type": "Feature",
      "geometry": {
        "type": "Point",
        "coordinates": [
          34.97930575889295,
          31.70535034586995
        ]
      },
      "properties": {
        "rank": 28,
        "distance_metric": "graph",
        "placement_mode": "exact",
        "placement_semantics": "exact_point",
        "shelter_id": 12,
        "candidate_source": "buildings",
        "time_bucket": "5min",
        "time_seconds": 300,
        "coordinates": "31.705350,34.979306",
        "nearest_building_dist_m": 0.0,
        "newly_covered_buildings": 4,
        "newly_covered_people_est": 28
      }
    },
    {
      "type": "Feature",
      "geometry": {
        "type": "Point",
        "coordinates": [
          34.99085830306973,
          31.736351992429054
        ]
      },
      "properties": {
        "rank": 29,
        "distance_metric": "graph",
        "placement_mode": "exact",
        "placement_semantics": "exact_point",
        "shelter_id": 114,
        "candidate_source": "buildings",
        "time_bucket": "5min",
        "time_seconds": 300,
        "coordinates": "31.736352,34.990858",
        "nearest_building_dist_m": 0.0,
        "newly_covered_buildings": 4,
        "newly_covered_people_est": 28
      }
    },
    {
      "type": "Feature",
      "geometry": {
        "type": "Point",
        "coordinates": [
          34.98790099193472,
          31.73619031888062
        ]
      },
      "properties": {
        "rank": 30,
        "distance_metric": "graph",
        "placement_mode": "exact",
        "placement_semantics": "exact_point",
        "shelter_id": 163,
        "candidate_source": "buildings",
        "time_bucket": "5min",
        "time_seconds": 300,
        "coordinates": "31.736190,34.987901",
        "nearest_building_dist_m": 0.0,
        "newly_covered_buildings": 4,
        "newly_covered_people_est": 28
      }
    },
    {
      "type": "Feature",
      "geometry": {
        "type": "Point",
        "coordinates": [
          34.99181330172336,
          31.723237792693034
        ]
      },
      "properties": {
        "rank": 31,
        "distance_metric": "graph",
        "placement_mode": "exact",
        "placement_semantics": "exact_point",
        "shelter_id": 179,
        "candidate_source": "buildings",
        "time_bucket": "5min",
        "time_seconds": 300,
        "coordinates": "31.723238,34.991813",
        "nearest_building_dist_m": 0.0,
        "newly_covered_buildings": 4,
        "newly_covered_people_est": 28
      }
    },
    {
      "type": "Feature",
      "geometry": {
        "type": "Point",
        "coordinates": [
          34.99492291830142,
          31.739309272168423
        ]
      },
      "properties": {
        "rank": 32,
        "distance_metric": "graph",
        "placement_mode": "exact",
        "placement_semantics": "exact_point",
        "shelter_id": 286,
        "candidate_source": "buildings",
        "time_bucket": "5min",
        "time_seconds": 300,
        "coordinates": "31.739309,34.994923",
        "nearest_building_dist_m": 0.0,
        "newly_covered_buildings": 4,
        "newly_covered_people_est": 28
      }
    },
    {
      "type": "Feature",
      "geometry": {
        "type": "Point",
        "coordinates": [
          34.955308455001095,
          31.733018635329792
        ]
      },
      "properties": {
        "rank": 33,
        "distance_metric": "graph",
        "placement_mode": "exact",
        "placement_semantics": "exact_point",
        "shelter_id": 429,
        "candidate_source": "buildings",
        "time_bucket": "5min",
        "time_seconds": 300,
        "coordinates": "31.733019,34.955308",
        "nearest_building_dist_m": 0.0,
        "newly_covered_buildings": 4,
        "newly_covered_people_est": 28
      }
    },
    {
      "type": "Feature",
      "geometry": {
        "type": "Point",
        "coordinates": [
          34.99030869947596,
          31.747771600682604
        ]
      },
      "properties": {
        "rank": 34,
        "distance_metric": "graph",
        "placement_mode": "exact",
        "placement_semantics": "exact_point",
        "shelter_id": 566,
        "candidate_source": "network_nodes",
        "time_bucket": "5min",
        "time_seconds": 300,
        "coordinates": "31.747772,34.990309",
        "nearest_building_dist_m": 49.51,
        "newly_covered_buildings": 4,
        "newly_covered_people_est": 28
      }
    },
    {
      "type": "Feature",
      "geometry": {
        "type": "Point",
        "coordinates": [
          34.99309249947452,
          31.729181000684726
        ]
      },
      "properties": {
        "rank": 35,
        "distance_metric": "graph",
        "placement_mode": "exact",
        "placement_semantics": "exact_point",
        "shelter_id": 786,
        "candidate_source": "network_nodes",
        "time_bucket": "5min",
        "time_seconds": 300,
        "coordinates": "31.729181,34.993092",
        "nearest_building_dist_m": 47.82,
        "newly_covered_buildings": 4,
        "newly_covered_people_est": 28
      }
    },
    {
      "type": "Feature",
      "geometry": {
        "type": "Point",
        "coordinates": [
          34.99524149947606,
          31.751519200682523
        ]
      },
      "properties": {
        "rank": 36,
        "distance_metric": "graph",
        "placement_mode": "exact",
        "placement_semantics": "exact_point",
        "shelter_id": 911,
        "candidate_source": "network_nodes",
        "time_bucket": "5min",
        "time_seconds": 300,
        "coordinates": "31.751519,34.995241",
        "nearest_building_dist_m": 19.6,
        "newly_covered_buildings": 4,
        "newly_covered_people_est": 28
      }
    },
    {
      "type": "Feature",
      "geometry": {
        "type": "Point",
        "coordinates": [
          34.99102389947348,
          31.71384180068619
        ]
      },
      "properties": {
        "rank": 37,
        "distance_metric": "graph",
        "placement_mode": "exact",
        "placement_semantics": "exact_point",
        "shelter_id": 1065,
        "candidate_source": "network_nodes",
        "time_bucket": "5min",
        "time_seconds": 300,
        "coordinates": "31.713842,34.991024",
        "nearest_building_dist_m": 14.63,
        "newly_covered_buildings": 4,
        "newly_covered_people_est": 28
      }
    },
    {
      "type": "Feature",
      "geometry": {
        "type": "Point",
        "coordinates": [
          34.982851099473216,
          31.706602000686438
        ]
      },
      "properties": {
        "rank": 38,
        "distance_metric": "graph",
        "placement_mode": "exact",
        "placement_semantics": "exact_point",
        "shelter_id": 1901,
        "candidate_source": "network_nodes",
        "time_bucket": "5min",
        "time_seconds": 300,
        "coordinates": "31.706602,34.982851",
        "nearest_building_dist_m": 44.51,
        "newly_covered_buildings": 4,
        "newly_covered_people_est": 28
      }
    },
    {
      "type": "Feature",
      "geometry": {
        "type": "Point",
        "coordinates": [
          34.9883627625982,
          31.715397245706008
        ]
      },
      "properties": {
        "rank": 39,
        "distance_metric": "graph",
        "placement_mode": "exact",
        "placement_semantics": "exact_point",
        "shelter_id": 3244,
        "candidate_source": "network_nodes",
        "time_bucket": "5min",
        "time_seconds": 300,
        "coordinates": "31.715397,34.988363",
        "nearest_building_dist_m": 28.2,
        "newly_covered_buildings": 4,
        "newly_covered_people_est": 28
      }
    },
    {
      "type": "Feature",
      "geometry": {
        "type": "Point",
        "coordinates": [
          34.99398004657439,
          31.760352628525634
        ]
      },
      "properties": {
        "rank": 40,
        "distance_metric": "graph",
        "placement_mode": "exact",
        "placement_semantics": "exact_point",
        "shelter_id": 3405,
        "candidate_source": "network_nodes",
        "time_bucket": "5min",
        "time_seconds": 300,
        "coordinates": "31.760353,34.993980",
        "nearest_building_dist_m": 12.72,
        "newly_covered_buildings": 4,
        "newly_covered_people_est": 28
      }
    },
    {
      "type": "Feature",
      "geometry": {
        "type": "Point",
        "coordinates": [
          34.99219210612268,
          31.708750843058052
        ]
      },
      "properties": {
        "rank": 41,
        "distance_metric": "graph",
        "placement_mode": "exact",
        "placement_semantics": "exact_point",
        "shelter_id": 25,
        "candidate_source": "buildings",
        "time_bucket": "5min",
        "time_seconds": 300,
        "coordinates": "31.708751,34.992192",
        "nearest_building_dist_m": 0.0,
        "newly_covered_buildings": 3,
        "newly_covered_people_est": 21
      }
    },
    {
      "type": "Feature",
      "geometry": {
        "type": "Point",
        "coordinates": [
          34.98374530378801,
          31.739880656700862
        ]
      },
      "properties": {
        "rank": 42,
        "distance_metric": "graph",
        "placement_mode": "exact",
        "placement_semantics": "exact_point",
        "shelter_id": 80,
        "candidate_source": "buildings",
        "time_bucket": "5min",
        "time_seconds": 300,
        "coordinates": "31.739881,34.983745",
        "nearest_building_dist_m": 0.0,
        "newly_covered_buildings": 3,
        "newly_covered_people_est": 21
      }
    },
    {
      "type": "Feature",
      "geometry": {
        "type": "Point",
        "coordinates": [
          34.99096179597558,
          31.748923233597335
        ]
      },
      "properties": {
        "rank": 43,
        "distance_metric": "graph",
        "placement_mode": "exact",
        "placement_semantics": "exact_point",
        "shelter_id": 95,
        "candidate_source": "buildings",
        "time_bucket": "5min",
        "time_seconds": 300,
        "coordinates": "31.748923,34.990962",
        "nearest_building_dist_m": 0.0,
        "newly_covered_buildings": 3,
        "newly_covered_people_est": 21
      }
    },
    {
      "type": "Feature",
      "geometry": {
        "type": "Point",
        "coordinates": [
          34.985647159306176,
          31.742339962507767
        ]
      },
      "properties": {
        "rank": 44,
        "distance_metric": "graph",
        "placement_mode": "exact",
        "placement_semantics": "exact_point",
        "shelter_id": 101,
        "candidate_source": "buildings",
        "time_bucket": "5min",
        "time_seconds": 300,
        "coordinates": "31.742340,34.985647",
        "nearest_building_dist_m": 0.0,
        "newly_covered_buildings": 3,
        "newly_covered_people_est": 21
      }
    },
    {
      "type": "Feature",
      "geometry": {
        "type": "Point",
        "coordinates": [
          34.99482882589628,
          31.755442913294868
        ]
      },
      "properties": {
        "rank": 45,
        "distance_metric": "graph",
        "placement_mode": "exact",
        "placement_semantics": "exact_point",
        "shelter_id": 113,
        "candidate_source": "buildings",
        "time_bucket": "5min",
        "time_seconds": 300,
        "coordinates": "31.755443,34.994829",
        "nearest_building_dist_m": 0.0,
        "newly_covered_buildings": 3,
        "newly_covered_people_est": 21
      }
    },
    {
      "type": "Feature",
      "geometry": {
        "type": "Point",
        "coordinates": [
          34.99912134642316,
          31.749757013055035
        ]
      },
      "properties": {
        "rank": 46,
        "distance_metric": "graph",
        "placement_mode": "exact",
        "placement_semantics": "exact_point",
        "shelter_id": 135,
        "candidate_source": "buildings",
        "time_bucket": "5min",
        "time_seconds": 300,
        "coordinates": "31.749757,34.999121",
        "nearest_building_dist_m": 0.0,
        "newly_covered_buildings": 3,
        "newly_covered_people_est": 21
      }
    },
    {
      "type": "Feature",
      "geometry": {
        "type": "Point",
        "coordinates": [
          34.9944974174095,
          31.738160214939164
        ]
      },
      "properties": {
        "rank": 47,
        "distance_metric": "graph",
        "placement_mode": "exact",
        "placement_semantics": "exact_point",
        "shelter_id": 168,
        "candidate_source": "buildings",
        "time_bucket": "5min",
        "time_seconds": 300,
        "coordinates": "31.738160,34.994497",
        "nearest_building_dist_m": 0.0,
        "newly_covered_buildings": 3,
        "newly_covered_people_est": 21
      }
    },
    {
      "type": "Feature",
      "geometry": {
        "type": "Point",
        "coordinates": [
          34.989095679073245,
          31.71724046512058
        ]
      },
      "properties": {
        "rank": 48,
        "distance_metric": "graph",
        "placement_mode": "exact",
        "placement_semantics": "exact_point",
        "shelter_id": 185,
        "candidate_source": "buildings",
        "time_bucket": "5min",
        "time_seconds": 300,
        "coordinates": "31.717240,34.989096",
        "nearest_building_dist_m": 0.0,
        "newly_covered_buildings": 3,
        "newly_covered_people_est": 21
      }
    },
    {
      "type": "Feature",
      "geometry": {
        "type": "Point",
        "coordinates": [
          34.995166185456796,
          31.74940864094667
        ]
      },
      "properties": {
        "rank": 49,
        "distance_metric": "graph",
        "placement_mode": "exact",
        "placement_semantics": "exact_point",
        "shelter_id": 189,
        "candidate_source": "buildings",
        "time_bucket": "5min",
        "time_seconds": 300,
        "coordinates": "31.749409,34.995166",
        "nearest_building_dist_m": 0.0,
        "newly_covered_buildings": 3,
        "newly_covered_people_est": 21
      }
    },
    {
      "type": "Feature",
      "geometry": {
        "type": "Point",
        "coordinates": [
          34.997754416913786,
          31.709172701267576
        ]
      },
      "properties": {
        "rank": 50,
        "distance_metric": "graph",
        "placement_mode": "exact",
        "placement_semantics": "exact_point",
        "shelter_id": 215,
        "candidate_source": "buildings",
        "time_bucket": "5min",
        "time_seconds": 300,
        "coordinates": "31.709173,34.997754",
        "nearest_building_dist_m": 0.0,
        "newly_covered_buildings": 3,
        "newly_covered_people_est": 21
      }
    },
    {
      "type": "Feature",
      "geometry": {
        "type": "Point",
        "coordinates": [
          34.99142015639691,
          31.750629147711432
        ]
      },
      "properties": {
        "rank": 51,
        "distance_metric": "graph",
        "placement_mode": "exact",
        "placement_semantics": "exact_point",
        "shelter_id": 247,
        "candidate_source": "buildings",
        "time_bucket": "5min",
        "time_seconds": 300,
        "coordinates": "31.750629,34.991420",
        "nearest_building_dist_m": 0.0,
        "newly_covered_buildings": 3,
        "newly_covered_people_est": 21
      }
    },
    {
      "type": "Feature",
      "geometry": {
        "type": "Point",
        "coordinates": [
          34.99548985116378,
          31.74163466243523
        ]
      },
      "properties": {
        "rank": 52,
        "distance_metric": "graph",
        "placement_mode": "exact",
        "placement_semantics": "exact_point",
        "shelter_id": 350,
        "candidate_source": "buildings",
        "time_bucket": "5min",
        "time_seconds": 300,
        "coordinates": "31.741635,34.995490",
        "nearest_building_dist_m": 0.0,
        "newly_covered_buildings": 3,
        "newly_covered_people_est": 21
      }
    },
    {
      "type": "Feature",
      "geometry": {
        "type": "Point",
        "coordinates": [
          34.99818747336469,
          31.740734819242693
        ]
      },
      "properties": {
        "rank": 53,
        "distance_metric": "graph",
        "placement_mode": "exact",
        "placement_semantics": "exact_point",
        "shelter_id": 362,
        "candidate_source": "buildings",
        "time_bucket": "5min",
        "time_seconds": 300,
        "coordinates": "31.740735,34.998187",
        "nearest_building_dist_m": 0.0,
        "newly_covered_buildings": 3,
        "newly_covered_people_est": 21
      }
    },
    {
      "type": "Feature",
      "geometry": {
        "type": "Point",
        "coordinates": [
          34.999568843611115,
          31.708179926067153
        ]
      },
      "properties": {
        "rank": 54,
        "distance_metric": "graph",
        "placement_mode": "exact",
        "placement_semantics": "exact_point",
        "shelter_id": 367,
        "candidate_source": "buildings",
        "time_bucket": "5min",
        "time_seconds": 300,
        "coordinates": "31.708180,34.999569",
        "nearest_building_dist_m": 0.0,
        "newly_covered_buildings": 3,
        "newly_covered_people_est": 21
      }
    },
    {
      "type": "Feature",
      "geometry": {
        "type": "Point",
        "coordinates": [
          34.956278473434764,
          31.732995718611836
        ]
      },
      "properties": {
        "rank": 55,
        "distance_metric": "graph",
        "placement_mode": "exact",
        "placement_semantics": "exact_point",
        "shelter_id": 428,
        "candidate_source": "buildings",
        "time_bucket": "5min",
        "time_seconds": 300,
        "coordinates": "31.732996,34.956278",
        "nearest_building_dist_m": 0.0,
        "newly_covered_buildings": 3,
        "newly_covered_people_est": 21
      }
    },
    {
      "type": "Feature",
      "geometry": {
        "type": "Point",
        "coordinates": [
          34.956069781374424,
          31.734000817848752
        ]
      },
      "properties": {
        "rank": 56,
        "distance_metric": "graph",
        "placement_mode": "exact",
        "placement_semantics": "exact_point",
        "shelter_id": 435,
        "candidate_source": "buildings",
        "time_bucket": "5min",
        "time_seconds": 300,
        "coordinates": "31.734001,34.956070",
        "nearest_building_dist_m": 0.0,
        "newly_covered_buildings": 3,
        "newly_covered_people_est": 21
      }
    },
    {
      "type": "Feature",
      "geometry": {
        "type": "Point",
        "coordinates": [
          34.996201477141824,
          31.754949307210957
        ]
      },
      "properties": {
        "rank": 57,
        "distance_metric": "graph",
        "placement_mode": "exact",
        "placement_semantics": "exact_point",
        "shelter_id": 471,
        "candidate_source": "buildings",
        "time_bucket": "5min",
        "time_seconds": 300,
        "coordinates": "31.754949,34.996201",
        "nearest_building_dist_m": 0.0,
        "newly_covered_buildings": 3,
        "newly_covered_people_est": 21
      }
    },
    {
      "type": "Feature",
      "geometry": {
        "type": "Point",
        "coordinates": [
          34.98965380189322,
          31.76861153857204
        ]
      },
      "properties": {
        "rank": 58,
        "distance_metric": "graph",
        "placement_mode": "exact",
        "placement_semantics": "exact_point",
        "shelter_id": 489,
        "candidate_source": "buildings",
        "time_bucket": "5min",
        "time_seconds": 300,
        "coordinates": "31.768612,34.989654",
        "nearest_building_dist_m": 0.0,
        "newly_covered_buildings": 3,
        "newly_covered_people_est": 21
      }
    },
    {
      "type": "Feature",
      "geometry": {
        "type": "Point",
        "coordinates": [
          34.989544999475,
          31.734408000683953
        ]
      },
      "properties": {
        "rank": 59,
        "distance_metric": "graph",
        "placement_mode": "exact",
        "placement_semantics": "exact_point",
        "shelter_id": 551,
        "candidate_source": "network_nodes",
        "time_bucket": "5min",
        "time_seconds": 300,
        "coordinates": "31.734408,34.989545",
        "nearest_building_dist_m": 120.48,
        "newly_covered_buildings": 3,
        "newly_covered_people_est": 21
      }
    },
    {
      "type": "Feature",
      "geometry": {
        "type": "Point",
        "coordinates": [
          34.98199519947657,
          31.75257070068159
        ]
      },
      "properties": {
        "rank": 60,
        "distance_metric": "graph",
        "placement_mode": "exact",
        "placement_semantics": "exact_point",
        "shelter_id": 577,
        "candidate_source": "network_nodes",
        "time_bucket": "5min",
        "time_seconds": 300,
        "coordinates": "31.752571,34.981995",
        "nearest_building_dist_m": 44.92,
        "newly_covered_buildings": 3,
        "newly_covered_people_est": 21
      }
    },
    {
      "type": "Feature",
      "geometry": {
        "type": "Point",
        "coordinates": [
          34.981484299475774,
          31.741413400682717
        ]
      },
      "properties": {
        "rank": 61,
        "distance_metric": "graph",
        "placement_mode": "exact",
        "placement_semantics": "exact_point",
        "shelter_id": 604,
        "candidate_source": "network_nodes",
        "time_bucket": "5min",
        "time_seconds": 300,
        "coordinates": "31.741413,34.981484",
        "nearest_building_dist_m": 71.43,
        "newly_covered_buildings": 3,
        "newly_covered_people_est": 21
      }
    },
    {
      "type": "Feature",
      "geometry": {
        "type": "Point",
        "coordinates": [
          34.97975399947578,
          31.74071310068269
        ]
      },
      "properties": {
        "rank": 62,
        "distance_metric": "graph",
        "placement_mode": "exact",
        "placement_semantics": "exact_point",
        "shelter_id": 654,
        "candidate_source": "network_nodes",
        "time_bucket": "5min",
        "time_seconds": 300,
        "coordinates": "31.740713,34.979754",
        "nearest_building_dist_m": 82.64,
        "newly_covered_buildings": 3,
        "newly_covered_people_est": 21
      }
    },
    {
      "type": "Feature",
      "geometry": {
        "type": "Point",
        "coordinates": [
          34.99710679947502,
          31.73795380068404
        ]
      },
      "properties": {
        "rank": 63,
        "distance_metric": "graph",
        "placement_mode": "exact",
        "placement_semantics": "exact_point",
        "shelter_id": 715,
        "candidate_source": "network_nodes",
        "time_bucket": "5min",
        "time_seconds": 300,
        "coordinates": "31.737954,34.997107",
        "nearest_building_dist_m": 59.9,
        "newly_covered_buildings": 3,
        "newly_covered_people_est": 21
      }
    },
    {
      "type": "Feature",
      "geometry": {
        "type": "Point",
        "coordinates": [
          34.99122749947499,
          31.734977300684
        ]
      },
      "properties": {
        "rank": 64,
        "distance_metric": "graph",
        "placement_mode": "exact",
        "placement_semantics": "exact_point",
        "shelter_id": 759,
        "candidate_source": "network_nodes",
        "time_bucket": "5min",
        "time_seconds": 300,
        "coordinates": "31.734977,34.991227",
        "nearest_building_dist_m": 84.5,
        "newly_covered_buildings": 3,
        "newly_covered_people_est": 21
      }
    },
    {
      "type": "Feature",
      "geometry": {
        "type": "Point",
        "coordinates": [
          34.98375409947606,
          31.74628980068236
        ]
      },
      "properties": {
        "rank": 65,
        "distance_metric": "graph",
        "placement_mode": "exact",
        "placement_semantics": "exact_point",
        "shelter_id": 887,
        "candidate_source": "network_nodes",
        "time_bucket": "5min",
        "time_seconds": 300,
        "coordinates": "31.746290,34.983754",
        "nearest_building_dist_m": 30.95,
        "newly_covered_buildings": 3,
        "newly_covered_people_est": 21
      }
    },
    {
      "type": "Feature",
      "geometry": {
        "type": "Point",
        "coordinates": [
          34.982697899476385,
          31.75040640068185
        ]
      },
      "properties": {
        "rank": 66,
        "distance_metric": "graph",
        "placement_mode": "exact",
        "placement_semantics": "exact_point",
        "shelter_id": 920,
        "candidate_source": "network_nodes",
        "time_bucket": "5min",
        "time_seconds": 300,
        "coordinates": "31.750406,34.982698",
        "nearest_building_dist_m": 56.53,
        "newly_covered_buildings": 3,
        "newly_covered_people_est": 21
      }
    },
    {
      "type": "Feature",
      "geometry": {
        "type": "Point",
        "coordinates": [
          34.99975099947533,
          31.74356420068362
        ]
      },
      "properties": {
        "rank": 67,
        "distance_metric": "graph",
        "placement_mode": "exact",
        "placement_semantics": "exact_point",
        "shelter_id": 980,
        "candidate_source": "network_nodes",
        "time_bucket": "5min",
        "time_seconds": 300,
        "coordinates": "31.743564,34.999751",
        "nearest_building_dist_m": 42.27,
        "newly_covered_buildings": 3,
        "newly_covered_people_est": 21
      }
    },
    {
      "type": "Feature",
      "geometry": {
        "type": "Point",
        "coordinates": [
          34.99139149947353,
          31.714832000686112
        ]
      },
      "properties": {
        "rank": 68,
        "distance_metric": "graph",
        "placement_mode": "exact",
        "placement_semantics": "exact_point",
        "shelter_id": 1105,
        "candidate_source": "network_nodes",
        "time_bucket": "5min",
        "time_seconds": 300,
        "coordinates": "31.714832,34.991391",
        "nearest_building_dist_m": 91.17,
        "newly_covered_buildings": 3,
        "newly_covered_people_est": 21
      }
    },
    {
      "type": "Feature",
      "geometry": {
        "type": "Point",
        "coordinates": [
          35.00076129947555,
          31.747181900683298
        ]
      },
      "properties": {
        "rank": 69,
        "distance_metric": "graph",
        "placement_mode": "exact",
        "placement_semantics": "exact_point",
        "shelter_id": 1366,
        "candidate_source": "network_nodes",
        "time_bucket": "5min",
        "time_seconds": 300,
        "coordinates": "31.747182,35.000761",
        "nearest_building_dist_m": 57.8,
        "newly_covered_buildings": 3,
        "newly_covered_people_est": 21
      }
    },
    {
      "type": "Feature",
      "geometry": {
        "type": "Point",
        "coordinates": [
          34.99901089947594,
          31.75150590068276
        ]
      },
      "properties": {
        "rank": 70,
        "distance_metric": "graph",
        "placement_mode": "exact",
        "placement_semantics": "exact_point",
        "shelter_id": 1397,
        "candidate_source": "network_nodes",
        "time_bucket": "5min",
        "time_seconds": 300,
        "coordinates": "31.751506,34.999011",
        "nearest_building_dist_m": 81.64,
        "newly_covered_buildings": 3,
        "newly_covered_people_est": 21
      }
    },
    {
      "type": "Feature",
      "geometry": {
        "type": "Point",
        "coordinates": [
          34.95163799947626,
          31.73450510068163
        ]
      },
      "properties": {
        "rank": 71,
        "distance_metric": "graph",
        "placement_mode": "exact",
        "placement_semantics": "exact_point",
        "shelter_id": 1556,
        "candidate_source": "network_nodes",
        "time_bucket": "5min",
        "time_seconds": 300,
        "coordinates": "31.734505,34.951638",
        "nearest_building_dist_m": 59.77,
        "newly_covered_buildings": 3,
        "newly_covered_people_est": 21
      }
    },
    {
      "type": "Feature",
      "geometry": {
        "type": "Point",
        "coordinates": [
          34.988626399472835,
          31.70385730068708
        ]
      },
      "properties": {
        "rank": 72,
        "distance_metric": "graph",
        "placement_mode": "exact",
        "placement_semantics": "exact_point",
        "shelter_id": 1818,
        "candidate_source": "network_nodes",
        "time_bucket": "5min",
        "time_seconds": 300,
        "coordinates": "31.703857,34.988626",
        "nearest_building_dist_m": 66.32,
        "newly_covered_buildings": 3,
        "newly_covered_people_est": 21
      }
    },
    {
      "type": "Feature",
      "geometry": {
        "type": "Point",
        "coordinates": [
          34.98325359947284,
          31.701553600687003
        ]
      },
      "properties": {
        "rank": 73,
        "distance_metric": "graph",
        "placement_mode": "exact",
        "placement_semantics": "exact_point",
        "shelter_id": 2181,
        "candidate_source": "network_nodes",
        "time_bucket": "5min",
        "time_seconds": 300,
        "coordinates": "31.701554,34.983254",
        "nearest_building_dist_m": 90.22,
        "newly_covered_buildings": 3,
        "newly_covered_people_est": 21
      }
    },
    {
      "type": "Feature",
      "geometry": {
        "type": "Point",
        "coordinates": [
          34.99885214525417,
          31.713979850121508
        ]
      },
      "properties": {
        "rank": 74,
        "distance_metric": "graph",
        "placement_mode": "exact",
        "placement_semantics": "exact_point",
        "shelter_id": 1,
        "candidate_source": "buildings",
        "time_bucket": "5min",
        "time_seconds": 300,
        "coordinates": "31.713980,34.998852",
        "nearest_building_dist_m": 0.0,
        "newly_covered_buildings": 2,
        "newly_covered_people_est": 14
      }
    },
    {
      "type": "Feature",
      "geometry": {
        "type": "Point",
        "coordinates": [
          34.99416224550391,
          31.744379202667957
        ]
      },
      "properties": {
        "rank": 75,
        "distance_metric": "graph",
        "placement_mode": "exact",
        "placement_semantics": "exact_point",
        "shelter_id": 8,
        "candidate_source": "buildings",
        "time_bucket": "5min",
        "time_seconds": 300,
        "coordinates": "31.744379,34.994162",
        "nearest_building_dist_m": 0.0,
        "newly_covered_buildings": 2,
        "newly_covered_people_est": 14
      }
    },
    {
      "type": "Feature",
      "geometry": {
        "type": "Point",
        "coordinates": [
          34.99331221653525,
          31.748382085747117
        ]
      },
      "properties": {
        "rank": 76,
        "distance_metric": "graph",
        "placement_mode": "exact",
        "placement_semantics": "exact_point",
        "shelter_id": 37,
        "candidate_source": "buildings",
        "time_bucket": "5min",
        "time_seconds": 300,
        "coordinates": "31.748382,34.993312",
        "nearest_building_dist_m": 0.0,
        "newly_covered_buildings": 2,
        "newly_covered_people_est": 14
      }
    },
    {
      "type": "Feature",
      "geometry": {
        "type": "Point",
        "coordinates": [
          34.9826022542501,
          31.705487100976146
        ]
      },
      "properties": {
        "rank": 77,
        "distance_metric": "graph",
        "placement_mode": "exact",
        "placement_semantics": "exact_point",
        "shelter_id": 39,
        "candidate_source": "buildings",
        "time_bucket": "5min",
        "time_seconds": 300,
        "coordinates": "31.705487,34.982602",
        "nearest_building_dist_m": 0.0,
        "newly_covered_buildings": 2,
        "newly_covered_people_est": 14
      }
    },
    {
      "type": "Feature",
      "geometry": {
        "type": "Point",
        "coordinates": [
          34.99159409677452,
          31.767766828698043
        ]
      },
      "properties": {
        "rank": 78,
        "distance_metric": "graph",
        "placement_mode": "exact",
        "placement_semantics": "exact_point",
        "shelter_id": 46,
        "candidate_source": "buildings",
        "time_bucket": "5min",
        "time_seconds": 300,
        "coordinates": "31.767767,34.991594",
        "nearest_building_dist_m": 0.0,
        "newly_covered_buildings": 2,
        "newly_covered_people_est": 14
      }
    },
    {
      "type": "Feature",
      "geometry": {
        "type": "Point",
        "coordinates": [
          34.98700449953618,
          31.755171527356428
        ]
      },
      "properties": {
        "rank": 79,
        "distance_metric": "graph",
        "placement_mode": "exact",
        "placement_semantics": "exact_point",
        "shelter_id": 54,
        "candidate_source": "buildings",
        "time_bucket": "5min",
        "time_seconds": 300,
        "coordinates": "31.755172,34.987004",
        "nearest_building_dist_m": 0.0,
        "newly_covered_buildings": 2,
        "newly_covered_people_est": 14
      }
    },
    {
      "type": "Feature",
      "geometry": {
        "type": "Point",
        "coordinates": [
          34.997587354590294,
          31.7428546040443
        ]
      },
      "properties": {
        "rank": 80,
        "distance_metric": "graph",
        "placement_mode": "exact",
        "placement_semantics": "exact_point",
        "shelter_id": 59,
        "candidate_source": "buildings",
        "time_bucket": "5min",
        "time_seconds": 300,
        "coordinates": "31.742855,34.997587",
        "nearest_building_dist_m": 0.0,
        "newly_covered_buildings": 2,
        "newly_covered_people_est": 14
      }
    },
    {
      "type": "Feature",
      "geometry": {
        "type": "Point",
        "coordinates": [
          34.996139501942835,
          31.74184727773933
        ]
      },
      "properties": {
        "rank": 81,
        "distance_metric": "graph",
        "placement_mode": "exact",
        "placement_semantics": "exact_point",
        "shelter_id": 83,
        "candidate_source": "buildings",
        "time_bucket": "5min",
        "time_seconds": 300,
        "coordinates": "31.741847,34.996140",
        "nearest_building_dist_m": 0.0,
        "newly_covered_buildings": 2,
        "newly_covered_people_est": 14
      }
    },
    {
      "type": "Feature",
      "geometry": {
        "type": "Point",
        "coordinates": [
          34.9770763201611,
          31.738109053069756
        ]
      },
      "properties": {
        "rank": 82,
        "distance_metric": "graph",
        "placement_mode": "exact",
        "placement_semantics": "exact_point",
        "shelter_id": 89,
        "candidate_source": "buildings",
        "time_bucket": "5min",
        "time_seconds": 300,
        "coordinates": "31.738109,34.977076",
        "nearest_building_dist_m": 0.0,
        "newly_covered_buildings": 2,
        "newly_covered_people_est": 14
      }
    },
    {
      "type": "Feature",
      "geometry": {
        "type": "Point",
        "coordinates": [
          34.97542600247019,
          31.744457266072004
        ]
      },
      "properties": {
        "rank": 83,
        "distance_metric": "graph",
        "placement_mode": "exact",
        "placement_semantics": "exact_point",
        "shelter_id": 117,
        "candidate_source": "buildings",
        "time_bucket": "5min",
        "time_seconds": 300,
        "coordinates": "31.744457,34.975426",
        "nearest_building_dist_m": 0.0,
        "newly_covered_buildings": 2,
        "newly_covered_people_est": 14
      }
    },
    {
      "type": "Feature",
      "geometry": {
        "type": "Point",
        "coordinates": [
          34.9920941179593,
          31.753847617519494
        ]
      },
      "properties": {
        "rank": 84,
        "distance_metric": "graph",
        "placement_mode": "exact",
        "placement_semantics": "exact_point",
        "shelter_id": 120,
        "candidate_source": "buildings",
        "time_bucket": "5min",
        "time_seconds": 300,
        "coordinates": "31.753848,34.992094",
        "nearest_building_dist_m": 0.0,
        "newly_covered_buildings": 2,
        "newly_covered_people_est": 14
      }
    },
    {
      "type": "Feature",
      "geometry": {
        "type": "Point",
        "coordinates": [
          34.99196165802516,
          31.728557867797868
        ]
      },
      "properties": {
        "rank": 85,
        "distance_metric": "graph",
        "placement_mode": "exact",
        "placement_semantics": "exact_point",
        "shelter_id": 124,
        "candidate_source": "buildings",
        "time_bucket": "5min",
        "time_seconds": 300,
        "coordinates": "31.728558,34.991962",
        "nearest_building_dist_m": 0.0,
        "newly_covered_buildings": 2,
        "newly_covered_people_est": 14
      }
    },
    {
      "type": "Feature",
      "geometry": {
        "type": "Point",
        "coordinates": [
          34.9995462403475,
          31.74832838223755
        ]
      },
      "properties": {
        "rank": 86,
        "distance_metric": "graph",
        "placement_mode": "exact",
        "placement_semantics": "exact_point",
        "shelter_id": 127,
        "candidate_source": "buildings",
        "time_bucket": "5min",
        "time_seconds": 300,
        "coordinates": "31.748328,34.999546",
        "nearest_building_dist_m": 0.0,
        "newly_covered_buildings": 2,
        "newly_covered_people_est": 14
      }
    },
    {
      "type": "Feature",
      "geometry": {
        "type": "Point",
        "coordinates": [
          34.99381195704732,
          31.74004582664836
        ]
      },
      "properties": {
        "rank": 87,
        "distance_metric": "graph",
        "placement_mode": "exact",
        "placement_semantics": "exact_point",
        "shelter_id": 132,
        "candidate_source": "buildings",
        "time_bucket": "5min",
        "time_seconds": 300,
        "coordinates": "31.740046,34.993812",
        "nearest_building_dist_m": 0.0,
        "newly_covered_buildings": 2,
        "newly_covered_people_est": 14
      }
    },
    {
      "type": "Feature",
      "geometry": {
        "type": "Point",
        "coordinates": [
          34.99181482828238,
          31.745454609323993
        ]
      },
      "properties": {
        "rank": 88,
        "distance_metric": "graph",
        "placement_mode": "exact",
        "placement_semantics": "exact_point",
        "shelter_id": 148,
        "candidate_source": "buildings",
        "time_bucket": "5min",
        "time_seconds": 300,
        "coordinates": "31.745455,34.991815",
        "nearest_building_dist_m": 0.0,
        "newly_covered_buildings": 2,
        "newly_covered_people_est": 14
      }
    },
    {
      "type": "Feature",
      "geometry": {
        "type": "Point",
        "coordinates": [
          34.993977518901964,
          31.743034446043268
        ]
      },
      "properties": {
        "rank": 89,
        "distance_metric": "graph",
        "placement_mode": "exact",
        "placement_semantics": "exact_point",
        "shelter_id": 150,
        "candidate_source": "buildings",
        "time_bucket": "5min",
        "time_seconds": 300,
        "coordinates": "31.743034,34.993978",
        "nearest_building_dist_m": 0.0,
        "newly_covered_buildings": 2,
        "newly_covered_people_est": 14
      }
    },
    {
      "type": "Feature",
      "geometry": {
        "type": "Point",
        "coordinates": [
          34.982048969394214,
          31.739258645839232
        ]
      },
      "properties": {
        "rank": 90,
        "distance_metric": "graph",
        "placement_mode": "exact",
        "placement_semantics": "exact_point",
        "shelter_id": 153,
        "candidate_source": "buildings",
        "time_bucket": "5min",
        "time_seconds": 300,
        "coordinates": "31.739259,34.982049",
        "nearest_building_dist_m": 0.0,
        "newly_covered_buildings": 2,
        "newly_covered_people_est": 14
      }
    },
    {
      "type": "Feature",
      "geometry": {
        "type": "Point",
        "coordinates": [
          34.99117780473121,
          31.768157361321283
        ]
      },
      "properties": {
        "rank": 91,
        "distance_metric": "graph",
        "placement_mode": "exact",
        "placement_semantics": "exact_point",
        "shelter_id": 154,
        "candidate_source": "buildings",
        "time_bucket": "5min",
        "time_seconds": 300,
        "coordinates": "31.768157,34.991178",
        "nearest_building_dist_m": 0.0,
        "newly_covered_buildings": 2,
        "newly_covered_people_est": 14
      }
    },
    {
      "type": "Feature",
      "geometry": {
        "type": "Point",
        "coordinates": [
          34.990137106065326,
          31.713358227633478
        ]
      },
      "properties": {
        "rank": 92,
        "distance_metric": "graph",
        "placement_mode": "exact",
        "placement_semantics": "exact_point",
        "shelter_id": 158,
        "candidate_source": "buildings",
        "time_bucket": "5min",
        "time_seconds": 300,
        "coordinates": "31.713358,34.990137",
        "nearest_building_dist_m": 0.0,
        "newly_covered_buildings": 2,
        "newly_covered_people_est": 14
      }
    },
    {
      "type": "Feature",
      "geometry": {
        "type": "Point",
        "coordinates": [
          34.99805416408203,
          31.715945508504284
        ]
      },
      "properties": {
        "rank": 93,
        "distance_metric": "graph",
        "placement_mode": "exact",
        "placement_semantics": "exact_point",
        "shelter_id": 188,
        "candidate_source": "buildings",
        "time_bucket": "5min",
        "time_seconds": 300,
        "coordinates": "31.715946,34.998054",
        "nearest_building_dist_m": 0.0,
        "newly_covered_buildings": 2,
        "newly_covered_people_est": 14
      }
    },
    {
      "type": "Feature",
      "geometry": {
        "type": "Point",
        "coordinates": [
          34.99173317312813,
          31.75029836449102
        ]
      },
      "properties": {
        "rank": 94,
        "distance_metric": "graph",
        "placement_mode": "exact",
        "placement_semantics": "exact_point",
        "shelter_id": 210,
        "candidate_source": "buildings",
        "time_bucket": "5min",
        "time_seconds": 300,
        "coordinates": "31.750298,34.991733",
        "nearest_building_dist_m": 0.0,
        "newly_covered_buildings": 2,
        "newly_covered_people_est": 14
      }
    },
    {
      "type": "Feature",
      "geometry": {
        "type": "Point",
        "coordinates": [
          34.986371090675924,
          31.74183250017697
        ]
      },
      "properties": {
        "rank": 95,
        "distance_metric": "graph",
        "placement_mode": "exact",
        "placement_semantics": "exact_point",
        "shelter_id": 228,
        "candidate_source": "buildings",
        "time_bucket": "5min",
        "time_seconds": 300,
        "coordinates": "31.741833,34.986371",
        "nearest_building_dist_m": 0.0,
        "newly_covered_buildings": 2,
        "newly_covered_people_est": 14
      }
    },
    {
      "type": "Feature",
      "geometry": {
        "type": "Point",
        "coordinates": [
          34.99576801948742,
          31.73903921052142
        ]
      },
      "properties": {
        "rank": 96,
        "distance_metric": "graph",
        "placement_mode": "exact",
        "placement_semantics": "exact_point",
        "shelter_id": 242,
        "candidate_source": "buildings",
        "time_bucket": "5min",
        "time_seconds": 300,
        "coordinates": "31.739039,34.995768",
        "nearest_building_dist_m": 0.0,
        "newly_covered_buildings": 2,
        "newly_covered_people_est": 14
      }
    },
    {
      "type": "Feature",
      "geometry": {
        "type": "Point",
        "coordinates": [
          34.98188494005533,
          31.71596984196833
        ]
      },
      "properties": {
        "rank": 97,
        "distance_metric": "graph",
        "placement_mode": "exact",
        "placement_semantics": "exact_point",
        "shelter_id": 249,
        "candidate_source": "buildings",
        "time_bucket": "5min",
        "time_seconds": 300,
        "coordinates": "31.715970,34.981885",
        "nearest_building_dist_m": 0.0,
        "newly_covered_buildings": 2,
        "newly_covered_people_est": 14
      }
    },
    {
      "type": "Feature",
      "geometry": {
        "type": "Point",
        "coordinates": [
          34.979408687380165,
          31.743156740230404
        ]
      },
      "properties": {
        "rank": 98,
        "distance_metric": "graph",
        "placement_mode": "exact",
        "placement_semantics": "exact_point",
        "shelter_id": 273,
        "candidate_source": "buildings",
        "time_bucket": "5min",
        "time_seconds": 300,
        "coordinates": "31.743157,34.979409",
        "nearest_building_dist_m": 0.0,
        "newly_covered_buildings": 2,
        "newly_covered_people_est": 14
      }
    },
    {
      "type": "Feature",
      "geometry": {
        "type": "Point",
        "coordinates": [
          34.99220896382671,
          31.718510483185426
        ]
      },
      "properties": {
        "rank": 99,
        "distance_metric": "graph",
        "placement_mode": "exact",
        "placement_semantics": "exact_point",
        "shelter_id": 324,
        "candidate_source": "buildings",
        "time_bucket": "5min",
        "time_seconds": 300,
        "coordinates": "31.718510,34.992209",
        "nearest_building_dist_m": 0.0,
        "newly_covered_buildings": 2,
        "newly_covered_people_est": 14
      }
    },
    {
      "type": "Feature",
      "geometry": {
        "type": "Point",
        "coordinates": [
          34.99437451901276,
          31.713628571098795
        ]
      },
      "properties": {
        "rank": 100,
        "distance_metric": "graph",
        "placement_mode": "exact",
        "placement_semantics": "exact_point",
        "shelter_id": 415,
        "candidate_source": "buildings",
        "time_bucket": "5min",
        "time_seconds": 300,
        "coordinates": "31.713629,34.994375",
        "nearest_building_dist_m": 0.0,
        "newly_covered_buildings": 2,
        "newly_covered_people_est": 14
      }
    },
    {
      "type": "Feature",
      "geometry": {
        "type": "Point",
        "coordinates": [
          34.993947366518405,
          31.71497349217187
        ]
      },
      "properties": {
        "rank": 101,
        "distance_metric": "graph",
        "placement_mode": "exact",
        "placement_semantics": "exact_point",
        "shelter_id": 418,
        "candidate_source": "buildings",
        "time_bucket": "5min",
        "time_seconds": 300,
        "coordinates": "31.714973,34.993947",
        "nearest_building_dist_m": 0.0,
        "newly_covered_buildings": 2,
        "newly_covered_people_est": 14
      }
    },
    {
      "type": "Feature",
      "geometry": {
        "type": "Point",
        "coordinates": [
          34.957098319095515,
          31.730487989777913
        ]
      },
      "properties": {
        "rank": 102,
        "distance_metric": "graph",
        "placement_mode": "exact",
        "placement_semantics": "exact_point",
        "shelter_id": 426,
        "candidate_source": "buildings",
        "time_bucket": "5min",
        "time_seconds": 300,
        "coordinates": "31.730488,34.957098",
        "nearest_building_dist_m": 0.0,
        "newly_covered_buildings": 2,
        "newly_covered_people_est": 14
      }
    },
    {
      "type": "Feature",
      "geometry": {
        "type": "Point",
        "coordinates": [
          34.95368717425963,
          31.733046134922805
        ]
      },
      "properties": {
        "rank": 103,
        "distance_metric": "graph",
        "placement_mode": "exact",
        "placement_semantics": "exact_point",
        "shelter_id": 430,
        "candidate_source": "buildings",
        "time_bucket": "5min",
        "time_seconds": 300,
        "coordinates": "31.733046,34.953687",
        "nearest_building_dist_m": 0.0,
        "newly_covered_buildings": 2,
        "newly_covered_people_est": 14
      }
    },
    {
      "type": "Feature",
      "geometry": {
        "type": "Point",
        "coordinates": [
          34.99681705472548,
          31.75520748797776
        ]
      },
      "properties": {
        "rank": 104,
        "distance_metric": "graph",
        "placement_mode": "exact",
        "placement_semantics": "exact_point",
        "shelter_id": 473,
        "candidate_source": "buildings",
        "time_bucket": "5min",
        "time_seconds": 300,
        "coordinates": "31.755207,34.996817",
        "nearest_building_dist_m": 0.0,
        "newly_covered_buildings": 2,
        "newly_covered_people_est": 14
      }
    },
    {
      "type": "Feature",
      "geometry": {
        "type": "Point",
        "coordinates": [
          34.9925738775791,
          31.756558551899435
        ]
      },
      "properties": {
        "rank": 105,
        "distance_metric": "graph",
        "placement_mode": "exact",
        "placement_semantics": "exact_point",
        "shelter_id": 481,
        "candidate_source": "buildings",
        "time_bucket": "5min",
        "time_seconds": 300,
        "coordinates": "31.756559,34.992574",
        "nearest_building_dist_m": 0.0,
        "newly_covered_buildings": 2,
        "newly_covered_people_est": 14
      }
    },
    {
      "type": "Feature",
      "geometry": {
        "type": "Point",
        "coordinates": [
          34.9594125572008,
          31.735496887998153
        ]
      },
      "properties": {
        "rank": 106,
        "distance_metric": "graph",
        "placement_mode": "exact",
        "placement_semantics": "exact_point",
        "shelter_id": 491,
        "candidate_source": "buildings",
        "time_bucket": "5min",
        "time_seconds": 300,
        "coordinates": "31.735497,34.959413",
        "nearest_building_dist_m": 0.0,
        "newly_covered_buildings": 2,
        "newly_covered_people_est": 14
      }
    },
    {
      "type": "Feature",
      "geometry": {
        "type": "Point",
        "coordinates": [
          34.99324969947525,
          31.73946540068364
        ]
      },
      "properties": {
        "rank": 107,
        "distance_metric": "graph",
        "placement_mode": "exact",
        "placement_semantics": "exact_point",
        "shelter_id": 501,
        "candidate_source": "network_nodes",
        "time_bucket": "5min",
        "time_seconds": 300,
        "coordinates": "31.739465,34.993250",
        "nearest_building_dist_m": 21.6,
        "newly_covered_buildings": 2,
        "newly_covered_people_est": 14
      }
    },
    {
      "type": "Feature",
      "geometry": {
        "type": "Point",
        "coordinates": [
          34.99364019947461,
          31.730750000684584
        ]
      },
      "properties": {
        "rank": 108,
        "distance_metric": "graph",
        "placement_mode": "exact",
        "placement_semantics": "exact_point",
        "shelter_id": 780,
        "candidate_source": "network_nodes",
        "time_bucket": "5min",
        "time_seconds": 300,
        "coordinates": "31.730750,34.993640",
        "nearest_building_dist_m": 48.42,
        "newly_covered_buildings": 2,
        "newly_covered_people_est": 14
      }
    },
    {
      "type": "Feature",
      "geometry": {
        "type": "Point",
        "coordinates": [
          34.988018999473546,
          31.713141400686084
        ]
      },
      "properties": {
        "rank": 109,
        "distance_metric": "graph",
        "placement_mode": "exact",
        "placement_semantics": "exact_point",
        "shelter_id": 811,
        "candidate_source": "network_nodes",
        "time_bucket": "5min",
        "time_seconds": 300,
        "coordinates": "31.713141,34.988019",
        "nearest_building_dist_m": 52.01,
        "newly_covered_buildings": 2,
        "newly_covered_people_est": 14
      }
    },
    {
      "type": "Feature",
      "geometry": {
        "type": "Point",
        "coordinates": [
          34.982297799476264,
          31.748585600682024
        ]
      },
      "properties": {
        "rank": 110,
        "distance_metric": "graph",
        "placement_mode": "exact",
        "placement_semantics": "exact_point",
        "shelter_id": 864,
        "candidate_source": "network_nodes",
        "time_bucket": "5min",
        "time_seconds": 300,
        "coordinates": "31.748586,34.982298",
        "nearest_building_dist_m": 56.32,
        "newly_covered_buildings": 2,
        "newly_covered_people_est": 14
      }
    },
    {
      "type": "Feature",
      "geometry": {
        "type": "Point",
        "coordinates": [
          34.98493099947555,
          31.739813400683108
        ]
      },
      "properties": {
        "rank": 111,
        "distance_metric": "graph",
        "placement_mode": "exact",
        "placement_semantics": "exact_point",
        "shelter_id": 881,
        "candidate_source": "network_nodes",
        "time_bucket": "5min",
        "time_seconds": 300,
        "coordinates": "31.739813,34.984931",
        "nearest_building_dist_m": 68.59,
        "newly_covered_buildings": 2,
        "newly_covered_people_est": 14
      }
    },
    {
      "type": "Feature",
      "geometry": {
        "type": "Point",
        "coordinates": [
          34.99389069947633,
          31.75466530068211
        ]
      },
      "properties": {
        "rank": 112,
        "distance_metric": "graph",
        "placement_mode": "exact",
        "placement_semantics": "exact_point",
        "shelter_id": 933,
        "candidate_source": "network_nodes",
        "time_bucket": "5min",
        "time_seconds": 300,
        "coordinates": "31.754665,34.993891",
        "nearest_building_dist_m": 40.2,
        "newly_covered_buildings": 2,
        "newly_covered_people_est": 14
      }
    },
    {
      "type": "Feature",
      "geometry": {
        "type": "Point",
        "coordinates": [
          35.00024749947477,
          31.735992300684437
        ]
      },
      "properties": {
        "rank": 113,
        "distance_metric": "graph",
        "placement_mode": "exact",
        "placement_semantics": "exact_point",
        "shelter_id": 998,
        "candidate_source": "network_nodes",
        "time_bucket": "5min",
        "time_seconds": 300,
        "coordinates": "31.735992,35.000247",
        "nearest_building_dist_m": 95.11,
        "newly_covered_buildings": 2,
        "newly_covered_people_est": 14
      }
    },
    {
      "type": "Feature",
      "geometry": {
        "type": "Point",
        "coordinates": [
          34.985228599473686,
          31.714030700685814
        ]
      },
      "properties": {
        "rank": 114,
        "distance_metric": "graph",
        "placement_mode": "exact",
        "placement_semantics": "exact_point",
        "shelter_id": 1006,
        "candidate_source": "network_nodes",
        "time_bucket": "5min",
        "time_seconds": 300,
        "coordinates": "31.714031,34.985229",
        "nearest_building_dist_m": 99.21,
        "newly_covered_buildings": 2,
        "newly_covered_people_est": 14
      }
    },
    {
      "type": "Feature",
      "geometry": {
        "type": "Point",
        "coordinates": [
          34.98404969947672,
          31.755414000681427
        ]
      },
      "properties": {
        "rank": 115,
        "distance_metric": "graph",
        "placement_mode": "exact",
        "placement_semantics": "exact_point",
        "shelter_id": 1702,
        "candidate_source": "network_nodes",
        "time_bucket": "5min",
        "time_seconds": 300,
        "coordinates": "31.755414,34.984050",
        "nearest_building_dist_m": 60.29,
        "newly_covered_buildings": 2,
        "newly_covered_people_est": 14
      }
    },
    {
      "type": "Feature",
      "geometry": {
        "type": "Point",
        "coordinates": [
          34.982276599472996,
          31.703219600686765
        ]
      },
      "properties": {
        "rank": 116,
        "distance_metric": "graph",
        "placement_mode": "exact",
        "placement_semantics": "exact_point",
        "shelter_id": 1740,
        "candidate_source": "network_nodes",
        "time_bucket": "5min",
        "time_seconds": 300,
        "coordinates": "31.703220,34.982277",
        "nearest_building_dist_m": 54.62,
        "newly_covered_buildings": 2,
        "newly_covered_people_est": 14
      }
    },
    {
      "type": "Feature",
      "geometry": {
        "type": "Point",
        "coordinates": [
          34.99626149947333,
          31.71411240068649
        ]
      },
      "properties": {
        "rank": 117,
        "distance_metric": "graph",
        "placement_mode": "exact",
        "placement_semantics": "exact_point",
        "shelter_id": 2197,
        "candidate_source": "network_nodes",
        "time_bucket": "5min",
        "time_seconds": 300,
        "coordinates": "31.714112,34.996261",
        "nearest_building_dist_m": 66.95,
        "newly_covered_buildings": 2,
        "newly_covered_people_est": 14
      }
    },
    {
      "type": "Feature",
      "geometry": {
        "type": "Point",
        "coordinates": [
          34.99345569947326,
          31.711849500686544
        ]
      },
      "properties": {
        "rank": 118,
        "distance_metric": "graph",
        "placement_mode": "exact",
        "placement_semantics": "exact_point",
        "shelter_id": 2526,
        "candidate_source": "network_nodes",
        "time_bucket": "5min",
        "time_seconds": 300,
        "coordinates": "31.711850,34.993456",
        "nearest_building_dist_m": 75.17,
        "newly_covered_buildings": 2,
        "newly_covered_people_est": 14
      }
    },
    {
      "type": "Feature",
      "geometry": {
        "type": "Point",
        "coordinates": [
          34.992163647814905,
          31.723007969628537
        ]
      },
      "properties": {
        "rank": 119,
        "distance_metric": "graph",
        "placement_mode": "exact",
        "placement_semantics": "exact_point",
        "shelter_id": 3,
        "candidate_source": "buildings",
        "time_bucket": "5min",
        "time_seconds": 300,
        "coordinates": "31.723008,34.992164",
        "nearest_building_dist_m": 0.0,
        "newly_covered_buildings": 1,
        "newly_covered_people_est": 7
      }
    },
    {
      "type": "Feature",
      "geometry": {
        "type": "Point",
        "coordinates": [
          34.987662858078245,
          31.747195404675157
        ]
      },
      "properties": {
        "rank": 120,
        "distance_metric": "graph",
        "placement_mode": "exact",
        "placement_semantics": "exact_point",
        "shelter_id": 5,
        "candidate_source": "buildings",
        "time_bucket": "5min",
        "time_seconds": 300,
        "coordinates": "31.747195,34.987663",
        "nearest_building_dist_m": 0.0,
        "newly_covered_buildings": 1,
        "newly_covered_people_est": 7
      }
    },
    {
      "type": "Feature",
      "geometry": {
        "type": "Point",
        "coordinates": [
          34.99700832810454,
          31.72069136692637
        ]
      },
      "properties": {
        "rank": 121,
        "distance_metric": "graph",
        "placement_mode": "exact",
        "placement_semantics": "exact_point",
        "shelter_id": 6,
        "candidate_source": "buildings",
        "time_bucket": "5min",
        "time_seconds": 300,
        "coordinates": "31.720691,34.997008",
        "nearest_building_dist_m": 0.0,
        "newly_covered_buildings": 1,
        "newly_covered_people_est": 7
      }
    },
    {
      "type": "Feature",
      "geometry": {
        "type": "Point",
        "coordinates": [
          34.984309253445815,
          31.752843996758045
        ]
      },
      "properties": {
        "rank": 122,
        "distance_metric": "graph",
        "placement_mode": "exact",
        "placement_semantics": "exact_point",
        "shelter_id": 7,
        "candidate_source": "buildings",
        "time_bucket": "5min",
        "time_seconds": 300,
        "coordinates": "31.752844,34.984309",
        "nearest_building_dist_m": 0.0,
        "newly_covered_buildings": 1,
        "newly_covered_people_est": 7
      }
    },
    {
      "type": "Feature",
      "geometry": {
        "type": "Point",
        "coordinates": [
          34.98303817429988,
          31.707721193507716
        ]
      },
      "properties": {
        "rank": 123,
        "distance_metric": "graph",
        "placement_mode": "exact",
        "placement_semantics": "exact_point",
        "shelter_id": 11,
        "candidate_source": "buildings",
        "time_bucket": "5min",
        "time_seconds": 300,
        "coordinates": "31.707721,34.983038",
        "nearest_building_dist_m": 0.0,
        "newly_covered_buildings": 1,
        "newly_covered_people_est": 7
      }
    },
    {
      "type": "Feature",
      "geometry": {
        "type": "Point",
        "coordinates": [
          34.987585405586216,
          31.70091321460619
        ]
      },
      "properties": {
        "rank": 124,
        "distance_metric": "graph",
        "placement_mode": "exact",
        "placement_semantics": "exact_point",
        "shelter_id": 13,
        "candidate_source": "buildings",
        "time_bucket": "5min",
        "time_seconds": 300,
        "coordinates": "31.700913,34.987585",
        "nearest_building_dist_m": 0.0,
        "newly_covered_buildings": 1,
        "newly_covered_people_est": 7
      }
    },
    {
      "type": "Feature",
      "geometry": {
        "type": "Point",
        "coordinates": [
          34.97787942828747,
          31.704872393962997
        ]
      },
      "properties": {
        "rank": 125,
        "distance_metric": "graph",
        "placement_mode": "exact",
        "placement_semantics": "exact_point",
        "shelter_id": 14,
        "candidate_source": "buildings",
        "time_bucket": "5min",
        "time_seconds": 300,
        "coordinates": "31.704872,34.977879",
        "nearest_building_dist_m": 0.0,
        "newly_covered_buildings": 1,
        "newly_covered_people_est": 7
      }
    },
    {
      "type": "Feature",
      "geometry": {
        "type": "Point",
        "coordinates": [
          34.99185771958887,
          31.732681904624236
        ]
      },
      "properties": {
        "rank": 126,
        "distance_metric": "graph",
        "placement_mode": "exact",
        "placement_semantics": "exact_point",
        "shelter_id": 19,
        "candidate_source": "buildings",
        "time_bucket": "5min",
        "time_seconds": 300,
        "coordinates": "31.732682,34.991858",
        "nearest_building_dist_m": 0.0,
        "newly_covered_buildings": 1,
        "newly_covered_people_est": 7
      }
    },
    {
      "type": "Feature",
      "geometry": {
        "type": "Point",
        "coordinates": [
          34.9851489794701,
          31.702107592494524
        ]
      },
      "properties": {
        "rank": 127,
        "distance_metric": "graph",
        "placement_mode": "exact",
        "placement_semantics": "exact_point",
        "shelter_id": 27,
        "candidate_source": "buildings",
        "time_bucket": "5min",
        "time_seconds": 300,
        "coordinates": "31.702108,34.985149",
        "nearest_building_dist_m": 0.0,
        "newly_covered_buildings": 1,
        "newly_covered_people_est": 7
      }
    },
    {
      "type": "Feature",
      "geometry": {
        "type": "Point",
        "coordinates": [
          34.97917621026046,
          31.704189923495875
        ]
      },
      "properties": {
        "rank": 128,
        "distance_metric": "graph",
        "placement_mode": "exact",
        "placement_semantics": "exact_point",
        "shelter_id": 28,
        "candidate_source": "buildings",
        "time_bucket": "5min",
        "time_seconds": 300,
        "coordinates": "31.704190,34.979176",
        "nearest_building_dist_m": 0.0,
        "newly_covered_buildings": 1,
        "newly_covered_people_est": 7
      }
    },
    {
      "type": "Feature",
      "geometry": {
        "type": "Point",
        "coordinates": [
          34.976758092962704,
          31.70483922520026
        ]
      },
      "properties": {
        "rank": 129,
        "distance_metric": "graph",
        "placement_mode": "exact",
        "placement_semantics": "exact_point",
        "shelter_id": 31,
        "candidate_source": "buildings",
        "time_bucket": "5min",
        "time_seconds": 300,
        "coordinates": "31.704839,34.976758",
        "nearest_building_dist_m": 0.0,
        "newly_covered_buildings": 1,
        "newly_covered_people_est": 7
      }
    },
    {
      "type": "Feature",
      "geometry": {
        "type": "Point",
        "coordinates": [
          34.98398806537642,
          31.74106474000104
        ]
      },
      "properties": {
        "rank": 130,
        "distance_metric": "graph",
        "placement_mode": "exact",
        "placement_semantics": "exact_point",
        "shelter_id": 34,
        "candidate_source": "buildings",
        "time_bucket": "5min",
        "time_seconds": 300,
        "coordinates": "31.741065,34.983988",
        "nearest_building_dist_m": 0.0,
        "newly_covered_buildings": 1,
        "newly_covered_people_est": 7
      }
    },
    {
      "type": "Feature",
      "geometry": {
        "type": "Point",
        "coordinates": [
          34.97773953617679,
          31.740111818756926
        ]
      },
      "properties": {
        "rank": 131,
        "distance_metric": "graph",
        "placement_mode": "exact",
        "placement_semantics": "exact_point",
        "shelter_id": 35,
        "candidate_source": "buildings",
        "time_bucket": "5min",
        "time_seconds": 300,
        "coordinates": "31.740112,34.977740",
        "nearest_building_dist_m": 0.0,
        "newly_covered_buildings": 1,
        "newly_covered_people_est": 7
      }
    },
    {
      "type": "Feature",
      "geometry": {
        "type": "Point",
        "coordinates": [
          34.989557947072704,
          31.71162540622002
        ]
      },
      "properties": {
        "rank": 132,
        "distance_metric": "graph",
        "placement_mode": "exact",
        "placement_semantics": "exact_point",
        "shelter_id": 43,
        "candidate_source": "buildings",
        "time_bucket": "5min",
        "time_seconds": 300,
        "coordinates": "31.711625,34.989558",
        "nearest_building_dist_m": 0.0,
        "newly_covered_buildings": 1,
        "newly_covered_people_est": 7
      }
    },
    {
      "type": "Feature",
      "geometry": {
        "type": "Point",
        "coordinates": [
          35.00028167999501,
          31.74477646818496
        ]
      },
      "properties": {
        "rank": 133,
        "distance_metric": "graph",
        "placement_mode": "exact",
        "placement_semantics": "exact_point",
        "shelter_id": 52,
        "candidate_source": "buildings",
        "time_bucket": "5min",
        "time_seconds": 300,
        "coordinates": "31.744776,35.000282",
        "nearest_building_dist_m": 0.0,
        "newly_covered_buildings": 1,
        "newly_covered_people_est": 7
      }
    },
    {
      "type": "Feature",
      "geometry": {
        "type": "Point",
        "coordinates": [
          34.97370713728961,
          31.70369972445237
        ]
      },
      "properties": {
        "rank": 134,
        "distance_metric": "graph",
        "placement_mode": "exact",
        "placement_semantics": "exact_point",
        "shelter_id": 66,
        "candidate_source": "buildings",
        "time_bucket": "5min",
        "time_seconds": 300,
        "coordinates": "31.703700,34.973707",
        "nearest_building_dist_m": 0.0,
        "newly_covered_buildings": 1,
        "newly_covered_people_est": 7
      }
    },
    {
      "type": "Feature",
      "geometry": {
        "type": "Point",
        "coordinates": [
          34.99086430743614,
          31.70372891917499
        ]
      },
      "properties": {
        "rank": 135,
        "distance_metric": "graph",
        "placement_mode": "exact",
        "placement_semantics": "exact_point",
        "shelter_id": 68,
        "candidate_source": "buildings",
        "time_bucket": "5min",
        "time_seconds": 300,
        "coordinates": "31.703729,34.990864",
        "nearest_building_dist_m": 0.0,
        "newly_covered_buildings": 1,
        "newly_covered_people_est": 7
      }
    },
    {
      "type": "Feature",
      "geometry": {
        "type": "Point",
        "coordinates": [
          34.9957335719895,
          31.72911035184571
        ]
      },
      "properties": {
        "rank": 136,
        "distance_metric": "graph",
        "placement_mode": "exact",
        "placement_semantics": "exact_point",
        "shelter_id": 72,
        "candidate_source": "buildings",
        "time_bucket": "5min",
        "time_seconds": 300,
        "coordinates": "31.729110,34.995734",
        "nearest_building_dist_m": 0.0,
        "newly_covered_buildings": 1,
        "newly_covered_people_est": 7
      }
    },
    {
      "type": "Feature",
      "geometry": {
        "type": "Point",
        "coordinates": [
          34.98757733197474,
          31.748932930845562
        ]
      },
      "properties": {
        "rank": 137,
        "distance_metric": "graph",
        "placement_mode": "exact",
        "placement_semantics": "exact_point",
        "shelter_id": 81,
        "candidate_source": "buildings",
        "time_bucket": "5min",
        "time_seconds": 300,
        "coordinates": "31.748933,34.987577",
        "nearest_building_dist_m": 0.0,
        "newly_covered_buildings": 1,
        "newly_covered_people_est": 7
      }
    },
    {
      "type": "Feature",
      "geometry": {
        "type": "Point",
        "coordinates": [
          34.9909239648396,
          31.755061136498156
        ]
      },
      "properties": {
        "rank": 138,
        "distance_metric": "graph",
        "placement_mode": "exact",
        "placement_semantics": "exact_point",
        "shelter_id": 85,
        "candidate_source": "buildings",
        "time_bucket": "5min",
        "time_seconds": 300,
        "coordinates": "31.755061,34.990924",
        "nearest_building_dist_m": 0.0,
        "newly_covered_buildings": 1,
        "newly_covered_people_est": 7
      }
    },
    {
      "type": "Feature",
      "geometry": {
        "type": "Point",
        "coordinates": [
          34.995240086689584,
          31.761145519194358
        ]
      },
      "properties": {
        "rank": 139,
        "distance_metric": "graph",
        "placement_mode": "exact",
        "placement_semantics": "exact_point",
        "shelter_id": 87,
        "candidate_source": "buildings",
        "time_bucket": "5min",
        "time_seconds": 300,
        "coordinates": "31.761146,34.995240",
        "nearest_building_dist_m": 0.0,
        "newly_covered_buildings": 1,
        "newly_covered_people_est": 7
      }
    },
    {
      "type": "Feature",
      "geometry": {
        "type": "Point",
        "coordinates": [
          34.995609987466,
          31.708890434114156
        ]
      },
      "properties": {
        "rank": 140,
        "distance_metric": "graph",
        "placement_mode": "exact",
        "placement_semantics": "exact_point",
        "shelter_id": 90,
        "candidate_source": "buildings",
        "time_bucket": "5min",
        "time_seconds": 300,
        "coordinates": "31.708890,34.995610",
        "nearest_building_dist_m": 0.0,
        "newly_covered_buildings": 1,
        "newly_covered_people_est": 7
      }
    },
    {
      "type": "Feature",
      "geometry": {
        "type": "Point",
        "coordinates": [
          34.987521430282335,
          31.74976624517204
        ]
      },
      "properties": {
        "rank": 141,
        "distance_metric": "graph",
        "placement_mode": "exact",
        "placement_semantics": "exact_point",
        "shelter_id": 108,
        "candidate_source": "buildings",
        "time_bucket": "5min",
        "time_seconds": 300,
        "coordinates": "31.749766,34.987521",
        "nearest_building_dist_m": 0.0,
        "newly_covered_buildings": 1,
        "newly_covered_people_est": 7
      }
    },
    {
      "type": "Feature",
      "geometry": {
        "type": "Point",
        "coordinates": [
          34.99414918656187,
          31.73689060918619
        ]
      },
      "properties": {
        "rank": 142,
        "distance_metric": "graph",
        "placement_mode": "exact",
        "placement_semantics": "exact_point",
        "shelter_id": 112,
        "candidate_source": "buildings",
        "time_bucket": "5min",
        "time_seconds": 300,
        "coordinates": "31.736891,34.994149",
        "nearest_building_dist_m": 0.0,
        "newly_covered_buildings": 1,
        "newly_covered_people_est": 7
      }
    },
    {
      "type": "Feature",
      "geometry": {
        "type": "Point",
        "coordinates": [
          34.98886779732008,
          31.737194999803613
        ]
      },
      "properties": {
        "rank": 143,
        "distance_metric": "graph",
        "placement_mode": "exact",
        "placement_semantics": "exact_point",
        "shelter_id": 119,
        "candidate_source": "buildings",
        "time_bucket": "5min",
        "time_seconds": 300,
        "coordinates": "31.737195,34.988868",
        "nearest_building_dist_m": 0.0,
        "newly_covered_buildings": 1,
        "newly_covered_people_est": 7
      }
    },
    {
      "type": "Feature",
      "geometry": {
        "type": "Point",
        "coordinates": [
          34.99886319786166,
          31.746153777571926
        ]
      },
      "properties": {
        "rank": 144,
        "distance_metric": "graph",
        "placement_mode": "exact",
        "placement_semantics": "exact_point",
        "shelter_id": 121,
        "candidate_source": "buildings",
        "time_bucket": "5min",
        "time_seconds": 300,
        "coordinates": "31.746154,34.998863",
        "nearest_building_dist_m": 0.0,
        "newly_covered_buildings": 1,
        "newly_covered_people_est": 7
      }
    },
    {
      "type": "Feature",
      "geometry": {
        "type": "Point",
        "coordinates": [
          34.99118561596286,
          31.746119883727424
        ]
      },
      "properties": {
        "rank": 145,
        "distance_metric": "graph",
        "placement_mode": "exact",
        "placement_semantics": "exact_point",
        "shelter_id": 122,
        "candidate_source": "buildings",
        "time_bucket": "5min",
        "time_seconds": 300,
        "coordinates": "31.746120,34.991186",
        "nearest_building_dist_m": 0.0,
        "newly_covered_buildings": 1,
        "newly_covered_people_est": 7
      }
    },
    {
      "type": "Feature",
      "geometry": {
        "type": "Point",
        "coordinates": [
          34.99950557134919,
          31.75037207439417
        ]
      },
      "properties": {
        "rank": 146,
        "distance_metric": "graph",
        "placement_mode": "exact",
        "placement_semantics": "exact_point",
        "shelter_id": 136,
        "candidate_source": "buildings",
        "time_bucket": "5min",
        "time_seconds": 300,
        "coordinates": "31.750372,34.999506",
        "nearest_building_dist_m": 0.0,
        "newly_covered_buildings": 1,
        "newly_covered_people_est": 7
      }
    },
    {
      "type": "Feature",
      "geometry": {
        "type": "Point",
        "coordinates": [
          34.99164251615943,
          31.757837448331962
        ]
      },
      "properties": {
        "rank": 147,
        "distance_metric": "graph",
        "placement_mode": "exact",
        "placement_semantics": "exact_point",
        "shelter_id": 137,
        "candidate_source": "buildings",
        "time_bucket": "5min",
        "time_seconds": 300,
        "coordinates": "31.757837,34.991643",
        "nearest_building_dist_m": 0.0,
        "newly_covered_buildings": 1,
        "newly_covered_people_est": 7
      }
    },
    {
      "type": "Feature",
      "geometry": {
        "type": "Point",
        "coordinates": [
          34.98626611309014,
          31.705066656410068
        ]
      },
      "properties": {
        "rank": 148,
        "distance_metric": "graph",
        "placement_mode": "exact",
        "placement_semantics": "exact_point",
        "shelter_id": 156,
        "candidate_source": "buildings",
        "time_bucket": "5min",
        "time_seconds": 300,
        "coordinates": "31.705067,34.986266",
        "nearest_building_dist_m": 0.0,
        "newly_covered_buildings": 1,
        "newly_covered_people_est": 7
      }
    },
    {
      "type": "Feature",
      "geometry": {
        "type": "Point",
        "coordinates": [
          34.97964119432815,
          31.749550471722166
        ]
      },
      "properties": {
        "rank": 149,
        "distance_metric": "graph",
        "placement_mode": "exact",
        "placement_semantics": "exact_point",
        "shelter_id": 159,
        "candidate_source": "buildings",
        "time_bucket": "5min",
        "time_seconds": 300,
        "coordinates": "31.749550,34.979641",
        "nearest_building_dist_m": 0.0,
        "newly_covered_buildings": 1,
        "newly_covered_people_est": 7
      }
    },
    {
      "type": "Feature",
      "geometry": {
        "type": "Point",
        "coordinates": [
          34.995532800049396,
          31.724324245214707
        ]
      },
      "properties": {
        "rank": 150,
        "distance_metric": "graph",
        "placement_mode": "exact",
        "placement_semantics": "exact_point",
        "shelter_id": 160,
        "candidate_source": "buildings",
        "time_bucket": "5min",
        "time_seconds": 300,
        "coordinates": "31.724324,34.995533",
        "nearest_building_dist_m": 0.0,
        "newly_covered_buildings": 1,
        "newly_covered_people_est": 7
      }
    },
    {
      "type": "Feature",
      "geometry": {
        "type": "Point",
        "coordinates": [
          34.98804818721396,
          31.735478260809096
        ]
      },
      "properties": {
        "rank": 151,
        "distance_metric": "graph",
        "placement_mode": "exact",
        "placement_semantics": "exact_point",
        "shelter_id": 161,
        "candidate_source": "buildings",
        "time_bucket": "5min",
        "time_seconds": 300,
        "coordinates": "31.735478,34.988048",
        "nearest_building_dist_m": 0.0,
        "newly_covered_buildings": 1,
        "newly_covered_people_est": 7
      }
    },
    {
      "type": "Feature",
      "geometry": {
        "type": "Point",
        "coordinates": [
          34.99554621259218,
          31.70358307760649
        ]
      },
      "properties": {
        "rank": 152,
        "distance_metric": "graph",
        "placement_mode": "exact",
        "placement_semantics": "exact_point",
        "shelter_id": 170,
        "candidate_source": "buildings",
        "time_bucket": "5min",
        "time_seconds": 300,
        "coordinates": "31.703583,34.995546",
        "nearest_building_dist_m": 0.0,
        "newly_covered_buildings": 1,
        "newly_covered_people_est": 7
      }
    },
    {
      "type": "Feature",
      "geometry": {
        "type": "Point",
        "coordinates": [
          34.99232688150711,
          31.713554941978373
        ]
      },
      "properties": {
        "rank": 153,
        "distance_metric": "graph",
        "placement_mode": "exact",
        "placement_semantics": "exact_point",
        "shelter_id": 176,
        "candidate_source": "buildings",
        "time_bucket": "5min",
        "time_seconds": 300,
        "coordinates": "31.713555,34.992327",
        "nearest_building_dist_m": 0.0,
        "newly_covered_buildings": 1,
        "newly_covered_people_est": 7
      }
    },
    {
      "type": "Feature",
      "geometry": {
        "type": "Point",
        "coordinates": [
          34.99629961261606,
          31.71471532593863
        ]
      },
      "properties": {
        "rank": 154,
        "distance_metric": "graph",
        "placement_mode": "exact",
        "placement_semantics": "exact_point",
        "shelter_id": 186,
        "candidate_source": "buildings",
        "time_bucket": "5min",
        "time_seconds": 300,
        "coordinates": "31.714715,34.996300",
        "nearest_building_dist_m": 0.0,
        "newly_covered_buildings": 1,
        "newly_covered_people_est": 7
      }
    },
    {
      "type": "Feature",
      "geometry": {
        "type": "Point",
        "coordinates": [
          34.993423492803544,
          31.741860501329167
        ]
      },
      "properties": {
        "rank": 155,
        "distance_metric": "graph",
        "placement_mode": "exact",
        "placement_semantics": "exact_point",
        "shelter_id": 187,
        "candidate_source": "buildings",
        "time_bucket": "5min",
        "time_seconds": 300,
        "coordinates": "31.741861,34.993423",
        "nearest_building_dist_m": 0.0,
        "newly_covered_buildings": 1,
        "newly_covered_people_est": 7
      }
    },
    {
      "type": "Feature",
      "geometry": {
        "type": "Point",
        "coordinates": [
          34.99248475043123,
          31.71313849839401
        ]
      },
      "properties": {
        "rank": 156,
        "distance_metric": "graph",
        "placement_mode": "exact",
        "placement_semantics": "exact_point",
        "shelter_id": 195,
        "candidate_source": "buildings",
        "time_bucket": "5min",
        "time_seconds": 300,
        "coordinates": "31.713138,34.992485",
        "nearest_building_dist_m": 0.0,
        "newly_covered_buildings": 1,
        "newly_covered_people_est": 7
      }
    },
    {
      "type": "Feature",
      "geometry": {
        "type": "Point",
        "coordinates": [
          34.98641453983543,
          31.75248389155567
        ]
      },
      "properties": {
        "rank": 157,
        "distance_metric": "graph",
        "placement_mode": "exact",
        "placement_semantics": "exact_point",
        "shelter_id": 198,
        "candidate_source": "buildings",
        "time_bucket": "5min",
        "time_seconds": 300,
        "coordinates": "31.752484,34.986415",
        "nearest_building_dist_m": 0.0,
        "newly_covered_buildings": 1,
        "newly_covered_people_est": 7
      }
    },
    {
      "type": "Feature",
      "geometry": {
        "type": "Point",
        "coordinates": [
          34.97680522312165,
          31.73995085247578
        ]
      },
      "properties": {
        "rank": 158,
        "distance_metric": "graph",
        "placement_mode": "exact",
        "placement_semantics": "exact_point",
        "shelter_id": 202,
        "candidate_source": "buildings",
        "time_bucket": "5min",
        "time_seconds": 300,
        "coordinates": "31.739951,34.976805",
        "nearest_building_dist_m": 0.0,
        "newly_covered_buildings": 1,
        "newly_covered_people_est": 7
      }
    },
    {
      "type": "Feature",
      "geometry": {
        "type": "Point",
        "coordinates": [
          34.988046827650145,
          31.756305996655783
        ]
      },
      "properties": {
        "rank": 159,
        "distance_metric": "graph",
        "placement_mode": "exact",
        "placement_semantics": "exact_point",
        "shelter_id": 205,
        "candidate_source": "buildings",
        "time_bucket": "5min",
        "time_seconds": 300,
        "coordinates": "31.756306,34.988047",
        "nearest_building_dist_m": 0.0,
        "newly_covered_buildings": 1,
        "newly_covered_people_est": 7
      }
    },
    {
      "type": "Feature",
      "geometry": {
        "type": "Point",
        "coordinates": [
          35.00076844267052,
          31.750879305009867
        ]
      },
      "properties": {
        "rank": 160,
        "distance_metric": "graph",
        "placement_mode": "exact",
        "placement_semantics": "exact_point",
        "shelter_id": 208,
        "candidate_source": "buildings",
        "time_bucket": "5min",
        "time_seconds": 300,
        "coordinates": "31.750879,35.000768",
        "nearest_building_dist_m": 0.0,
        "newly_covered_buildings": 1,
        "newly_covered_people_est": 7
      }
    },
    {
      "type": "Feature",
      "geometry": {
        "type": "Point",
        "coordinates": [
          34.99147782896038,
          31.712795492218024
        ]
      },
      "properties": {
        "rank": 161,
        "distance_metric": "graph",
        "placement_mode": "exact",
        "placement_semantics": "exact_point",
        "shelter_id": 213,
        "candidate_source": "buildings",
        "time_bucket": "5min",
        "time_seconds": 300,
        "coordinates": "31.712795,34.991478",
        "nearest_building_dist_m": 0.0,
        "newly_covered_buildings": 1,
        "newly_covered_people_est": 7
      }
    },
    {
      "type": "Feature",
      "geometry": {
        "type": "Point",
        "coordinates": [
          34.98381048846999,
          31.750862679017672
        ]
      },
      "properties": {
        "rank": 162,
        "distance_metric": "graph",
        "placement_mode": "exact",
        "placement_semantics": "exact_point",
        "shelter_id": 220,
        "candidate_source": "buildings",
        "time_bucket": "5min",
        "time_seconds": 300,
        "coordinates": "31.750863,34.983810",
        "nearest_building_dist_m": 0.0,
        "newly_covered_buildings": 1,
        "newly_covered_people_est": 7
      }
    },
    {
      "type": "Feature",
      "geometry": {
        "type": "Point",
        "coordinates": [
          34.99691563414216,
          31.757646950036385
        ]
      },
      "properties": {
        "rank": 163,
        "distance_metric": "graph",
        "placement_mode": "exact",
        "placement_semantics": "exact_point",
        "shelter_id": 235,
        "candidate_source": "buildings",
        "time_bucket": "5min",
        "time_seconds": 300,
        "coordinates": "31.757647,34.996916",
        "nearest_building_dist_m": 0.0,
        "newly_covered_buildings": 1,
        "newly_covered_people_est": 7
      }
    },
    {
      "type": "Feature",
      "geometry": {
        "type": "Point",
        "coordinates": [
          34.99620118304994,
          31.715199254319916
        ]
      },
      "properties": {
        "rank": 164,
        "distance_metric": "graph",
        "placement_mode": "exact",
        "placement_semantics": "exact_point",
        "shelter_id": 246,
        "candidate_source": "buildings",
        "time_bucket": "5min",
        "time_seconds": 300,
        "coordinates": "31.715199,34.996201",
        "nearest_building_dist_m": 0.0,
        "newly_covered_buildings": 1,
        "newly_covered_people_est": 7
      }
    },
    {
      "type": "Feature",
      "geometry": {
        "type": "Point",
        "coordinates": [
          34.99891543622162,
          31.715904011583113
        ]
      },
      "properties": {
        "rank": 165,
        "distance_metric": "graph",
        "placement_mode": "exact",
        "placement_semantics": "exact_point",
        "shelter_id": 248,
        "candidate_source": "buildings",
        "time_bucket": "5min",
        "time_seconds": 300,
        "coordinates": "31.715904,34.998915",
        "nearest_building_dist_m": 0.0,
        "newly_covered_buildings": 1,
        "newly_covered_people_est": 7
      }
    },
    {
      "type": "Feature",
      "geometry": {
        "type": "Point",
        "coordinates": [
          34.99171917575993,
          31.73978663739451
        ]
      },
      "properties": {
        "rank": 166,
        "distance_metric": "graph",
        "placement_mode": "exact",
        "placement_semantics": "exact_point",
        "shelter_id": 253,
        "candidate_source": "buildings",
        "time_bucket": "5min",
        "time_seconds": 300,
        "coordinates": "31.739787,34.991719",
        "nearest_building_dist_m": 0.0,
        "newly_covered_buildings": 1,
        "newly_covered_people_est": 7
      }
    },
    {
      "type": "Feature",
      "geometry": {
        "type": "Point",
        "coordinates": [
          34.96752812189654,
          31.72896519699101
        ]
      },
      "properties": {
        "rank": 167,
        "distance_metric": "graph",
        "placement_mode": "exact",
        "placement_semantics": "exact_point",
        "shelter_id": 257,
        "candidate_source": "buildings",
        "time_bucket": "5min",
        "time_seconds": 300,
        "coordinates": "31.728965,34.967528",
        "nearest_building_dist_m": 0.0,
        "newly_covered_buildings": 1,
        "newly_covered_people_est": 7
      }
    },
    {
      "type": "Feature",
      "geometry": {
        "type": "Point",
        "coordinates": [
          34.994392773286705,
          31.718023339980373
        ]
      },
      "properties": {
        "rank": 168,
        "distance_metric": "graph",
        "placement_mode": "exact",
        "placement_semantics": "exact_point",
        "shelter_id": 266,
        "candidate_source": "buildings",
        "time_bucket": "5min",
        "time_seconds": 300,
        "coordinates": "31.718023,34.994393",
        "nearest_building_dist_m": 0.0,
        "newly_covered_buildings": 1,
        "newly_covered_people_est": 7
      }
    },
    {
      "type": "Feature",
      "geometry": {
        "type": "Point",
        "coordinates": [
          34.99396238927553,
          31.7496937741421
        ]
      },
      "properties": {
        "rank": 169,
        "distance_metric": "graph",
        "placement_mode": "exact",
        "placement_semantics": "exact_point",
        "shelter_id": 277,
        "candidate_source": "buildings",
        "time_bucket": "5min",
        "time_seconds": 300,
        "coordinates": "31.749694,34.993962",
        "nearest_building_dist_m": 0.0,
        "newly_covered_buildings": 1,
        "newly_covered_people_est": 7
      }
    },
    {
      "type": "Feature",
      "geometry": {
        "type": "Point",
        "coordinates": [
          34.99399608895168,
          31.72590160077163
        ]
      },
      "properties": {
        "rank": 170,
        "distance_metric": "graph",
        "placement_mode": "exact",
        "placement_semantics": "exact_point",
        "shelter_id": 285,
        "candidate_source": "buildings",
        "time_bucket": "5min",
        "time_seconds": 300,
        "coordinates": "31.725902,34.993996",
        "nearest_building_dist_m": 0.0,
        "newly_covered_buildings": 1,
        "newly_covered_people_est": 7
      }
    },
    {
      "type": "Feature",
      "geometry": {
        "type": "Point",
        "coordinates": [
          34.98636662479864,
          31.739752558371478
        ]
      },
      "properties": {
        "rank": 171,
        "distance_metric": "graph",
        "placement_mode": "exact",
        "placement_semantics": "exact_point",
        "shelter_id": 300,
        "candidate_source": "buildings",
        "time_bucket": "5min",
        "time_seconds": 300,
        "coordinates": "31.739753,34.986367",
        "nearest_building_dist_m": 0.0,
        "newly_covered_buildings": 1,
        "newly_covered_people_est": 7
      }
    },
    {
      "type": "Feature",
      "geometry": {
        "type": "Point",
        "coordinates": [
          34.99209705883785,
          31.73138369635264
        ]
      },
      "properties": {
        "rank": 172,
        "distance_metric": "graph",
        "placement_mode": "exact",
        "placement_semantics": "exact_point",
        "shelter_id": 301,
        "candidate_source": "buildings",
        "time_bucket": "5min",
        "time_seconds": 300,
        "coordinates": "31.731384,34.992097",
        "nearest_building_dist_m": 0.0,
        "newly_covered_buildings": 1,
        "newly_covered_people_est": 7
      }
    },
    {
      "type": "Feature",
      "geometry": {
        "type": "Point",
        "coordinates": [
          35.00005961182994,
          31.71449344018535
        ]
      },
      "properties": {
        "rank": 173,
        "distance_metric": "graph",
        "placement_mode": "exact",
        "placement_semantics": "exact_point",
        "shelter_id": 305,
        "candidate_source": "buildings",
        "time_bucket": "5min",
        "time_seconds": 300,
        "coordinates": "31.714493,35.000060",
        "nearest_building_dist_m": 0.0,
        "newly_covered_buildings": 1,
        "newly_covered_people_est": 7
      }
    },
    {
      "type": "Feature",
      "geometry": {
        "type": "Point",
        "coordinates": [
          34.98928878179117,
          31.72333109664477
        ]
      },
      "properties": {
        "rank": 174,
        "distance_metric": "graph",
        "placement_mode": "exact",
        "placement_semantics": "exact_point",
        "shelter_id": 307,
        "candidate_source": "buildings",
        "time_bucket": "5min",
        "time_seconds": 300,
        "coordinates": "31.723331,34.989289",
        "nearest_building_dist_m": 0.0,
        "newly_covered_buildings": 1,
        "newly_covered_people_est": 7
      }
    },
    {
      "type": "Feature",
      "geometry": {
        "type": "Point",
        "coordinates": [
          35.00078464063505,
          31.71267933412082
        ]
      },
      "properties": {
        "rank": 175,
        "distance_metric": "graph",
        "placement_mode": "exact",
        "placement_semantics": "exact_point",
        "shelter_id": 309,
        "candidate_source": "buildings",
        "time_bucket": "5min",
        "time_seconds": 300,
        "coordinates": "31.712679,35.000785",
        "nearest_building_dist_m": 0.0,
        "newly_covered_buildings": 1,
        "newly_covered_people_est": 7
      }
    },
    {
      "type": "Feature",
      "geometry": {
        "type": "Point",
        "coordinates": [
          34.99665904243846,
          31.754453404356624
        ]
      },
      "properties": {
        "rank": 176,
        "distance_metric": "graph",
        "placement_mode": "exact",
        "placement_semantics": "exact_point",
        "shelter_id": 316,
        "candidate_source": "buildings",
        "time_bucket": "5min",
        "time_seconds": 300,
        "coordinates": "31.754453,34.996659",
        "nearest_building_dist_m": 0.0,
        "newly_covered_buildings": 1,
        "newly_covered_people_est": 7
      }
    },
    {
      "type": "Feature",
      "geometry": {
        "type": "Point",
        "coordinates": [
          35.000471288894154,
          31.71106969531052
        ]
      },
      "properties": {
        "rank": 177,
        "distance_metric": "graph",
        "placement_mode": "exact",
        "placement_semantics": "exact_point",
        "shelter_id": 328,
        "candidate_source": "buildings",
        "time_bucket": "5min",
        "time_seconds": 300,
        "coordinates": "31.711070,35.000471",
        "nearest_building_dist_m": 0.0,
        "newly_covered_buildings": 1,
        "newly_covered_people_est": 7
      }
    },
    {
      "type": "Feature",
      "geometry": {
        "type": "Point",
        "coordinates": [
          34.99211242065261,
          31.751289128831832
        ]
      },
      "properties": {
        "rank": 178,
        "distance_metric": "graph",
        "placement_mode": "exact",
        "placement_semantics": "exact_point",
        "shelter_id": 342,
        "candidate_source": "buildings",
        "time_bucket": "5min",
        "time_seconds": 300,
        "coordinates": "31.751289,34.992112",
        "nearest_building_dist_m": 0.0,
        "newly_covered_buildings": 1,
        "newly_covered_people_est": 7
      }
    },
    {
      "type": "Feature",
      "geometry": {
        "type": "Point",
        "coordinates": [
          34.991142400393095,
          31.73267774201172
        ]
      },
      "properties": {
        "rank": 179,
        "distance_metric": "graph",
        "placement_mode": "exact",
        "placement_semantics": "exact_point",
        "shelter_id": 343,
        "candidate_source": "buildings",
        "time_bucket": "5min",
        "time_seconds": 300,
        "coordinates": "31.732678,34.991142",
        "nearest_building_dist_m": 0.0,
        "newly_covered_buildings": 1,
        "newly_covered_people_est": 7
      }
    },
    {
      "type": "Feature",
      "geometry": {
        "type": "Point",
        "coordinates": [
          34.976878513666996,
          31.740601013744254
        ]
      },
      "properties": {
        "rank": 180,
        "distance_metric": "graph",
        "placement_mode": "exact",
        "placement_semantics": "exact_point",
        "shelter_id": 344,
        "candidate_source": "buildings",
        "time_bucket": "5min",
        "time_seconds": 300,
        "coordinates": "31.740601,34.976879",
        "nearest_building_dist_m": 0.0,
        "newly_covered_buildings": 1,
        "newly_covered_people_est": 7
      }
    },
    {
      "type": "Feature",
      "geometry": {
        "type": "Point",
        "coordinates": [
          35.001294344087185,
          31.710976169491012
        ]
      },
      "properties": {
        "rank": 181,
        "distance_metric": "graph",
        "placement_mode": "exact",
        "placement_semantics": "exact_point",
        "shelter_id": 364,
        "candidate_source": "buildings",
        "time_bucket": "5min",
        "time_seconds": 300,
        "coordinates": "31.710976,35.001294",
        "nearest_building_dist_m": 0.0,
        "newly_covered_buildings": 1,
        "newly_covered_people_est": 7
      }
    },
    {
      "type": "Feature",
      "geometry": {
        "type": "Point",
        "coordinates": [
          34.98890806983952,
          31.758149107537868
        ]
      },
      "properties": {
        "rank": 182,
        "distance_metric": "graph",
        "placement_mode": "exact",
        "placement_semantics": "exact_point",
        "shelter_id": 370,
        "candidate_source": "buildings",
        "time_bucket": "5min",
        "time_seconds": 300,
        "coordinates": "31.758149,34.988908",
        "nearest_building_dist_m": 0.0,
        "newly_covered_buildings": 1,
        "newly_covered_people_est": 7
      }
    },
    {
      "type": "Feature",
      "geometry": {
        "type": "Point",
        "coordinates": [
          34.9561228875241,
          31.73946132878268
        ]
      },
      "properties": {
        "rank": 183,
        "distance_metric": "graph",
        "placement_mode": "exact",
        "placement_semantics": "exact_point",
        "shelter_id": 373,
        "candidate_source": "buildings",
        "time_bucket": "5min",
        "time_seconds": 300,
        "coordinates": "31.739461,34.956123",
        "nearest_building_dist_m": 0.0,
        "newly_covered_buildings": 1,
        "newly_covered_people_est": 7
      }
    },
    {
      "type": "Feature",
      "geometry": {
        "type": "Point",
        "coordinates": [
          34.99200522540969,
          31.72707147361133
        ]
      },
      "properties": {
        "rank": 184,
        "distance_metric": "graph",
        "placement_mode": "exact",
        "placement_semantics": "exact_point",
        "shelter_id": 376,
        "candidate_source": "buildings",
        "time_bucket": "5min",
        "time_seconds": 300,
        "coordinates": "31.727071,34.992005",
        "nearest_building_dist_m": 0.0,
        "newly_covered_buildings": 1,
        "newly_covered_people_est": 7
      }
    },
    {
      "type": "Feature",
      "geometry": {
        "type": "Point",
        "coordinates": [
          34.99427536873608,
          31.761458813433507
        ]
      },
      "properties": {
        "rank": 185,
        "distance_metric": "graph",
        "placement_mode": "exact",
        "placement_semantics": "exact_point",
        "shelter_id": 389,
        "candidate_source": "buildings",
        "time_bucket": "5min",
        "time_seconds": 300,
        "coordinates": "31.761459,34.994275",
        "nearest_building_dist_m": 0.0,
        "newly_covered_buildings": 1,
        "newly_covered_people_est": 7
      }
    },
    {
      "type": "Feature",
      "geometry": {
        "type": "Point",
        "coordinates": [
          34.9970427155761,
          31.736169545860854
        ]
      },
      "properties": {
        "rank": 186,
        "distance_metric": "graph",
        "placement_mode": "exact",
        "placement_semantics": "exact_point",
        "shelter_id": 400,
        "candidate_source": "buildings",
        "time_bucket": "5min",
        "time_seconds": 300,
        "coordinates": "31.736170,34.997043",
        "nearest_building_dist_m": 0.0,
        "newly_covered_buildings": 1,
        "newly_covered_people_est": 7
      }
    },
    {
      "type": "Feature",
      "geometry": {
        "type": "Point",
        "coordinates": [
          34.99031408133049,
          31.772837518197772
        ]
      },
      "properties": {
        "rank": 187,
        "distance_metric": "graph",
        "placement_mode": "exact",
        "placement_semantics": "exact_point",
        "shelter_id": 404,
        "candidate_source": "buildings",
        "time_bucket": "5min",
        "time_seconds": 300,
        "coordinates": "31.772838,34.990314",
        "nearest_building_dist_m": 0.0,
        "newly_covered_buildings": 1,
        "newly_covered_people_est": 7
      }
    },
    {
      "type": "Feature",
      "geometry": {
        "type": "Point",
        "coordinates": [
          34.99034893212112,
          31.768304748479203
        ]
      },
      "properties": {
        "rank": 188,
        "distance_metric": "graph",
        "placement_mode": "exact",
        "placement_semantics": "exact_point",
        "shelter_id": 405,
        "candidate_source": "buildings",
        "time_bucket": "5min",
        "time_seconds": 300,
        "coordinates": "31.768305,34.990349",
        "nearest_building_dist_m": 0.0,
        "newly_covered_buildings": 1,
        "newly_covered_people_est": 7
      }
    },
    {
      "type": "Feature",
      "geometry": {
        "type": "Point",
        "coordinates": [
          34.99189114642872,
          31.702633929227407
        ]
      },
      "properties": {
        "rank": 189,
        "distance_metric": "graph",
        "placement_mode": "exact",
        "placement_semantics": "exact_point",
        "shelter_id": 406,
        "candidate_source": "buildings",
        "time_bucket": "5min",
        "time_seconds": 300,
        "coordinates": "31.702634,34.991891",
        "nearest_building_dist_m": 0.0,
        "newly_covered_buildings": 1,
        "newly_covered_people_est": 7
      }
    },
    {
      "type": "Feature",
      "geometry": {
        "type": "Point",
        "coordinates": [
          34.971011064517135,
          31.707340994247993
        ]
      },
      "properties": {
        "rank": 190,
        "distance_metric": "graph",
        "placement_mode": "exact",
        "placement_semantics": "exact_point",
        "shelter_id": 407,
        "candidate_source": "buildings",
        "time_bucket": "5min",
        "time_seconds": 300,
        "coordinates": "31.707341,34.971011",
        "nearest_building_dist_m": 0.0,
        "newly_covered_buildings": 1,
        "newly_covered_people_est": 7
      }
    },
    {
      "type": "Feature",
      "geometry": {
        "type": "Point",
        "coordinates": [
          34.994693830357186,
          31.70166175295681
        ]
      },
      "properties": {
        "rank": 191,
        "distance_metric": "graph",
        "placement_mode": "exact",
        "placement_semantics": "exact_point",
        "shelter_id": 408,
        "candidate_source": "buildings",
        "time_bucket": "5min",
        "time_seconds": 300,
        "coordinates": "31.701662,34.994694",
        "nearest_building_dist_m": 0.0,
        "newly_covered_buildings": 1,
        "newly_covered_people_est": 7
      }
    },
    {
      "type": "Feature",
      "geometry": {
        "type": "Point",
        "coordinates": [
          34.964634855570736,
          31.708117038973942
        ]
      },
      "properties": {
        "rank": 192,
        "distance_metric": "graph",
        "placement_mode": "exact",
        "placement_semantics": "exact_point",
        "shelter_id": 411,
        "candidate_source": "buildings",
        "time_bucket": "5min",
        "time_seconds": 300,
        "coordinates": "31.708117,34.964635",
        "nearest_building_dist_m": 0.0,
        "newly_covered_buildings": 1,
        "newly_covered_people_est": 7
      }
    },
    {
      "type": "Feature",
      "geometry": {
        "type": "Point",
        "coordinates": [
          34.98657618189653,
          31.719000483749664
        ]
      },
      "properties": {
        "rank": 193,
        "distance_metric": "graph",
        "placement_mode": "exact",
        "placement_semantics": "exact_point",
        "shelter_id": 412,
        "candidate_source": "buildings",
        "time_bucket": "5min",
        "time_seconds": 300,
        "coordinates": "31.719000,34.986576",
        "nearest_building_dist_m": 0.0,
        "newly_covered_buildings": 1,
        "newly_covered_people_est": 7
      }
    },
    {
      "type": "Feature",
      "geometry": {
        "type": "Point",
        "coordinates": [
          34.99879157986114,
          31.74514913549431
        ]
      },
      "properties": {
        "rank": 194,
        "distance_metric": "graph",
        "placement_mode": "exact",
        "placement_semantics": "exact_point",
        "shelter_id": 413,
        "candidate_source": "buildings",
        "time_bucket": "5min",
        "time_seconds": 300,
        "coordinates": "31.745149,34.998792",
        "nearest_building_dist_m": 0.0,
        "newly_covered_buildings": 1,
        "newly_covered_people_est": 7
      }
    },
    {
      "type": "Feature",
      "geometry": {
        "type": "Point",
        "coordinates": [
          34.99464542606685,
          31.727893977334283
        ]
      },
      "properties": {
        "rank": 195,
        "distance_metric": "graph",
        "placement_mode": "exact",
        "placement_semantics": "exact_point",
        "shelter_id": 421,
        "candidate_source": "buildings",
        "time_bucket": "5min",
        "time_seconds": 300,
        "coordinates": "31.727894,34.994645",
        "nearest_building_dist_m": 0.0,
        "newly_covered_buildings": 1,
        "newly_covered_people_est": 7
      }
    },
    {
      "type": "Feature",
      "geometry": {
        "type": "Point",
        "coordinates": [
          34.95841425722505,
          31.730244025762865
        ]
      },
      "properties": {
        "rank": 196,
        "distance_metric": "graph",
        "placement_mode": "exact",
        "placement_semantics": "exact_point",
        "shelter_id": 425,
        "candidate_source": "buildings",
        "time_bucket": "5min",
        "time_seconds": 300,
        "coordinates": "31.730244,34.958414",
        "nearest_building_dist_m": 0.0,
        "newly_covered_buildings": 1,
        "newly_covered_people_est": 7
      }
    },
    {
      "type": "Feature",
      "geometry": {
        "type": "Point",
        "coordinates": [
          34.95890491624796,
          31.732248775794474
        ]
      },
      "properties": {
        "rank": 197,
        "distance_metric": "graph",
        "placement_mode": "exact",
        "placement_semantics": "exact_point",
        "shelter_id": 427,
        "candidate_source": "buildings",
        "time_bucket": "5min",
        "time_seconds": 300,
        "coordinates": "31.732249,34.958905",
        "nearest_building_dist_m": 0.0,
        "newly_covered_buildings": 1,
        "newly_covered_people_est": 7
      }
    },
    {
      "type": "Feature",
      "geometry": {
        "type": "Point",
        "coordinates": [
          34.97842793182552,
          31.737635436360407
        ]
      },
      "properties": {
        "rank": 198,
        "distance_metric": "graph",
        "placement_mode": "exact",
        "placement_semantics": "exact_point",
        "shelter_id": 439,
        "candidate_source": "buildings",
        "time_bucket": "5min",
        "time_seconds": 300,
        "coordinates": "31.737635,34.978428",
        "nearest_building_dist_m": 0.0,
        "newly_covered_buildings": 1,
        "newly_covered_people_est": 7
      }
    },
    {
      "type": "Feature",
      "geometry": {
        "type": "Point",
        "coordinates": [
          35.00189194645365,
          31.739052034618272
        ]
      },
      "properties": {
        "rank": 199,
        "distance_metric": "graph",
        "placement_mode": "exact",
        "placement_semantics": "exact_point",
        "shelter_id": 442,
        "candidate_source": "buildings",
        "time_bucket": "5min",
        "time_seconds": 300,
        "coordinates": "31.739052,35.001892",
        "nearest_building_dist_m": 0.0,
        "newly_covered_buildings": 1,
        "newly_covered_people_est": 7
      }
    },
    {
      "type": "Feature",
      "geometry": {
        "type": "Point",
        "coordinates": [
          34.98291548747124,
          31.74766029323064
        ]
      },
      "properties": {
        "rank": 200,
        "distance_metric": "graph",
        "placement_mode": "exact",
        "placement_semantics": "exact_point",
        "shelter_id": 446,
        "candidate_source": "buildings",
        "time_bucket": "5min",
        "time_seconds": 300,
        "coordinates": "31.747660,34.982915",
        "nearest_building_dist_m": 0.0,
        "newly_covered_buildings": 1,
        "newly_covered_people_est": 7
      }
    }
  ]
}