{
  "type": "FeatureCollection",
  "features": [
    {
      "type": "Feature",
      "geometry": {
        "type": "Point",
        "coordinates": [
          34.987334658728784,
          31.753938817519625
        ]
      },
      "properties": {
        "rank": 1,
        "distance_metric": "euclidean",
        "placement_mode": "exact",
        "placement_semantics": "exact_point",
        "shelter_id": 5314,
        "candidate_source": "network_nodes",
        "time_bucket": "5min",
        "time_seconds": 300,
        "coordinates": "31.753939,34.987335",
        "nearest_building_dist_m": 14.81,
        "newly_covered_buildings": 18,
        "newly_covered_people_est": 126
      }
    },
    {
      "type": "Feature",
      "geometry": {
        "type": "Point",
        "coordinates": [
          35.01525896707492,
          31.761083710400175
        ]
      },
      "properties": {
        "rank": 2,
        "distance_metric": "euclidean",
        "placement_mode": "exact",
        "placement_semantics": "exact_point",
        "shelter_id": 150,
        "candidate_source": "buildings",
        "time_bucket": "5min",
        "time_seconds": 300,
        "coordinates": "31.761084,35.015259",
        "nearest_building_dist_m": 0.0,
        "newly_covered_buildings": 17,
        "newly_covered_people_est": 119
      }
    },
    {
      "type": "Feature",
      "geometry": {
        "type": "Point",
        "coordinates": [
          34.97607574418406,
          31.724639276462618
        ]
      },
      "properties": {
        "rank": 3,
        "distance_metric": "euclidean",
        "placement_mode": "exact",
        "placement_semantics": "exact_point",
        "shelter_id": 474,
        "candidate_source": "buildings",
        "time_bucket": "5min",
        "time_seconds": 300,
        "coordinates": "31.724639,34.976076",
        "nearest_building_dist_m": 0.0,
        "newly_covered_buildings": 17,
        "newly_covered_people_est": 119
      }
    },
    {
      "type": "Feature",
      "geometry": {
        "type": "Point",
        "coordinates": [
          34.99641765901148,
          31.75011138250672
        ]
      },
      "properties": {
        "rank": 4,
        "distance_metric": "euclidean",
        "placement_mode": "exact",
        "placement_semantics": "exact_point",
        "shelter_id": 4999,
        "candidate_source": "network_nodes",
        "time_bucket": "5min",
        "time_seconds": 300,
        "coordinates": "31.750111,34.996418",
        "nearest_building_dist_m": 17.9,
        "newly_covered_buildings": 17,
        "newly_covered_people_est": 119
      }
    },
    {
      "type": "Feature",
      "geometry": {
        "type": "Point",
        "coordinates": [
          34.99549028799468,
          31.72857332597518
        ]
      },
      "properties": {
        "rank": 5,
        "distance_metric": "euclidean",
        "placement_mode": "exact",
        "placement_semantics": "exact_point",
        "shelter_id": 274,
        "candidate_source": "buildings",
        "time_bucket": "5min",
        "time_seconds": 300,
        "coordinates": "31.728573,34.995490",
        "nearest_building_dist_m": 0.0,
        "newly_covered_buildings": 15,
        "newly_covered_people_est": 105
      }
    },
    {
      "type": "Feature",
      "geometry": {
        "type": "Point",
        "coordinates": [
          34.9940505435031,
          31.76131183092752
        ]
      },
      "properties": {
        "rank": 6,
        "distance_metric": "euclidean",
        "placement_mode": "exact",
        "placement_semantics": "exact_point",
        "shelter_id": 950,
        "candidate_source": "buildings",
        "time_bucket": "5min",
        "time_seconds": 300,
        "coordinates": "31.761312,34.994051",
        "nearest_building_dist_m": 0.0,
        "newly_covered_buildings": 15,
        "newly_covered_people_est": 105
      }
    },
    {
      "type": "Feature",
      "geometry": {
        "type": "Point",
        "coordinates": [
          34.97889006461258,
          31.721871810916827
        ]
      },
      "properties": {
        "rank": 7,
        "distance_metric": "euclidean",
        "placement_mode": "exact",
        "placement_semantics": "exact_point",
        "shelter_id": 5444,
        "candidate_source": "network_nodes",
        "time_bucket": "5min",
        "time_seconds": 300,
        "coordinates": "31.721872,34.978890",
        "nearest_building_dist_m": 28.82,
        "newly_covered_buildings": 15,
        "newly_covered_people_est": 105
      }
    },
    {
      "type": "Feature",
      "geometry": {
        "type": "Point",
        "coordinates": [
          34.971049659612746,
          31.701609427017438
        ]
      },
      "properties": {
        "rank": 8,
        "distance_metric": "euclidean",
        "placement_mode": "exact",
        "placement_semantics": "exact_point",
        "shelter_id": 6084,
        "candidate_source": "network_nodes",
        "time_bucket": "5min",
        "time_seconds": 300,
        "coordinates": "31.701609,34.971050",
        "nearest_building_dist_m": 30.64,
        "newly_covered_buildings": 15,
        "newly_covered_people_est": 105
      }
    },
    {
      "type": "Feature",
      "geometry": {
        "type": "Point",
        "coordinates": [
          34.99348654416492,
          31.74607386173792
        ]
      },
      "properties": {
        "rank": 9,
        "distance_metric": "euclidean",
        "placement_mode": "exact",
        "placement_semantics": "exact_point",
        "shelter_id": 6419,
        "candidate_source": "network_nodes",
        "time_bucket": "5min",
        "time_seconds": 300,
        "coordinates": "31.746074,34.993487",
        "nearest_building_dist_m": 25.26,
        "newly_covered_buildings": 14,
        "newly_covered_people_est": 98
      }
    },
    {
      "type": "Feature",
      "geometry": {
        "type": "Point",
        "coordinates": [
          34.98123310638525,
          31.75223919561484
        ]
      },
      "properties": {
        "rank": 10,
        "distance_metric": "euclidean",
        "placement_mode": "exact",
        "placement_semantics": "exact_point",
        "shelter_id": 157,
        "candidate_source": "buildings",
        "time_bucket": "5min",
        "time_seconds": 300,
        "coordinates": "31.752239,34.981233",
        "nearest_building_dist_m": 0.0,
        "newly_covered_buildings": 12,
        "newly_covered_people_est": 84
      }
    },
    {
      "type": "Feature",
      "geometry": {
        "type": "Point",
        "coordinates": [
          34.983729350931064,
          31.748043238728524
        ]
      },
      "properties": {
        "rank": 11,
        "distance_metric": "euclidean",
        "placement_mode": "exact",
        "placement_semantics": "exact_point",
        "shelter_id": 1485,
        "candidate_source": "buildings",
        "time_bucket": "5min",
        "time_seconds": 300,
        "coordinates": "31.748043,34.983729",
        "nearest_building_dist_m": 0.0,
        "newly_covered_buildings": 12,
        "newly_covered_people_est": 84
      }
    },
    {
      "type": "Feature",
      "geometry": {
        "type": "Point",
        "coordinates": [
          34.996347399476186,
          31.7519581892876
        ]
      },
      "properties": {
        "rank": 12,
        "distance_metric": "euclidean",
        "placement_mode": "exact",
        "placement_semantics": "exact_point",
        "shelter_id": 4987,
        "candidate_source": "network_nodes",
        "time_bucket": "5min",
        "time_seconds": 300,
        "coordinates": "31.751958,34.996347",
        "nearest_building_dist_m": 19.38,
        "newly_covered_buildings": 12,
        "newly_covered_people_est": 84
      }
    },
    {
      "type": "Feature",
      "geometry": {
        "type": "Point",
        "coordinates": [
          34.98964153370317,
          31.754840288632927
        ]
      },
      "properties": {
        "rank": 13,
        "distance_metric": "euclidean",
        "placement_mode": "exact",
        "placement_semantics": "exact_point",
        "shelter_id": 99,
        "candidate_source": "buildings",
        "time_bucket": "5min",
        "time_seconds": 300,
        "coordinates": "31.754840,34.989642",
        "nearest_building_dist_m": 0.0,
        "newly_covered_buildings": 11,
        "newly_covered_people_est": 77
      }
    },
    {
      "type": "Feature",
      "geometry": {
        "type": "Point",
        "coordinates": [
          34.97427569947298,
          31.69947060068668
        ]
      },
      "properties": {
        "rank": 14,
        "distance_metric": "euclidean",
        "placement_mode": "exact",
        "placement_semantics": "exact_point",
        "shelter_id": 2948,
        "candidate_source": "network_nodes",
        "time_bucket": "5min",
        "time_seconds": 300,
        "coordinates": "31.699471,34.974276",
        "nearest_building_dist_m": 28.08,
        "newly_covered_buildings": 10,
        "newly_covered_people_est": 70
      }
    },
    {
      "type": "Feature",
      "geometry": {
        "type": "Point",
        "coordinates": [
          35.00087369947335,
          31.716581700686504
        ]
      },
      "properties": {
        "rank": 15,
        "distance_metric": "euclidean",
        "placement_mode": "exact",
        "placement_semantics": "exact_point",
        "shelter_id": 3658,
        "candidate_source": "network_nodes",
        "time_bucket": "5min",
        "time_seconds": 300,
        "coordinates": "31.716582,35.000874",
        "nearest_building_dist_m": 27.58,
        "newly_covered_buildings": 10,
        "newly_covered_people_est": 70
      }
    },
    {
      "type": "Feature",
      "geometry": {
        "type": "Point",
        "coordinates": [
          34.97570847459186,
          31.69765746757506
        ]
      },
      "properties": {
        "rank": 16,
        "distance_metric": "euclidean",
        "placement_mode": "exact",
        "placement_semantics": "exact_point",
        "shelter_id": 1118,
        "candidate_source": "buildings",
        "time_bucket": "5min",
        "time_seconds": 300,
        "coordinates": "31.697657,34.975708",
        "nearest_building_dist_m": 0.0,
        "newly_covered_buildings": 9,
        "newly_covered_people_est": 63
      }
    },
    {
      "type": "Feature",
      "geometry": {
        "type": "Point",
        "coordinates": [
          34.98703020779701,
          31.748978614698782
        ]
      },
      "properties": {
        "rank": 17,
        "distance_metric": "euclidean",
        "placement_mode": "exact",
        "placement_semantics": "exact_point",
        "shelter_id": 1494,
        "candidate_source": "buildings",
        "time_bucket": "5min",
        "time_seconds": 300,
        "coordinates": "31.748979,34.987030",
        "nearest_building_dist_m": 0.0,
        "newly_covered_buildings": 9,
        "newly_covered_people_est": 63
      }
    },
    {
      "type": "Feature",
      "geometry": {
        "type": "Point",
        "coordinates": [
          34.99882986411472,
          31.75764226749957
        ]
      },
      "properties": {
        "rank": 18,
        "distance_metric": "euclidean",
        "placement_mode": "exact",
        "placement_semantics": "exact_point",
        "shelter_id": 555,
        "candidate_source": "buildings",
        "time_bucket": "5min",
        "time_seconds": 300,
        "coordinates": "31.757642,34.998830",
        "nearest_building_dist_m": 0.0,
        "newly_covered_buildings": 8,
        "newly_covered_people_est": 56
      }
    },
    {
      "type": "Feature",
      "geometry": {
        "type": "Point",
        "coordinates": [
          34.98229530370499,
          31.715042721150866
        ]
      },
      "properties": {
        "rank": 19,
        "distance_metric": "euclidean",
        "placement_mode": "exact",
        "placement_semantics": "exact_point",
        "shelter_id": 590,
        "candidate_source": "buildings",
        "time_bucket": "5min",
        "time_seconds": 300,
        "coordinates": "31.715043,34.982295",
        "nearest_building_dist_m": 0.0,
        "newly_covered_buildings": 8,
        "newly_covered_people_est": 56
      }
    },
    {
      "type": "Feature",
      "geometry": {
        "type": "Point",
        "coordinates": [
          35.006602028560195,
          31.698895624075153
        ]
      },
      "properties": {
        "rank": 20,
        "distance_metric": "euclidean",
        "placement_mode": "exact",
        "placement_semantics": "exact_point",
        "shelter_id": 1037,
        "candidate_source": "buildings",
        "time_bucket": "5min",
        "time_seconds": 300,
        "coordinates": "31.698896,35.006602",
        "nearest_building_dist_m": 0.0,
        "newly_covered_buildings": 8,
        "newly_covered_people_est": 56
      }
    },
    {
      "type": "Feature",
      "geometry": {
        "type": "Point",
        "coordinates": [
          34.96162961038913,
          31.703517472103268
        ]
      },
      "properties": {
        "rank": 21,
        "distance_metric": "euclidean",
        "placement_mode": "exact",
        "placement_semantics": "exact_point",
        "shelter_id": 1148,
        "candidate_source": "buildings",
        "time_bucket": "5min",
        "time_seconds": 300,
        "coordinates": "31.703517,34.961630",
        "nearest_building_dist_m": 0.0,
        "newly_covered_buildings": 8,
        "newly_covered_people_est": 56
      }
    },
    {
      "type": "Feature",
      "geometry": {
        "type": "Point",
        "coordinates": [
          34.959496263207484,
          31.707200445368635
        ]
      },
      "properties": {
        "rank": 22,
        "distance_metric": "euclidean",
        "placement_mode": "exact",
        "placement_semantics": "exact_point",
        "shelter_id": 1154,
        "candidate_source": "buildings",
        "time_bucket": "5min",
        "time_seconds": 300,
        "coordinates": "31.707200,34.959496",
        "nearest_building_dist_m": 0.0,
        "newly_covered_buildings": 8,
        "newly_covered_people_est": 56
      }
    },
    {
      "type": "Feature",
      "geometry": {
        "type": "Point",
        "coordinates": [
          34.977694899475985,
          31.742476500682383
        ]
      },
      "properties": {
        "rank": 23,
        "distance_metric": "euclidean",
        "placement_mode": "exact",
        "placement_semantics": "exact_point",
        "shelter_id": 1848,
        "candidate_source": "network_nodes",
        "time_bucket": "5min",
        "time_seconds": 300,
        "coordinates": "31.742477,34.977695",
        "nearest_building_dist_m": 33.33,
        "newly_covered_buildings": 8,
        "newly_covered_people_est": 56
      }
    },
    {
      "type": "Feature",
      "geometry": {
        "type": "Point",
        "coordinates": [
          34.99691529947321,
          31.712924800686643
        ]
      },
      "properties": {
        "rank": 24,
        "distance_metric": "euclidean",
        "placement_mode": "exact",
        "placement_semantics": "exact_point",
        "shelter_id": 2171,
        "candidate_source": "network_nodes",
        "time_bucket": "5min",
        "time_seconds": 300,
        "coordinates": "31.712925,34.996915",
        "nearest_building_dist_m": 63.08,
        "newly_covered_buildings": 8,
        "newly_covered_people_est": 56
      }
    },
    {
      "type": "Feature",
      "geometry": {
        "type": "Point",
        "coordinates": [
          34.99734829947653,
          31.75907620068185
        ]
      },
      "properties": {
        "rank": 25,
        "distance_metric": "euclidean",
        "placement_mode": "exact",
        "placement_semantics": "exact_point",
        "shelter_id": 2550,
        "candidate_source": "network_nodes",
        "time_bucket": "5min",
        "time_seconds": 300,
        "coordinates": "31.759076,34.997348",
        "nearest_building_dist_m": 24.52,
        "newly_covered_buildings": 8,
        "newly_covered_people_est": 56
      }
    },
    {
      "type": "Feature",
      "geometry": {
        "type": "Point",
        "coordinates": [
          34.95543309947641,
          31.738341700681467
        ]
      },
      "properties": {
        "rank": 26,
        "distance_metric": "euclidean",
        "placement_mode": "exact",
        "placement_semantics": "exact_point",
        "shelter_id": 2855,
        "candidate_source": "network_nodes",
        "time_bucket": "5min",
        "time_seconds": 300,
        "coordinates": "31.738342,34.955433",
        "nearest_building_dist_m": 46.58,
        "newly_covered_buildings": 8,
        "newly_covered_people_est": 56
      }
    },
    {
      "type": "Feature",
      "geometry": {
        "type": "Point",
        "coordinates": [
          34.956911640265005,
          31.736683380812117
        ]
      },
      "properties": {
        "rank": 27,
        "distance_metric": "euclidean",
        "placement_mode": "exact",
        "placement_semantics": "exact_point",
        "shelter_id": 5328,
        "candidate_source": "network_nodes",
        "time_bucket": "5min",
        "time_seconds": 300,
        "coordinates": "31.736683,34.956912",
        "nearest_building_dist_m": 33.8,
        "newly_covered_buildings": 8,
        "newly_covered_people_est": 56
      }
    },
    {
      "type": "Feature",
      "geometry": {
        "type": "Point",
        "coordinates": [
          34.99546506607223,
          31.753080426827836
        ]
      },
      "properties": {
        "rank": 28,
        "distance_metric": "euclidean",
        "placement_mode": "exact",
        "placement_semantics": "exact_point",
        "shelter_id": 110,
        "candidate_source": "buildings",
        "time_bucket": "5min",
        "time_seconds": 300,
        "coordinates": "31.753080,34.995465",
        "nearest_building_dist_m": 0.0,
        "newly_covered_buildings": 7,
        "newly_covered_people_est": 49
      }
    },
    {
      "type": "Feature",
      "geometry": {
        "type": "Point",
        "coordinates": [
          34.96913844983057,
          31.70112144778659
        ]
      },
      "properties": {
        "rank": 29,
        "distance_metric": "euclidean",
        "placement_mode": "exact",
        "placement_semantics": "exact_point",
        "shelter_id": 1143,
        "candidate_source": "buildings",
        "time_bucket": "5min",
        "time_seconds": 300,
        "coordinates": "31.701121,34.969138",
        "nearest_building_dist_m": 0.0,
        "newly_covered_buildings": 7,
        "newly_covered_people_est": 49
      }
    },
    {
      "type": "Feature",
      "geometry": {
        "type": "Point",
        "coordinates": [
          34.96241398074052,
          31.707155119799232
        ]
      },
      "properties": {
        "rank": 30,
        "distance_metric": "euclidean",
        "placement_mode": "exact",
        "placement_semantics": "exact_point",
        "shelter_id": 1159,
        "candidate_source": "buildings",
        "time_bucket": "5min",
        "time_seconds": 300,
        "coordinates": "31.707155,34.962414",
        "nearest_building_dist_m": 0.0,
        "newly_covered_buildings": 7,
        "newly_covered_people_est": 49
      }
    },
    {
      "type": "Feature",
      "geometry": {
        "type": "Point",
        "coordinates": [
          34.99988208205341,
          31.71268736919101
        ]
      },
      "properties": {
        "rank": 31,
        "distance_metric": "euclidean",
        "placement_mode": "exact",
        "placement_semantics": "exact_point",
        "shelter_id": 237,
        "candidate_source": "buildings",
        "time_bucket": "5min",
        "time_seconds": 300,
        "coordinates": "31.712687,34.999882",
        "nearest_building_dist_m": 0.0,
        "newly_covered_buildings": 6,
        "newly_covered_people_est": 42
      }
    },
    {
      "type": "Feature",
      "geometry": {
        "type": "Point",
        "coordinates": [
          34.97743911502785,
          31.73874568358495
        ]
      },
      "properties": {
        "rank": 32,
        "distance_metric": "euclidean",
        "placement_mode": "exact",
        "placement_semantics": "exact_point",
        "shelter_id": 452,
        "candidate_source": "buildings",
        "time_bucket": "5min",
        "time_seconds": 300,
        "coordinates": "31.738746,34.977439",
        "nearest_building_dist_m": 0.0,
        "newly_covered_buildings": 6,
        "newly_covered_people_est": 42
      }
    },
    {
      "type": "Feature",
      "geometry": {
        "type": "Point",
        "coordinates": [
          34.97509162755749,
          31.724730028251443
        ]
      },
      "properties": {
        "rank": 33,
        "distance_metric": "euclidean",
        "placement_mode": "exact",
        "placement_semantics": "exact_point",
        "shelter_id": 522,
        "candidate_source": "buildings",
        "time_bucket": "5min",
        "time_seconds": 300,
        "coordinates": "31.724730,34.975092",
        "nearest_building_dist_m": 0.0,
        "newly_covered_buildings": 6,
        "newly_covered_people_est": 42
      }
    },
    {
      "type": "Feature",
      "geometry": {
        "type": "Point",
        "coordinates": [
          34.98160796041484,
          31.74264424454939
        ]
      },
      "properties": {
        "rank": 34,
        "distance_metric": "euclidean",
        "placement_mode": "exact",
        "placement_semantics": "exact_point",
        "shelter_id": 728,
        "candidate_source": "buildings",
        "time_bucket": "5min",
        "time_seconds": 300,
        "coordinates": "31.742644,34.981608",
        "nearest_building_dist_m": 0.0,
        "newly_covered_buildings": 6,
        "newly_covered_people_est": 42
      }
    },
    {
      "type": "Feature",
      "geometry": {
        "type": "Point",
        "coordinates": [
          34.95594623149107,
          31.74048511748546
        ]
      },
      "properties": {
        "rank": 35,
        "distance_metric": "euclidean",
        "placement_mode": "exact",
        "placement_semantics": "exact_point",
        "shelter_id": 748,
        "candidate_source": "buildings",
        "time_bucket": "5min",
        "time_seconds": 300,
        "coordinates": "31.740485,34.955946",
        "nearest_building_dist_m": 0.0,
        "newly_covered_buildings": 6,
        "newly_covered_people_est": 42
      }
    },
    {
      "type": "Feature",
      "geometry": {
        "type": "Point",
        "coordinates": [
          34.960115694698786,
          31.710440893595173
        ]
      },
      "properties": {
        "rank": 36,
        "distance_metric": "euclidean",
        "placement_mode": "exact",
        "placement_semantics": "exact_point",
        "shelter_id": 1078,
        "candidate_source": "buildings",
        "time_bucket": "5min",
        "time_seconds": 300,
        "coordinates": "31.710441,34.960116",
        "nearest_building_dist_m": 0.0,
        "newly_covered_buildings": 6,
        "newly_covered_people_est": 42
      }
    },
    {
      "type": "Feature",
      "geometry": {
        "type": "Point",
        "coordinates": [
          34.96732071179055,
          31.7018618136571
        ]
      },
      "properties": {
        "rank": 37,
        "distance_metric": "euclidean",
        "placement_mode": "exact",
        "placement_semantics": "exact_point",
        "shelter_id": 1092,
        "candidate_source": "buildings",
        "time_bucket": "5min",
        "time_seconds": 300,
        "coordinates": "31.701862,34.967321",
        "nearest_building_dist_m": 0.0,
        "newly_covered_buildings": 6,
        "newly_covered_people_est": 42
      }
    },
    {
      "type": "Feature",
      "geometry": {
        "type": "Point",
        "coordinates": [
          34.9924428729269,
          31.75515611289011
        ]
      },
      "properties": {
        "rank": 38,
        "distance_metric": "euclidean",
        "placement_mode": "exact",
        "placement_semantics": "exact_point",
        "shelter_id": 1588,
        "candidate_source": "buildings",
        "time_bucket": "5min",
        "time_seconds": 300,
        "coordinates": "31.755156,34.992443",
        "nearest_building_dist_m": 0.0,
        "newly_covered_buildings": 6,
        "newly_covered_people_est": 42
      }
    },
    {
      "type": "Feature",
      "geometry": {
        "type": "Point",
        "coordinates": [
          34.98003169947647,
          31.750367900681717
        ]
      },
      "properties": {
        "rank": 39,
        "distance_metric": "euclidean",
        "placement_mode": "exact",
        "placement_semantics": "exact_point",
        "shelter_id": 2057,
        "candidate_source": "network_nodes",
        "time_bucket": "5min",
        "time_seconds": 300,
        "coordinates": "31.750368,34.980032",
        "nearest_building_dist_m": 50.06,
        "newly_covered_buildings": 6,
        "newly_covered_people_est": 42
      }
    },
    {
      "type": "Feature",
      "geometry": {
        "type": "Point",
        "coordinates": [
          34.98671499689397,
          31.743147750369143
        ]
      },
      "properties": {
        "rank": 40,
        "distance_metric": "euclidean",
        "placement_mode": "exact",
        "placement_semantics": "exact_point",
        "shelter_id": 5494,
        "candidate_source": "network_nodes",
        "time_bucket": "5min",
        "time_seconds": 300,
        "coordinates": "31.743148,34.986715",
        "nearest_building_dist_m": 48.25,
        "newly_covered_buildings": 6,
        "newly_covered_people_est": 42
      }
    },
    {
      "type": "Feature",
      "geometry": {
        "type": "Point",
        "coordinates": [
          34.97733572111089,
          31.714278136478583
        ]
      },
      "properties": {
        "rank": 41,
        "distance_metric": "euclidean",
        "placement_mode": "exact",
        "placement_semantics": "exact_point",
        "shelter_id": 133,
        "candidate_source": "buildings",
        "time_bucket": "5min",
        "time_seconds": 300,
        "coordinates": "31.714278,34.977336",
        "nearest_building_dist_m": 0.0,
        "newly_covered_buildings": 5,
        "newly_covered_people_est": 35
      }
    },
    {
      "type": "Feature",
      "geometry": {
        "type": "Point",
        "coordinates": [
          34.958908538474866,
          31.729770072597603
        ]
      },
      "properties": {
        "rank": 42,
        "distance_metric": "euclidean",
        "placement_mode": "exact",
        "placement_semantics": "exact_point",
        "shelter_id": 137,
        "candidate_source": "buildings",
        "time_bucket": "5min",
        "time_seconds": 300,
        "coordinates": "31.729770,34.958909",
        "nearest_building_dist_m": 0.0,
        "newly_covered_buildings": 5,
        "newly_covered_people_est": 35
      }
    },
    {
      "type": "Feature",
      "geometry": {
        "type": "Point",
        "coordinates": [
          34.991816159812416,
          31.728358801862836
        ]
      },
      "properties": {
        "rank": 43,
        "distance_metric": "euclidean",
        "placement_mode": "exact",
        "placement_semantics": "exact_point",
        "shelter_id": 463,
        "candidate_source": "buildings",
        "time_bucket": "5min",
        "time_seconds": 300,
        "coordinates": "31.728359,34.991816",
        "nearest_building_dist_m": 0.0,
        "newly_covered_buildings": 5,
        "newly_covered_people_est": 35
      }
    },
    {
      "type": "Feature",
      "geometry": {
        "type": "Point",
        "coordinates": [
          34.992800647937266,
          31.72481246664602
        ]
      },
      "properties": {
        "rank": 44,
        "distance_metric": "euclidean",
        "placement_mode": "exact",
        "placement_semantics": "exact_point",
        "shelter_id": 547,
        "candidate_source": "buildings",
        "time_bucket": "5min",
        "time_seconds": 300,
        "coordinates": "31.724812,34.992801",
        "nearest_building_dist_m": 0.0,
        "newly_covered_buildings": 5,
        "newly_covered_people_est": 35
      }
    },
    {
      "type": "Feature",
      "geometry": {
        "type": "Point",
        "coordinates": [
          34.99112613257222,
          31.71696606038266
        ]
      },
      "properties": {
        "rank": 45,
        "distance_metric": "euclidean",
        "placement_mode": "exact",
        "placement_semantics": "exact_point",
        "shelter_id": 666,
        "candidate_source": "buildings",
        "time_bucket": "5min",
        "time_seconds": 300,
        "coordinates": "31.716966,34.991126",
        "nearest_building_dist_m": 0.0,
        "newly_covered_buildings": 5,
        "newly_covered_people_est": 35
      }
    },
    {
      "type": "Feature",
      "geometry": {
        "type": "Point",
        "coordinates": [
          35.00045350298077,
          31.70993173913173
        ]
      },
      "properties": {
        "rank": 46,
        "distance_metric": "euclidean",
        "placement_mode": "exact",
        "placement_semantics": "exact_point",
        "shelter_id": 953,
        "candidate_source": "buildings",
        "time_bucket": "5min",
        "time_seconds": 300,
        "coordinates": "31.709932,35.000454",
        "nearest_building_dist_m": 0.0,
        "newly_covered_buildings": 5,
        "newly_covered_people_est": 35
      }
    },
    {
      "type": "Feature",
      "geometry": {
        "type": "Point",
        "coordinates": [
          35.00161397015656,
          31.705433843270985
        ]
      },
      "properties": {
        "rank": 47,
        "distance_metric": "euclidean",
        "placement_mode": "exact",
        "placement_semantics": "exact_point",
        "shelter_id": 1041,
        "candidate_source": "buildings",
        "time_bucket": "5min",
        "time_seconds": 300,
        "coordinates": "31.705434,35.001614",
        "nearest_building_dist_m": 0.0,
        "newly_covered_buildings": 5,
        "newly_covered_people_est": 35
      }
    },
    {
      "type": "Feature",
      "geometry": {
        "type": "Point",
        "coordinates": [
          34.962763680708946,
          31.708988044358495
        ]
      },
      "properties": {
        "rank": 48,
        "distance_metric": "euclidean",
        "placement_mode": "exact",
        "placement_semantics": "exact_point",
        "shelter_id": 1071,
        "candidate_source": "buildings",
        "time_bucket": "5min",
        "time_seconds": 300,
        "coordinates": "31.708988,34.962764",
        "nearest_building_dist_m": 0.0,
        "newly_covered_buildings": 5,
        "newly_covered_people_est": 35
      }
    },
    {
      "type": "Feature",
      "geometry": {
        "type": "Point",
        "coordinates": [
          34.96526814452698,
          31.704138102151827
        ]
      },
      "properties": {
        "rank": 49,
        "distance_metric": "euclidean",
        "placement_mode": "exact",
        "placement_semantics": "exact_point",
        "shelter_id": 1086,
        "candidate_source": "buildings",
        "time_bucket": "5min",
        "time_seconds": 300,
        "coordinates": "31.704138,34.965268",
        "nearest_building_dist_m": 0.0,
        "newly_covered_buildings": 5,
        "newly_covered_people_est": 35
      }
    },
    {
      "type": "Feature",
      "geometry": {
        "type": "Point",
        "coordinates": [
          34.99394753162486,
          31.71102607421221
        ]
      },
      "properties": {
        "rank": 50,
        "distance_metric": "euclidean",
        "placement_mode": "exact",
        "placement_semantics": "exact_point",
        "shelter_id": 1241,
        "candidate_source": "buildings",
        "time_bucket": "5min",
        "time_seconds": 300,
        "coordinates": "31.711026,34.993948",
        "nearest_building_dist_m": 0.0,
        "newly_covered_buildings": 5,
        "newly_covered_people_est": 35
      }
    },
    {
      "type": "Feature",
      "geometry": {
        "type": "Point",
        "coordinates": [
          34.99611820704821,
          31.70863862029855
        ]
      },
      "properties": {
        "rank": 51,
        "distance_metric": "euclidean",
        "placement_mode": "exact",
        "placement_semantics": "exact_point",
        "shelter_id": 1277,
        "candidate_source": "buildings",
        "time_bucket": "5min",
        "time_seconds": 300,
        "coordinates": "31.708639,34.996118",
        "nearest_building_dist_m": 0.0,
        "newly_covered_buildings": 5,
        "newly_covered_people_est": 35
      }
    },
    {
      "type": "Feature",
      "geometry": {
        "type": "Point",
        "coordinates": [
          34.989623799476654,
          31.75725760068157
        ]
      },
      "properties": {
        "rank": 52,
        "distance_metric": "euclidean",
        "placement_mode": "exact",
        "placement_semantics": "exact_point",
        "shelter_id": 1823,
        "candidate_source": "network_nodes",
        "time_bucket": "5min",
        "time_seconds": 300,
        "coordinates": "31.757258,34.989624",
        "nearest_building_dist_m": 24.81,
        "newly_covered_buildings": 5,
        "newly_covered_people_est": 35
      }
    },
    {
      "type": "Feature",
      "geometry": {
        "type": "Point",
        "coordinates": [
          35.00538969947196,
          31.699499800688557
        ]
      },
      "properties": {
        "rank": 53,
        "distance_metric": "euclidean",
        "placement_mode": "exact",
        "placement_semantics": "exact_point",
        "shelter_id": 3045,
        "candidate_source": "network_nodes",
        "time_bucket": "5min",
        "time_seconds": 300,
        "coordinates": "31.699500,35.005390",
        "nearest_building_dist_m": 41.04,
        "newly_covered_buildings": 5,
        "newly_covered_people_est": 35
      }
    },
    {
      "type": "Feature",
      "geometry": {
        "type": "Point",
        "coordinates": [
          34.98102639947342,
          31.70845490068614
        ]
      },
      "properties": {
        "rank": 54,
        "distance_metric": "euclidean",
        "placement_mode": "exact",
        "placement_semantics": "exact_point",
        "shelter_id": 3254,
        "candidate_source": "network_nodes",
        "time_bucket": "5min",
        "time_seconds": 300,
        "coordinates": "31.708455,34.981026",
        "nearest_building_dist_m": 22.55,
        "newly_covered_buildings": 5,
        "newly_covered_people_est": 35
      }
    },
    {
      "type": "Feature",
      "geometry": {
        "type": "Point",
        "coordinates": [
          34.99686976721014,
          31.74544643861562
        ]
      },
      "properties": {
        "rank": 55,
        "distance_metric": "euclidean",
        "placement_mode": "exact",
        "placement_semantics": "exact_point",
        "shelter_id": 5191,
        "candidate_source": "network_nodes",
        "time_bucket": "5min",
        "time_seconds": 300,
        "coordinates": "31.745446,34.996870",
        "nearest_building_dist_m": 30.69,
        "newly_covered_buildings": 5,
        "newly_covered_people_est": 35
      }
    },
    {
      "type": "Feature",
      "geometry": {
        "type": "Point",
        "coordinates": [
          34.991051790820094,
          31.755915640415328
        ]
      },
      "properties": {
        "rank": 56,
        "distance_metric": "euclidean",
        "placement_mode": "exact",
        "placement_semantics": "exact_point",
        "shelter_id": 5415,
        "candidate_source": "network_nodes",
        "time_bucket": "5min",
        "time_seconds": 300,
        "coordinates": "31.755916,34.991052",
        "nearest_building_dist_m": 25.07,
        "newly_covered_buildings": 5,
        "newly_covered_people_est": 35
      }
    },
    {
      "type": "Feature",
      "geometry": {
        "type": "Point",
        "coordinates": [
          35.014455583770896,
          31.759410275683454
        ]
      },
      "properties": {
        "rank": 57,
        "distance_metric": "euclidean",
        "placement_mode": "exact",
        "placement_semantics": "exact_point",
        "shelter_id": 78,
        "candidate_source": "buildings",
        "time_bucket": "5min",
        "time_seconds": 300,
        "coordinates": "31.759410,35.014456",
        "nearest_building_dist_m": 0.0,
        "newly_covered_buildings": 4,
        "newly_covered_people_est": 28
      }
    },
    {
      "type": "Feature",
      "geometry": {
        "type": "Point",
        "coordinates": [
          34.990090677964176,
          31.77090857652389
        ]
      },
      "properties": {
        "rank": 58,
        "distance_metric": "euclidean",
        "placement_mode": "exact",
        "placement_semantics": "exact_point",
        "shelter_id": 123,
        "candidate_source": "buildings",
        "time_bucket": "5min",
        "time_seconds": 300,
        "coordinates": "31.770909,34.990091",
        "nearest_building_dist_m": 0.0,
        "newly_covered_buildings": 4,
        "newly_covered_people_est": 28
      }
    },
    {
      "type": "Feature",
      "geometry": {
        "type": "Point",
        "coordinates": [
          34.987796265751385,
          31.712042912225797
        ]
      },
      "properties": {
        "rank": 59,
        "distance_metric": "euclidean",
        "placement_mode": "exact",
        "placement_semantics": "exact_point",
        "shelter_id": 134,
        "candidate_source": "buildings",
        "time_bucket": "5min",
        "time_seconds": 300,
        "coordinates": "31.712043,34.987796",
        "nearest_building_dist_m": 0.0,
        "newly_covered_buildings": 4,
        "newly_covered_people_est": 28
      }
    },
    {
      "type": "Feature",
      "geometry": {
        "type": "Point",
        "coordinates": [
          34.99319742816584,
          31.749485841713064
        ]
      },
      "properties": {
        "rank": 60,
        "distance_metric": "euclidean",
        "placement_mode": "exact",
        "placement_semantics": "exact_point",
        "shelter_id": 220,
        "candidate_source": "buildings",
        "time_bucket": "5min",
        "time_seconds": 300,
        "coordinates": "31.749486,34.993197",
        "nearest_building_dist_m": 0.0,
        "newly_covered_buildings": 4,
        "newly_covered_people_est": 28
      }
    },
    {
      "type": "Feature",
      "geometry": {
        "type": "Point",
        "coordinates": [
          34.979995821409716,
          31.70503735249202
        ]
      },
      "properties": {
        "rank": 61,
        "distance_metric": "euclidean",
        "placement_mode": "exact",
        "placement_semantics": "exact_point",
        "shelter_id": 295,
        "candidate_source": "buildings",
        "time_bucket": "5min",
        "time_seconds": 300,
        "coordinates": "31.705037,34.979996",
        "nearest_building_dist_m": 0.0,
        "newly_covered_buildings": 4,
        "newly_covered_people_est": 28
      }
    },
    {
      "type": "Feature",
      "geometry": {
        "type": "Point",
        "coordinates": [
          34.97749712542973,
          31.743945027489488
        ]
      },
      "properties": {
        "rank": 62,
        "distance_metric": "euclidean",
        "placement_mode": "exact",
        "placement_semantics": "exact_point",
        "shelter_id": 450,
        "candidate_source": "buildings",
        "time_bucket": "5min",
        "time_seconds": 300,
        "coordinates": "31.743945,34.977497",
        "nearest_building_dist_m": 0.0,
        "newly_covered_buildings": 4,
        "newly_covered_people_est": 28
      }
    },
    {
      "type": "Feature",
      "geometry": {
        "type": "Point",
        "coordinates": [
          34.96277472934731,
          31.713459382648388
        ]
      },
      "properties": {
        "rank": 63,
        "distance_metric": "euclidean",
        "placement_mode": "exact",
        "placement_semantics": "exact_point",
        "shelter_id": 469,
        "candidate_source": "buildings",
        "time_bucket": "5min",
        "time_seconds": 300,
        "coordinates": "31.713459,34.962775",
        "nearest_building_dist_m": 0.0,
        "newly_covered_buildings": 4,
        "newly_covered_people_est": 28
      }
    },
    {
      "type": "Feature",
      "geometry": {
        "type": "Point",
        "coordinates": [
          35.00320892487746,
          31.71313208269774
        ]
      },
      "properties": {
        "rank": 64,
        "distance_metric": "euclidean",
        "placement_mode": "exact",
        "placement_semantics": "exact_point",
        "shelter_id": 487,
        "candidate_source": "buildings",
        "time_bucket": "5min",
        "time_seconds": 300,
        "coordinates": "31.713132,35.003209",
        "nearest_building_dist_m": 0.0,
        "newly_covered_buildings": 4,
        "newly_covered_people_est": 28
      }
    },
    {
      "type": "Feature",
      "geometry": {
        "type": "Point",
        "coordinates": [
          34.99219609762799,
          31.740887508997645
        ]
      },
      "properties": {
        "rank": 65,
        "distance_metric": "euclidean",
        "placement_mode": "exact",
        "placement_semantics": "exact_point",
        "shelter_id": 671,
        "candidate_source": "buildings",
        "time_bucket": "5min",
        "time_seconds": 300,
        "coordinates": "31.740888,34.992196",
        "nearest_building_dist_m": 0.0,
        "newly_covered_buildings": 4,
        "newly_covered_people_est": 28
      }
    },
    {
      "type": "Feature",
      "geometry": {
        "type": "Point",
        "coordinates": [
          34.99653951606662,
          31.760644482619636
        ]
      },
      "properties": {
        "rank": 66,
        "distance_metric": "euclidean",
        "placement_mode": "exact",
        "placement_semantics": "exact_point",
        "shelter_id": 696,
        "candidate_source": "buildings",
        "time_bucket": "5min",
        "time_seconds": 300,
        "coordinates": "31.760644,34.996540",
        "nearest_building_dist_m": 0.0,
        "newly_covered_buildings": 4,
        "newly_covered_people_est": 28
      }
    },
    {
      "type": "Feature",
      "geometry": {
        "type": "Point",
        "coordinates": [
          34.99864713802639,
          31.707855569702257
        ]
      },
      "properties": {
        "rank": 67,
        "distance_metric": "euclidean",
        "placement_mode": "exact",
        "placement_semantics": "exact_point",
        "shelter_id": 801,
        "candidate_source": "buildings",
        "time_bucket": "5min",
        "time_seconds": 300,
        "coordinates": "31.707856,34.998647",
        "nearest_building_dist_m": 0.0,
        "newly_covered_buildings": 4,
        "newly_covered_people_est": 28
      }
    },
    {
      "type": "Feature",
      "geometry": {
        "type": "Point",
        "coordinates": [
          34.98135034839084,
          31.73915391020502
        ]
      },
      "properties": {
        "rank": 68,
        "distance_metric": "euclidean",
        "placement_mode": "exact",
        "placement_semantics": "exact_point",
        "shelter_id": 891,
        "candidate_source": "buildings",
        "time_bucket": "5min",
        "time_seconds": 300,
        "coordinates": "31.739154,34.981350",
        "nearest_building_dist_m": 0.0,
        "newly_covered_buildings": 4,
        "newly_covered_people_est": 28
      }
    },
    {
      "type": "Feature",
      "geometry": {
        "type": "Point",
        "coordinates": [
          35.00026715176365,
          31.704579090683016
        ]
      },
      "properties": {
        "rank": 69,
        "distance_metric": "euclidean",
        "placement_mode": "exact",
        "placement_semantics": "exact_point",
        "shelter_id": 1045,
        "candidate_source": "buildings",
        "time_bucket": "5min",
        "time_seconds": 300,
        "coordinates": "31.704579,35.000267",
        "nearest_building_dist_m": 0.0,
        "newly_covered_buildings": 4,
        "newly_covered_people_est": 28
      }
    },
    {
      "type": "Feature",
      "geometry": {
        "type": "Point",
        "coordinates": [
          34.9790330199872,
          31.738570239790253
        ]
      },
      "properties": {
        "rank": 70,
        "distance_metric": "euclidean",
        "placement_mode": "exact",
        "placement_semantics": "exact_point",
        "shelter_id": 1392,
        "candidate_source": "buildings",
        "time_bucket": "5min",
        "time_seconds": 300,
        "coordinates": "31.738570,34.979033",
        "nearest_building_dist_m": 0.0,
        "newly_covered_buildings": 4,
        "newly_covered_people_est": 28
      }
    },
    {
      "type": "Feature",
      "geometry": {
        "type": "Point",
        "coordinates": [
          34.997435601488384,
          31.75340957422407
        ]
      },
      "properties": {
        "rank": 71,
        "distance_metric": "euclidean",
        "placement_mode": "exact",
        "placement_semantics": "exact_point",
        "shelter_id": 1569,
        "candidate_source": "buildings",
        "time_bucket": "5min",
        "time_seconds": 300,
        "coordinates": "31.753410,34.997436",
        "nearest_building_dist_m": 0.0,
        "newly_covered_buildings": 4,
        "newly_covered_people_est": 28
      }
    },
    {
      "type": "Feature",
      "geometry": {
        "type": "Point",
        "coordinates": [
          34.96634709947426,
          31.713490100684723
        ]
      },
      "properties": {
        "rank": 72,
        "distance_metric": "euclidean",
        "placement_mode": "exact",
        "placement_semantics": "exact_point",
        "shelter_id": 3014,
        "candidate_source": "network_nodes",
        "time_bucket": "5min",
        "time_seconds": 300,
        "coordinates": "31.713490,34.966347",
        "nearest_building_dist_m": 65.94,
        "newly_covered_buildings": 4,
        "newly_covered_people_est": 28
      }
    },
    {
      "type": "Feature",
      "geometry": {
        "type": "Point",
        "coordinates": [
          34.99193681173322,
          31.757858625832288
        ]
      },
      "properties": {
        "rank": 73,
        "distance_metric": "euclidean",
        "placement_mode": "exact",
        "placement_semantics": "exact_point",
        "shelter_id": 20,
        "candidate_source": "buildings",
        "time_bucket": "5min",
        "time_seconds": 300,
        "coordinates": "31.757859,34.991937",
        "nearest_building_dist_m": 0.0,
        "newly_covered_buildings": 3,
        "newly_covered_people_est": 21
      }
    },
    {
      "type": "Feature",
      "geometry": {
        "type": "Point",
        "coordinates": [
          34.98431134976652,
          31.74932341598311
        ]
      },
      "properties": {
        "rank": 74,
        "distance_metric": "euclidean",
        "placement_mode": "exact",
        "placement_semantics": "exact_point",
        "shelter_id": 180,
        "candidate_source": "buildings",
        "time_bucket": "5min",
        "time_seconds": 300,
        "coordinates": "31.749323,34.984311",
        "nearest_building_dist_m": 0.0,
        "newly_covered_buildings": 3,
        "newly_covered_people_est": 21
      }
    },
    {
      "type": "Feature",
      "geometry": {
        "type": "Point",
        "coordinates": [
          34.97886812193794,
          31.74804230787498
        ]
      },
      "properties": {
        "rank": 75,
        "distance_metric": "euclidean",
        "placement_mode": "exact",
        "placement_semantics": "exact_point",
        "shelter_id": 203,
        "candidate_source": "buildings",
        "time_bucket": "5min",
        "time_seconds": 300,
        "coordinates": "31.748042,34.978868",
        "nearest_building_dist_m": 0.0,
        "newly_covered_buildings": 3,
        "newly_covered_people_est": 21
      }
    },
    {
      "type": "Feature",
      "geometry": {
        "type": "Point",
        "coordinates": [
          34.98812890753632,
          31.747128852609407
        ]
      },
      "properties": {
        "rank": 76,
        "distance_metric": "euclidean",
        "placement_mode": "exact",
        "placement_semantics": "exact_point",
        "shelter_id": 215,
        "candidate_source": "buildings",
        "time_bucket": "5min",
        "time_seconds": 300,
        "coordinates": "31.747129,34.988129",
        "nearest_building_dist_m": 0.0,
        "newly_covered_buildings": 3,
        "newly_covered_people_est": 21
      }
    },
    {
      "type": "Feature",
      "geometry": {
        "type": "Point",
        "coordinates": [
          34.97823055202106,
          31.72676920808314
        ]
      },
      "properties": {
        "rank": 77,
        "distance_metric": "euclidean",
        "placement_mode": "exact",
        "placement_semantics": "exact_point",
        "shelter_id": 372,
        "candidate_source": "buildings",
        "time_bucket": "5min",
        "time_seconds": 300,
        "coordinates": "31.726769,34.978231",
        "nearest_building_dist_m": 0.0,
        "newly_covered_buildings": 3,
        "newly_covered_people_est": 21
      }
    },
    {
      "type": "Feature",
      "geometry": {
        "type": "Point",
        "coordinates": [
          34.98695728941302,
          31.735570694559524
        ]
      },
      "properties": {
        "rank": 78,
        "distance_metric": "euclidean",
        "placement_mode": "exact",
        "placement_semantics": "exact_point",
        "shelter_id": 425,
        "candidate_source": "buildings",
        "time_bucket": "5min",
        "time_seconds": 300,
        "coordinates": "31.735571,34.986957",
        "nearest_building_dist_m": 0.0,
        "newly_covered_buildings": 3,
        "newly_covered_people_est": 21
      }
    },
    {
      "type": "Feature",
      "geometry": {
        "type": "Point",
        "coordinates": [
          34.99687239488184,
          31.71462186303389
        ]
      },
      "properties": {
        "rank": 79,
        "distance_metric": "euclidean",
        "placement_mode": "exact",
        "placement_semantics": "exact_point",
        "shelter_id": 435,
        "candidate_source": "buildings",
        "time_bucket": "5min",
        "time_seconds": 300,
        "coordinates": "31.714622,34.996872",
        "nearest_building_dist_m": 0.0,
        "newly_covered_buildings": 3,
        "newly_covered_people_est": 21
      }
    },
    {
      "type": "Feature",
      "geometry": {
        "type": "Point",
        "coordinates": [
          35.002005574641665,
          31.76017775496427
        ]
      },
      "properties": {
        "rank": 80,
        "distance_metric": "euclidean",
        "placement_mode": "exact",
        "placement_semantics": "exact_point",
        "shelter_id": 562,
        "candidate_source": "buildings",
        "time_bucket": "5min",
        "time_seconds": 300,
        "coordinates": "31.760178,35.002006",
        "nearest_building_dist_m": 0.0,
        "newly_covered_buildings": 3,
        "newly_covered_people_est": 21
      }
    },
    {
      "type": "Feature",
      "geometry": {
        "type": "Point",
        "coordinates": [
          34.99752233298942,
          31.756954813992326
        ]
      },
      "properties": {
        "rank": 81,
        "distance_metric": "euclidean",
        "placement_mode": "exact",
        "placement_semantics": "exact_point",
        "shelter_id": 566,
        "candidate_source": "buildings",
        "time_bucket": "5min",
        "time_seconds": 300,
        "coordinates": "31.756955,34.997522",
        "nearest_building_dist_m": 0.0,
        "newly_covered_buildings": 3,
        "newly_covered_people_est": 21
      }
    },
    {
      "type": "Feature",
      "geometry": {
        "type": "Point",
        "coordinates": [
          34.99559177445397,
          31.72282268631886
        ]
      },
      "properties": {
        "rank": 82,
        "distance_metric": "euclidean",
        "placement_mode": "exact",
        "placement_semantics": "exact_point",
        "shelter_id": 685,
        "candidate_source": "buildings",
        "time_bucket": "5min",
        "time_seconds": 300,
        "coordinates": "31.722823,34.995592",
        "nearest_building_dist_m": 0.0,
        "newly_covered_buildings": 3,
        "newly_covered_people_est": 21
      }
    },
    {
      "type": "Feature",
      "geometry": {
        "type": "Point",
        "coordinates": [
          34.97574410112396,
          31.7425001024066
        ]
      },
      "properties": {
        "rank": 83,
        "distance_metric": "euclidean",
        "placement_mode": "exact",
        "placement_semantics": "exact_point",
        "shelter_id": 838,
        "candidate_source": "buildings",
        "time_bucket": "5min",
        "time_seconds": 300,
        "coordinates": "31.742500,34.975744",
        "nearest_building_dist_m": 0.0,
        "newly_covered_buildings": 3,
        "newly_covered_people_est": 21
      }
    },
    {
      "type": "Feature",
      "geometry": {
        "type": "Point",
        "coordinates": [
          34.99883050435765,
          31.71788278925009
        ]
      },
      "properties": {
        "rank": 84,
        "distance_metric": "euclidean",
        "placement_mode": "exact",
        "placement_semantics": "exact_point",
        "shelter_id": 976,
        "candidate_source": "buildings",
        "time_bucket": "5min",
        "time_seconds": 300,
        "coordinates": "31.717883,34.998831",
        "nearest_building_dist_m": 0.0,
        "newly_covered_buildings": 3,
        "newly_covered_people_est": 21
      }
    },
    {
      "type": "Feature",
      "geometry": {
        "type": "Point",
        "coordinates": [
          34.974149271153365,
          31.69887827894471
        ]
      },
      "properties": {
        "rank": 85,
        "distance_metric": "euclidean",
        "placement_mode": "exact",
        "placement_semantics": "exact_point",
        "shelter_id": 1113,
        "candidate_source": "buildings",
        "time_bucket": "5min",
        "time_seconds": 300,
        "coordinates": "31.698878,34.974149",
        "nearest_building_dist_m": 0.0,
        "newly_covered_buildings": 3,
        "newly_covered_people_est": 21
      }
    },
    {
      "type": "Feature",
      "geometry": {
        "type": "Point",
        "coordinates": [
          34.97675622178067,
          31.697349587919504
        ]
      },
      "properties": {
        "rank": 86,
        "distance_metric": "euclidean",
        "placement_mode": "exact",
        "placement_semantics": "exact_point",
        "shelter_id": 1123,
        "candidate_source": "buildings",
        "time_bucket": "5min",
        "time_seconds": 300,
        "coordinates": "31.697350,34.976756",
        "nearest_building_dist_m": 0.0,
        "newly_covered_buildings": 3,
        "newly_covered_people_est": 21
      }
    },
    {
      "type": "Feature",
      "geometry": {
        "type": "Point",
        "coordinates": [
          35.00548048619775,
          31.7027702566583
        ]
      },
      "properties": {
        "rank": 87,
        "distance_metric": "euclidean",
        "placement_mode": "exact",
        "placement_semantics": "exact_point",
        "shelter_id": 1170,
        "candidate_source": "buildings",
        "time_bucket": "5min",
        "time_seconds": 300,
        "coordinates": "31.702770,35.005480",
        "nearest_building_dist_m": 0.0,
        "newly_covered_buildings": 3,
        "newly_covered_people_est": 21
      }
    },
    {
      "type": "Feature",
      "geometry": {
        "type": "Point",
        "coordinates": [
          34.98471909947548,
          31.738494900683218
        ]
      },
      "properties": {
        "rank": 88,
        "distance_metric": "euclidean",
        "placement_mode": "exact",
        "placement_semantics": "exact_point",
        "shelter_id": 1881,
        "candidate_source": "network_nodes",
        "time_bucket": "5min",
        "time_seconds": 300,
        "coordinates": "31.738495,34.984719",
        "nearest_building_dist_m": 58.7,
        "newly_covered_buildings": 3,
        "newly_covered_people_est": 21
      }
    },
    {
      "type": "Feature",
      "geometry": {
        "type": "Point",
        "coordinates": [
          34.998443499475854,
          31.750101700682844
        ]
      },
      "properties": {
        "rank": 89,
        "distance_metric": "euclidean",
        "placement_mode": "exact",
        "placement_semantics": "exact_point",
        "shelter_id": 2185,
        "candidate_source": "network_nodes",
        "time_bucket": "5min",
        "time_seconds": 300,
        "coordinates": "31.750102,34.998443",
        "nearest_building_dist_m": 41.07,
        "newly_covered_buildings": 3,
        "newly_covered_people_est": 21
      }
    },
    {
      "type": "Feature",
      "geometry": {
        "type": "Point",
        "coordinates": [
          34.98784779947616,
          31.749585200682247
        ]
      },
      "properties": {
        "rank": 90,
        "distance_metric": "euclidean",
        "placement_mode": "exact",
        "placement_semantics": "exact_point",
        "shelter_id": 2282,
        "candidate_source": "network_nodes",
        "time_bucket": "5min",
        "time_seconds": 300,
        "coordinates": "31.749585,34.987848",
        "nearest_building_dist_m": 38.03,
        "newly_covered_buildings": 3,
        "newly_covered_people_est": 21
      }
    },
    {
      "type": "Feature",
      "geometry": {
        "type": "Point",
        "coordinates": [
          34.957091499476334,
          31.737941900681605
        ]
      },
      "properties": {
        "rank": 91,
        "distance_metric": "euclidean",
        "placement_mode": "exact",
        "placement_semantics": "exact_point",
        "shelter_id": 2865,
        "candidate_source": "network_nodes",
        "time_bucket": "5min",
        "time_seconds": 300,
        "coordinates": "31.737942,34.957091",
        "nearest_building_dist_m": 42.91,
        "newly_covered_buildings": 3,
        "newly_covered_people_est": 21
      }
    },
    {
      "type": "Feature",
      "geometry": {
        "type": "Point",
        "coordinates": [
          34.98855089947328,
          31.710055400686425
        ]
      },
      "properties": {
        "rank": 92,
        "distance_metric": "euclidean",
        "placement_mode": "exact",
        "placement_semantics": "exact_point",
        "shelter_id": 3396,
        "candidate_source": "network_nodes",
        "time_bucket": "5min",
        "time_seconds": 300,
        "coordinates": "31.710055,34.988551",
        "nearest_building_dist_m": 83.07,
        "newly_covered_buildings": 3,
        "newly_covered_people_est": 21
      }
    },
    {
      "type": "Feature",
      "geometry": {
        "type": "Point",
        "coordinates": [
          34.99060969947313,
          31.70897980068668
        ]
      },
      "properties": {
        "rank": 93,
        "distance_metric": "euclidean",
        "placement_mode": "exact",
        "placement_semantics": "exact_point",
        "shelter_id": 3779,
        "candidate_source": "network_nodes",
        "time_bucket": "5min",
        "time_seconds": 300,
        "coordinates": "31.708980,34.990610",
        "nearest_building_dist_m": 94.84,
        "newly_covered_buildings": 3,
        "newly_covered_people_est": 21
      }
    },
    {
      "type": "Feature",
      "geometry": {
        "type": "Point",
        "coordinates": [
          34.968945099473714,
          31.70703490068555
        ]
      },
      "properties": {
        "rank": 94,
        "distance_metric": "euclidean",
        "placement_mode": "exact",
        "placement_semantics": "exact_point",
        "shelter_id": 4018,
        "candidate_source": "network_nodes",
        "time_bucket": "5min",
        "time_seconds": 300,
        "coordinates": "31.707035,34.968945",
        "nearest_building_dist_m": 29.51,
        "newly_covered_buildings": 3,
        "newly_covered_people_est": 21
      }
    },
    {
      "type": "Feature",
      "geometry": {
        "type": "Point",
        "coordinates": [
          35.01549699742058,
          31.762930605075457
        ]
      },
      "properties": {
        "rank": 95,
        "distance_metric": "euclidean",
        "placement_mode": "exact",
        "placement_semantics": "exact_point",
        "shelter_id": 0,
        "candidate_source": "buildings",
        "time_bucket": "5min",
        "time_seconds": 300,
        "coordinates": "31.762931,35.015497",
        "nearest_building_dist_m": 0.0,
        "newly_covered_buildings": 2,
        "newly_covered_people_est": 14
      }
    },
    {
      "type": "Feature",
      "geometry": {
        "type": "Point",
        "coordinates": [
          34.99661211215427,
          31.758833838752988
        ]
      },
      "properties": {
        "rank": 96,
        "distance_metric": "euclidean",
        "placement_mode": "exact",
        "placement_semantics": "exact_point",
        "shelter_id": 9,
        "candidate_source": "buildings",
        "time_bucket": "5min",
        "time_seconds": 300,
        "coordinates": "31.758834,34.996612",
        "nearest_building_dist_m": 0.0,
        "newly_covered_buildings": 2,
        "newly_covered_people_est": 14
      }
    },
    {
      "type": "Feature",
      "geometry": {
        "type": "Point",
        "coordinates": [
          34.97853700633067,
          31.743183194951126
        ]
      },
      "properties": {
        "rank": 97,
        "distance_metric": "euclidean",
        "placement_mode": "exact",
        "placement_semantics": "exact_point",
        "shelter_id": 43,
        "candidate_source": "buildings",
        "time_bucket": "5min",
        "time_seconds": 300,
        "coordinates": "31.743183,34.978537",
        "nearest_building_dist_m": 0.0,
        "newly_covered_buildings": 2,
        "newly_covered_people_est": 14
      }
    },
    {
      "type": "Feature",
      "geometry": {
        "type": "Point",
        "coordinates": [
          34.98814491314423,
          31.739472870951086
        ]
      },
      "properties": {
        "rank": 98,
        "distance_metric": "euclidean",
        "placement_mode": "exact",
        "placement_semantics": "exact_point",
        "shelter_id": 51,
        "candidate_source": "buildings",
        "time_bucket": "5min",
        "time_seconds": 300,
        "coordinates": "31.739473,34.988145",
        "nearest_building_dist_m": 0.0,
        "newly_covered_buildings": 2,
        "newly_covered_people_est": 14
      }
    },
    {
      "type": "Feature",
      "geometry": {
        "type": "Point",
        "coordinates": [
          34.97721596588248,
          31.74969223804508
        ]
      },
      "properties": {
        "rank": 99,
        "distance_metric": "euclidean",
        "placement_mode": "exact",
        "placement_semantics": "exact_point",
        "shelter_id": 64,
        "candidate_source": "buildings",
        "time_bucket": "5min",
        "time_seconds": 300,
        "coordinates": "31.749692,34.977216",
        "nearest_building_dist_m": 0.0,
        "newly_covered_buildings": 2,
        "newly_covered_people_est": 14
      }
    },
    {
      "type": "Feature",
      "geometry": {
        "type": "Point",
        "coordinates": [
          34.991160118541245,
          31.7689753130925
        ]
      },
      "properties": {
        "rank": 100,
        "distance_metric": "euclidean",
        "placement_mode": "exact",
        "placement_semantics": "exact_point",
        "shelter_id": 126,
        "candidate_source": "buildings",
        "time_bucket": "5min",
        "time_seconds": 300,
        "coordinates": "31.768975,34.991160",
        "nearest_building_dist_m": 0.0,
        "newly_covered_buildings": 2,
        "newly_covered_people_est": 14
      }
    },
    {
      "type": "Feature",
      "geometry": {
        "type": "Point",
        "coordinates": [
          34.983929509722266,
          31.75509792553867
        ]
      },
      "properties": {
        "rank": 101,
        "distance_metric": "euclidean",
        "placement_mode": "exact",
        "placement_semantics": "exact_point",
        "shelter_id": 152,
        "candidate_source": "buildings",
        "time_bucket": "5min",
        "time_seconds": 300,
        "coordinates": "31.755098,34.983930",
        "nearest_building_dist_m": 0.0,
        "newly_covered_buildings": 2,
        "newly_covered_people_est": 14
      }
    },
    {
      "type": "Feature",
      "geometry": {
        "type": "Point",
        "coordinates": [
          34.997154648880496,
          31.747165458346164
        ]
      },
      "properties": {
        "rank": 102,
        "distance_metric": "euclidean",
        "placement_mode": "exact",
        "placement_semantics": "exact_point",
        "shelter_id": 191,
        "candidate_source": "buildings",
        "time_bucket": "5min",
        "time_seconds": 300,
        "coordinates": "31.747165,34.997155",
        "nearest_building_dist_m": 0.0,
        "newly_covered_buildings": 2,
        "newly_covered_people_est": 14
      }
    },
    {
      "type": "Feature",
      "geometry": {
        "type": "Point",
        "coordinates": [
          34.99236301736255,
          31.734283549407223
        ]
      },
      "properties": {
        "rank": 103,
        "distance_metric": "euclidean",
        "placement_mode": "exact",
        "placement_semantics": "exact_point",
        "shelter_id": 282,
        "candidate_source": "buildings",
        "time_bucket": "5min",
        "time_seconds": 300,
        "coordinates": "31.734284,34.992363",
        "nearest_building_dist_m": 0.0,
        "newly_covered_buildings": 2,
        "newly_covered_people_est": 14
      }
    },
    {
      "type": "Feature",
      "geometry": {
        "type": "Point",
        "coordinates": [
          34.978673370766366,
          31.72231742149255
        ]
      },
      "properties": {
        "rank": 104,
        "distance_metric": "euclidean",
        "placement_mode": "exact",
        "placement_semantics": "exact_point",
        "shelter_id": 304,
        "candidate_source": "buildings",
        "time_bucket": "5min",
        "time_seconds": 300,
        "coordinates": "31.722317,34.978673",
        "nearest_building_dist_m": 0.0,
        "newly_covered_buildings": 2,
        "newly_covered_people_est": 14
      }
    },
    {
      "type": "Feature",
      "geometry": {
        "type": "Point",
        "coordinates": [
          34.9946875521911,
          31.716825937989604
        ]
      },
      "properties": {
        "rank": 105,
        "distance_metric": "euclidean",
        "placement_mode": "exact",
        "placement_semantics": "exact_point",
        "shelter_id": 320,
        "candidate_source": "buildings",
        "time_bucket": "5min",
        "time_seconds": 300,
        "coordinates": "31.716826,34.994688",
        "nearest_building_dist_m": 0.0,
        "newly_covered_buildings": 2,
        "newly_covered_people_est": 14
      }
    },
    {
      "type": "Feature",
      "geometry": {
        "type": "Point",
        "coordinates": [
          35.01973253318524,
          31.759172285146235
        ]
      },
      "properties": {
        "rank": 106,
        "distance_metric": "euclidean",
        "placement_mode": "exact",
        "placement_semantics": "exact_point",
        "shelter_id": 401,
        "candidate_source": "buildings",
        "time_bucket": "5min",
        "time_seconds": 300,
        "coordinates": "31.759172,35.019733",
        "nearest_building_dist_m": 0.0,
        "newly_covered_buildings": 2,
        "newly_covered_people_est": 14
      }
    },
    {
      "type": "Feature",
      "geometry": {
        "type": "Point",
        "coordinates": [
          34.997629376676635,
          31.738463251824076
        ]
      },
      "properties": {
        "rank": 107,
        "distance_metric": "euclidean",
        "placement_mode": "exact",
        "placement_semantics": "exact_point",
        "shelter_id": 420,
        "candidate_source": "buildings",
        "time_bucket": "5min",
        "time_seconds": 300,
        "coordinates": "31.738463,34.997629",
        "nearest_building_dist_m": 0.0,
        "newly_covered_buildings": 2,
        "newly_covered_people_est": 14
      }
    },
    {
      "type": "Feature",
      "geometry": {
        "type": "Point",
        "coordinates": [
          35.01734023245052,
          31.760353213610614
        ]
      },
      "properties": {
        "rank": 108,
        "distance_metric": "euclidean",
        "placement_mode": "exact",
        "placement_semantics": "exact_point",
        "shelter_id": 455,
        "candidate_source": "buildings",
        "time_bucket": "5min",
        "time_seconds": 300,
        "coordinates": "31.760353,35.017340",
        "nearest_building_dist_m": 0.0,
        "newly_covered_buildings": 2,
        "newly_covered_people_est": 14
      }
    },
    {
      "type": "Feature",
      "geometry": {
        "type": "Point",
        "coordinates": [
          34.97805007648528,
          31.721425348960846
        ]
      },
      "properties": {
        "rank": 109,
        "distance_metric": "euclidean",
        "placement_mode": "exact",
        "placement_semantics": "exact_point",
        "shelter_id": 533,
        "candidate_source": "buildings",
        "time_bucket": "5min",
        "time_seconds": 300,
        "coordinates": "31.721425,34.978050",
        "nearest_building_dist_m": 0.0,
        "newly_covered_buildings": 2,
        "newly_covered_people_est": 14
      }
    },
    {
      "type": "Feature",
      "geometry": {
        "type": "Point",
        "coordinates": [
          34.989141958628274,
          31.72346594182312
        ]
      },
      "properties": {
        "rank": 110,
        "distance_metric": "euclidean",
        "placement_mode": "exact",
        "placement_semantics": "exact_point",
        "shelter_id": 542,
        "candidate_source": "buildings",
        "time_bucket": "5min",
        "time_seconds": 300,
        "coordinates": "31.723466,34.989142",
        "nearest_building_dist_m": 0.0,
        "newly_covered_buildings": 2,
        "newly_covered_people_est": 14
      }
    },
    {
      "type": "Feature",
      "geometry": {
        "type": "Point",
        "coordinates": [
          34.99578326616955,
          31.724311051453572
        ]
      },
      "properties": {
        "rank": 111,
        "distance_metric": "euclidean",
        "placement_mode": "exact",
        "placement_semantics": "exact_point",
        "shelter_id": 569,
        "candidate_source": "buildings",
        "time_bucket": "5min",
        "time_seconds": 300,
        "coordinates": "31.724311,34.995783",
        "nearest_building_dist_m": 0.0,
        "newly_covered_buildings": 2,
        "newly_covered_people_est": 14
      }
    },
    {
      "type": "Feature",
      "geometry": {
        "type": "Point",
        "coordinates": [
          34.979346105260426,
          31.74088749937424
        ]
      },
      "properties": {
        "rank": 112,
        "distance_metric": "euclidean",
        "placement_mode": "exact",
        "placement_semantics": "exact_point",
        "shelter_id": 609,
        "candidate_source": "buildings",
        "time_bucket": "5min",
        "time_seconds": 300,
        "coordinates": "31.740887,34.979346",
        "nearest_building_dist_m": 0.0,
        "newly_covered_buildings": 2,
        "newly_covered_people_est": 14
      }
    },
    {
      "type": "Feature",
      "geometry": {
        "type": "Point",
        "coordinates": [
          34.989654827239654,
          31.714144815867876
        ]
      },
      "properties": {
        "rank": 113,
        "distance_metric": "euclidean",
        "placement_mode": "exact",
        "placement_semantics": "exact_point",
        "shelter_id": 705,
        "candidate_source": "buildings",
        "time_bucket": "5min",
        "time_seconds": 300,
        "coordinates": "31.714145,34.989655",
        "nearest_building_dist_m": 0.0,
        "newly_covered_buildings": 2,
        "newly_covered_people_est": 14
      }
    },
    {
      "type": "Feature",
      "geometry": {
        "type": "Point",
        "coordinates": [
          34.95506156743533,
          31.738066595056353
        ]
      },
      "properties": {
        "rank": 114,
        "distance_metric": "euclidean",
        "placement_mode": "exact",
        "placement_semantics": "exact_point",
        "shelter_id": 889,
        "candidate_source": "buildings",
        "time_bucket": "5min",
        "time_seconds": 300,
        "coordinates": "31.738067,34.955062",
        "nearest_building_dist_m": 0.0,
        "newly_covered_buildings": 2,
        "newly_covered_people_est": 14
      }
    },
    {
      "type": "Feature",
      "geometry": {
        "type": "Point",
        "coordinates": [
          35.00086556439276,
          31.70317532097369
        ]
      },
      "properties": {
        "rank": 115,
        "distance_metric": "euclidean",
        "placement_mode": "exact",
        "placement_semantics": "exact_point",
        "shelter_id": 1050,
        "candidate_source": "buildings",
        "time_bucket": "5min",
        "time_seconds": 300,
        "coordinates": "31.703175,35.000866",
        "nearest_building_dist_m": 0.0,
        "newly_covered_buildings": 2,
        "newly_covered_people_est": 14
      }
    },
    {
      "type": "Feature",
      "geometry": {
        "type": "Point",
        "coordinates": [
          34.96934882291514,
          31.70156327068254
        ]
      },
      "properties": {
        "rank": 116,
        "distance_metric": "euclidean",
        "placement_mode": "exact",
        "placement_semantics": "exact_point",
        "shelter_id": 1097,
        "candidate_source": "buildings",
        "time_bucket": "5min",
        "time_seconds": 300,
        "coordinates": "31.701563,34.969349",
        "nearest_building_dist_m": 0.0,
        "newly_covered_buildings": 2,
        "newly_covered_people_est": 14
      }
    },
    {
      "type": "Feature",
      "geometry": {
        "type": "Point",
        "coordinates": [
          34.97061349888595,
          31.69969830913246
        ]
      },
      "properties": {
        "rank": 117,
        "distance_metric": "euclidean",
        "placement_mode": "exact",
        "placement_semantics": "exact_point",
        "shelter_id": 1134,
        "candidate_source": "buildings",
        "time_bucket": "5min",
        "time_seconds": 300,
        "coordinates": "31.699698,34.970613",
        "nearest_building_dist_m": 0.0,
        "newly_covered_buildings": 2,
        "newly_covered_people_est": 14
      }
    },
    {
      "type": "Feature",
      "geometry": {
        "type": "Point",
        "coordinates": [
          35.0000874178463,
          31.715131730447233
        ]
      },
      "properties": {
        "rank": 118,
        "distance_metric": "euclidean",
        "placement_mode": "exact",
        "placement_semantics": "exact_point",
        "shelter_id": 1322,
        "candidate_source": "buildings",
        "time_bucket": "5min",
        "time_seconds": 300,
        "coordinates": "31.715132,35.000087",
        "nearest_building_dist_m": 0.0,
        "newly_covered_buildings": 2,
        "newly_covered_people_est": 14
      }
    },
    {
      "type": "Feature",
      "geometry": {
        "type": "Point",
        "coordinates": [
          34.96852918332282,
          31.711178879480308
        ]
      },
      "properties": {
        "rank": 119,
        "distance_metric": "euclidean",
        "placement_mode": "exact",
        "placement_semantics": "exact_point",
        "shelter_id": 1602,
        "candidate_source": "buildings",
        "time_bucket": "5min",
        "time_seconds": 300,
        "coordinates": "31.711179,34.968529",
        "nearest_building_dist_m": 0.0,
        "newly_covered_buildings": 2,
        "newly_covered_people_est": 14
      }
    },
    {
      "type": "Feature",
      "geometry": {
        "type": "Point",
        "coordinates": [
          34.98532689947674,
          31.756500200681376
        ]
      },
      "properties": {
        "rank": 120,
        "distance_metric": "euclidean",
        "placement_mode": "exact",
        "placement_semantics": "exact_point",
        "shelter_id": 2286,
        "candidate_source": "network_nodes",
        "time_bucket": "5min",
        "time_seconds": 300,
        "coordinates": "31.756500,34.985327",
        "nearest_building_dist_m": 68.99,
        "newly_covered_buildings": 2,
        "newly_covered_people_est": 14
      }
    },
    {
      "type": "Feature",
      "geometry": {
        "type": "Point",
        "coordinates": [
          34.971873999473196,
          31.701327400686324
        ]
      },
      "properties": {
        "rank": 121,
        "distance_metric": "euclidean",
        "placement_mode": "exact",
        "placement_semantics": "exact_point",
        "shelter_id": 3091,
        "candidate_source": "network_nodes",
        "time_bucket": "5min",
        "time_seconds": 300,
        "coordinates": "31.701327,34.971874",
        "nearest_building_dist_m": 27.41,
        "newly_covered_buildings": 2,
        "newly_covered_people_est": 14
      }
    },
    {
      "type": "Feature",
      "geometry": {
        "type": "Point",
        "coordinates": [
          35.00380829947275,
          31.7095932006874
        ]
      },
      "properties": {
        "rank": 122,
        "distance_metric": "euclidean",
        "placement_mode": "exact",
        "placement_semantics": "exact_point",
        "shelter_id": 3734,
        "candidate_source": "network_nodes",
        "time_bucket": "5min",
        "time_seconds": 300,
        "coordinates": "31.709593,35.003808",
        "nearest_building_dist_m": 87.36,
        "newly_covered_buildings": 2,
        "newly_covered_people_est": 14
      }
    },
    {
      "type": "Feature",
      "geometry": {
        "type": "Point",
        "coordinates": [
          34.997733599473065,
          31.71124010068687
        ]
      },
      "properties": {
        "rank": 123,
        "distance_metric": "euclidean",
        "placement_mode": "exact",
        "placement_semantics": "exact_point",
        "shelter_id": 3963,
        "candidate_source": "network_nodes",
        "time_bucket": "5min",
        "time_seconds": 300,
        "coordinates": "31.711240,34.997734",
        "nearest_building_dist_m": 57.47,
        "newly_covered_buildings": 2,
        "newly_covered_people_est": 14
      }
    },
    {
      "type": "Feature",
      "geometry": {
        "type": "Point",
        "coordinates": [
          35.00759451906955,
          31.756335814546944
        ]
      },
      "properties": {
        "rank": 124,
        "distance_metric": "euclidean",
        "placement_mode": "exact",
        "placement_semantics": "exact_point",
        "shelter_id": 7,
        "candidate_source": "buildings",
        "time_bucket": "5min",
        "time_seconds": 300,
        "coordinates": "31.756336,35.007595",
        "nearest_building_dist_m": 0.0,
        "newly_covered_buildings": 1,
        "newly_covered_people_est": 7
      }
    },
    {
      "type": "Feature",
      "geometry": {
        "type": "Point",
        "coordinates": [
          34.997559625685945,
          31.75922916780632
        ]
      },
      "properties": {
        "rank": 125,
        "distance_metric": "euclidean",
        "placement_mode": "exact",
        "placement_semantics": "exact_point",
        "shelter_id": 8,
        "candidate_source": "buildings",
        "time_bucket": "5min",
        "time_seconds": 300,
        "coordinates": "31.759229,34.997560",
        "nearest_building_dist_m": 0.0,
        "newly_covered_buildings": 1,
        "newly_covered_people_est": 7
      }
    },
    {
      "type": "Feature",
      "geometry": {
        "type": "Point",
        "coordinates": [
          34.993741462027465,
          31.702257580435987
        ]
      },
      "properties": {
        "rank": 126,
        "distance_metric": "euclidean",
        "placement_mode": "exact",
        "placement_semantics": "exact_point",
        "shelter_id": 16,
        "candidate_source": "buildings",
        "time_bucket": "5min",
        "time_seconds": 300,
        "coordinates": "31.702258,34.993741",
        "nearest_building_dist_m": 0.0,
        "newly_covered_buildings": 1,
        "newly_covered_people_est": 7
      }
    },
    {
      "type": "Feature",
      "geometry": {
        "type": "Point",
        "coordinates": [
          34.97882282252128,
          31.75072413634312
        ]
      },
      "properties": {
        "rank": 127,
        "distance_metric": "euclidean",
        "placement_mode": "exact",
        "placement_semantics": "exact_point",
        "shelter_id": 31,
        "candidate_source": "buildings",
        "time_bucket": "5min",
        "time_seconds": 300,
        "coordinates": "31.750724,34.978823",
        "nearest_building_dist_m": 0.0,
        "newly_covered_buildings": 1,
        "newly_covered_people_est": 7
      }
    },
    {
      "type": "Feature",
      "geometry": {
        "type": "Point",
        "coordinates": [
          34.95184927496437,
          31.735121968297175
        ]
      },
      "properties": {
        "rank": 128,
        "distance_metric": "euclidean",
        "placement_mode": "exact",
        "placement_semantics": "exact_point",
        "shelter_id": 67,
        "candidate_source": "buildings",
        "time_bucket": "5min",
        "time_seconds": 300,
        "coordinates": "31.735122,34.951849",
        "nearest_building_dist_m": 0.0,
        "newly_covered_buildings": 1,
        "newly_covered_people_est": 7
      }
    },
    {
      "type": "Feature",
      "geometry": {
        "type": "Point",
        "coordinates": [
          35.00498811418773,
          31.712046863089597
        ]
      },
      "properties": {
        "rank": 129,
        "distance_metric": "euclidean",
        "placement_mode": "exact",
        "placement_semantics": "exact_point",
        "shelter_id": 79,
        "candidate_source": "buildings",
        "time_bucket": "5min",
        "time_seconds": 300,
        "coordinates": "31.712047,35.004988",
        "nearest_building_dist_m": 0.0,
        "newly_covered_buildings": 1,
        "newly_covered_people_est": 7
      }
    },
    {
      "type": "Feature",
      "geometry": {
        "type": "Point",
        "coordinates": [
          34.99056245967642,
          31.754521670745877
        ]
      },
      "properties": {
        "rank": 130,
        "distance_metric": "euclidean",
        "placement_mode": "exact",
        "placement_semantics": "exact_point",
        "shelter_id": 100,
        "candidate_source": "buildings",
        "time_bucket": "5min",
        "time_seconds": 300,
        "coordinates": "31.754522,34.990562",
        "nearest_building_dist_m": 0.0,
        "newly_covered_buildings": 1,
        "newly_covered_people_est": 7
      }
    },
    {
      "type": "Feature",
      "geometry": {
        "type": "Point",
        "coordinates": [
          34.9989854927314,
          31.75042661482371
        ]
      },
      "properties": {
        "rank": 131,
        "distance_metric": "euclidean",
        "placement_mode": "exact",
        "placement_semantics": "exact_point",
        "shelter_id": 102,
        "candidate_source": "buildings",
        "time_bucket": "5min",
        "time_seconds": 300,
        "coordinates": "31.750427,34.998985",
        "nearest_building_dist_m": 0.0,
        "newly_covered_buildings": 1,
        "newly_covered_people_est": 7
      }
    },
    {
      "type": "Feature",
      "geometry": {
        "type": "Point",
        "coordinates": [
          34.992765058631555,
          31.774530494410076
        ]
      },
      "properties": {
        "rank": 132,
        "distance_metric": "euclidean",
        "placement_mode": "exact",
        "placement_semantics": "exact_point",
        "shelter_id": 124,
        "candidate_source": "buildings",
        "time_bucket": "5min",
        "time_seconds": 300,
        "coordinates": "31.774530,34.992765",
        "nearest_building_dist_m": 0.0,
        "newly_covered_buildings": 1,
        "newly_covered_people_est": 7
      }
    },
    {
      "type": "Feature",
      "geometry": {
        "type": "Point",
        "coordinates": [
          34.990659456969894,
          31.76787334139455
        ]
      },
      "properties": {
        "rank": 133,
        "distance_metric": "euclidean",
        "placement_mode": "exact",
        "placement_semantics": "exact_point",
        "shelter_id": 125,
        "candidate_source": "buildings",
        "time_bucket": "5min",
        "time_seconds": 300,
        "coordinates": "31.767873,34.990659",
        "nearest_building_dist_m": 0.0,
        "newly_covered_buildings": 1,
        "newly_covered_people_est": 7
      }
    },
    {
      "type": "Feature",
      "geometry": {
        "type": "Point",
        "coordinates": [
          34.99279144998848,
          31.767360483503445
        ]
      },
      "properties": {
        "rank": 134,
        "distance_metric": "euclidean",
        "placement_mode": "exact",
        "placement_semantics": "exact_point",
        "shelter_id": 128,
        "candidate_source": "buildings",
        "time_bucket": "5min",
        "time_seconds": 300,
        "coordinates": "31.767360,34.992791",
        "nearest_building_dist_m": 0.0,
        "newly_covered_buildings": 1,
        "newly_covered_people_est": 7
      }
    },
    {
      "type": "Feature",
      "geometry": {
        "type": "Point",
        "coordinates": [
          34.98014641081526,
          31.70892802128464
        ]
      },
      "properties": {
        "rank": 135,
        "distance_metric": "euclidean",
        "placement_mode": "exact",
        "placement_semantics": "exact_point",
        "shelter_id": 130,
        "candidate_source": "buildings",
        "time_bucket": "5min",
        "time_seconds": 300,
        "coordinates": "31.708928,34.980146",
        "nearest_building_dist_m": 0.0,
        "newly_covered_buildings": 1,
        "newly_covered_people_est": 7
      }
    },
    {
      "type": "Feature",
      "geometry": {
        "type": "Point",
        "coordinates": [
          35.00123285659884,
          31.747993396944693
        ]
      },
      "properties": {
        "rank": 136,
        "distance_metric": "euclidean",
        "placement_mode": "exact",
        "placement_semantics": "exact_point",
        "shelter_id": 145,
        "candidate_source": "buildings",
        "time_bucket": "5min",
        "time_seconds": 300,
        "coordinates": "31.747993,35.001233",
        "nearest_building_dist_m": 0.0,
        "newly_covered_buildings": 1,
        "newly_covered_people_est": 7
      }
    },
    {
      "type": "Feature",
      "geometry": {
        "type": "Point",
        "coordinates": [
          34.98143994725483,
          31.752408790815352
        ]
      },
      "properties": {
        "rank": 137,
        "distance_metric": "euclidean",
        "placement_mode": "exact",
        "placement_semantics": "exact_point",
        "shelter_id": 158,
        "candidate_source": "buildings",
        "time_bucket": "5min",
        "time_seconds": 300,
        "coordinates": "31.752409,34.981440",
        "nearest_building_dist_m": 0.0,
        "newly_covered_buildings": 1,
        "newly_covered_people_est": 7
      }
    },
    {
      "type": "Feature",
      "geometry": {
        "type": "Point",
        "coordinates": [
          34.99057364410973,
          31.751377405718134
        ]
      },
      "properties": {
        "rank": 138,
        "distance_metric": "euclidean",
        "placement_mode": "exact",
        "placement_semantics": "exact_point",
        "shelter_id": 169,
        "candidate_source": "buildings",
        "time_bucket": "5min",
        "time_seconds": 300,
        "coordinates": "31.751377,34.990574",
        "nearest_building_dist_m": 0.0,
        "newly_covered_buildings": 1,
        "newly_covered_people_est": 7
      }
    },
    {
      "type": "Feature",
      "geometry": {
        "type": "Point",
        "coordinates": [
          34.997607774691666,
          31.741317333038
        ]
      },
      "properties": {
        "rank": 139,
        "distance_metric": "euclidean",
        "placement_mode": "exact",
        "placement_semantics": "exact_point",
        "shelter_id": 201,
        "candidate_source": "buildings",
        "time_bucket": "5min",
        "time_seconds": 300,
        "coordinates": "31.741317,34.997608",
        "nearest_building_dist_m": 0.0,
        "newly_covered_buildings": 1,
        "newly_covered_people_est": 7
      }
    },
    {
      "type": "Feature",
      "geometry": {
        "type": "Point",
        "coordinates": [
          34.99689397502757,
          31.74037669431722
        ]
      },
      "properties": {
        "rank": 140,
        "distance_metric": "euclidean",
        "placement_mode": "exact",
        "placement_semantics": "exact_point",
        "shelter_id": 202,
        "candidate_source": "buildings",
        "time_bucket": "5min",
        "time_seconds": 300,
        "coordinates": "31.740377,34.996894",
        "nearest_building_dist_m": 0.0,
        "newly_covered_buildings": 1,
        "newly_covered_people_est": 7
      }
    },
    {
      "type": "Feature",
      "geometry": {
        "type": "Point",
        "coordinates": [
          34.98955514696689,
          31.744207812000965
        ]
      },
      "properties": {
        "rank": 141,
        "distance_metric": "euclidean",
        "placement_mode": "exact",
        "placement_semantics": "exact_point",
        "shelter_id": 231,
        "candidate_source": "buildings",
        "time_bucket": "5min",
        "time_seconds": 300,
        "coordinates": "31.744208,34.989555",
        "nearest_building_dist_m": 0.0,
        "newly_covered_buildings": 1,
        "newly_covered_people_est": 7
      }
    },
    {
      "type": "Feature",
      "geometry": {
        "type": "Point",
        "coordinates": [
          34.96850358392458,
          31.73589253946493
        ]
      },
      "properties": {
        "rank": 142,
        "distance_metric": "euclidean",
        "placement_mode": "exact",
        "placement_semantics": "exact_point",
        "shelter_id": 232,
        "candidate_source": "buildings",
        "time_bucket": "5min",
        "time_seconds": 300,
        "coordinates": "31.735893,34.968504",
        "nearest_building_dist_m": 0.0,
        "newly_covered_buildings": 1,
        "newly_covered_people_est": 7
      }
    },
    {
      "type": "Feature",
      "geometry": {
        "type": "Point",
        "coordinates": [
          34.96636026058045,
          31.712610298464536
        ]
      },
      "properties": {
        "rank": 143,
        "distance_metric": "euclidean",
        "placement_mode": "exact",
        "placement_semantics": "exact_point",
        "shelter_id": 233,
        "candidate_source": "buildings",
        "time_bucket": "5min",
        "time_seconds": 300,
        "coordinates": "31.712610,34.966360",
        "nearest_building_dist_m": 0.0,
        "newly_covered_buildings": 1,
        "newly_covered_people_est": 7
      }
    },
    {
      "type": "Feature",
      "geometry": {
        "type": "Point",
        "coordinates": [
          34.99095079490573,
          31.703059463709003
        ]
      },
      "properties": {
        "rank": 144,
        "distance_metric": "euclidean",
        "placement_mode": "exact",
        "placement_semantics": "exact_point",
        "shelter_id": 239,
        "candidate_source": "buildings",
        "time_bucket": "5min",
        "time_seconds": 300,
        "coordinates": "31.703059,34.990951",
        "nearest_building_dist_m": 0.0,
        "newly_covered_buildings": 1,
        "newly_covered_people_est": 7
      }
    },
    {
      "type": "Feature",
      "geometry": {
        "type": "Point",
        "coordinates": [
          34.9579478091122,
          31.736038795595302
        ]
      },
      "properties": {
        "rank": 145,
        "distance_metric": "euclidean",
        "placement_mode": "exact",
        "placement_semantics": "exact_point",
        "shelter_id": 280,
        "candidate_source": "buildings",
        "time_bucket": "5min",
        "time_seconds": 300,
        "coordinates": "31.736039,34.957948",
        "nearest_building_dist_m": 0.0,
        "newly_covered_buildings": 1,
        "newly_covered_people_est": 7
      }
    },
    {
      "type": "Feature",
      "geometry": {
        "type": "Point",
        "coordinates": [
          34.9824314207435,
          31.741290778760057
        ]
      },
      "properties": {
        "rank": 146,
        "distance_metric": "euclidean",
        "placement_mode": "exact",
        "placement_semantics": "exact_point",
        "shelter_id": 292,
        "candidate_source": "buildings",
        "time_bucket": "5min",
        "time_seconds": 300,
        "coordinates": "31.741291,34.982431",
        "nearest_building_dist_m": 0.0,
        "newly_covered_buildings": 1,
        "newly_covered_people_est": 7
      }
    },
    {
      "type": "Feature",
      "geometry": {
        "type": "Point",
        "coordinates": [
          35.01790717661183,
          31.75938870141666
        ]
      },
      "properties": {
        "rank": 147,
        "distance_metric": "euclidean",
        "placement_mode": "exact",
        "placement_semantics": "exact_point",
        "shelter_id": 305,
        "candidate_source": "buildings",
        "time_bucket": "5min",
        "time_seconds": 300,
        "coordinates": "31.759389,35.017907",
        "nearest_building_dist_m": 0.0,
        "newly_covered_buildings": 1,
        "newly_covered_people_est": 7
      }
    },
    {
      "type": "Feature",
      "geometry": {
        "type": "Point",
        "coordinates": [
          34.99499010783132,
          31.72762117058006
        ]
      },
      "properties": {
        "rank": 148,
        "distance_metric": "euclidean",
        "placement_mode": "exact",
        "placement_semantics": "exact_point",
        "shelter_id": 328,
        "candidate_source": "buildings",
        "time_bucket": "5min",
        "time_seconds": 300,
        "coordinates": "31.727621,34.994990",
        "nearest_building_dist_m": 0.0,
        "newly_covered_buildings": 1,
        "newly_covered_people_est": 7
      }
    },
    {
      "type": "Feature",
      "geometry": {
        "type": "Point",
        "coordinates": [
          34.97690645017143,
          31.724722368887665
        ]
      },
      "properties": {
        "rank": 149,
        "distance_metric": "euclidean",
        "placement_mode": "exact",
        "placement_semantics": "exact_point",
        "shelter_id": 353,
        "candidate_source": "buildings",
        "time_bucket": "5min",
        "time_seconds": 300,
        "coordinates": "31.724722,34.976906",
        "nearest_building_dist_m": 0.0,
        "newly_covered_buildings": 1,
        "newly_covered_people_est": 7
      }
    },
    {
      "type": "Feature",
      "geometry": {
        "type": "Point",
        "coordinates": [
          34.98584811390597,
          31.72863914647732
        ]
      },
      "properties": {
        "rank": 150,
        "distance_metric": "euclidean",
        "placement_mode": "exact",
        "placement_semantics": "exact_point",
        "shelter_id": 367,
        "candidate_source": "buildings",
        "time_bucket": "5min",
        "time_seconds": 300,
        "coordinates": "31.728639,34.985848",
        "nearest_building_dist_m": 0.0,
        "newly_covered_buildings": 1,
        "newly_covered_people_est": 7
      }
    },
    {
      "type": "Feature",
      "geometry": {
        "type": "Point",
        "coordinates": [
          34.975556618756,
          31.719371224117932
        ]
      },
      "properties": {
        "rank": 151,
        "distance_metric": "euclidean",
        "placement_mode": "exact",
        "placement_semantics": "exact_point",
        "shelter_id": 379,
        "candidate_source": "buildings",
        "time_bucket": "5min",
        "time_seconds": 300,
        "coordinates": "31.719371,34.975557",
        "nearest_building_dist_m": 0.0,
        "newly_covered_buildings": 1,
        "newly_covered_people_est": 7
      }
    },
    {
      "type": "Feature",
      "geometry": {
        "type": "Point",
        "coordinates": [
          35.00923914555309,
          31.760807607710294
        ]
      },
      "properties": {
        "rank": 152,
        "distance_metric": "euclidean",
        "placement_mode": "exact",
        "placement_semantics": "exact_point",
        "shelter_id": 434,
        "candidate_source": "buildings",
        "time_bucket": "5min",
        "time_seconds": 300,
        "coordinates": "31.760808,35.009239",
        "nearest_building_dist_m": 0.0,
        "newly_covered_buildings": 1,
        "newly_covered_people_est": 7
      }
    },
    {
      "type": "Feature",
      "geometry": {
        "type": "Point",
        "coordinates": [
          34.98226307795383,
          31.73515879736245
        ]
      },
      "properties": {
        "rank": 153,
        "distance_metric": "euclidean",
        "placement_mode": "exact",
        "placement_semantics": "exact_point",
        "shelter_id": 461,
        "candidate_source": "buildings",
        "time_bucket": "5min",
        "time_seconds": 300,
        "coordinates": "31.735159,34.982263",
        "nearest_building_dist_m": 0.0,
        "newly_covered_buildings": 1,
        "newly_covered_people_est": 7
      }
    },
    {
      "type": "Feature",
      "geometry": {
        "type": "Point",
        "coordinates": [
          34.9925563539183,
          31.712534569963942
        ]
      },
      "properties": {
        "rank": 154,
        "distance_metric": "euclidean",
        "placement_mode": "exact",
        "placement_semantics": "exact_point",
        "shelter_id": 523,
        "candidate_source": "buildings",
        "time_bucket": "5min",
        "time_seconds": 300,
        "coordinates": "31.712535,34.992556",
        "nearest_building_dist_m": 0.0,
        "newly_covered_buildings": 1,
        "newly_covered_people_est": 7
      }
    },
    {
      "type": "Feature",
      "geometry": {
        "type": "Point",
        "coordinates": [
          34.99253206591038,
          31.730338968507347
        ]
      },
      "properties": {
        "rank": 155,
        "distance_metric": "euclidean",
        "placement_mode": "exact",
        "placement_semantics": "exact_point",
        "shelter_id": 544,
        "candidate_source": "buildings",
        "time_bucket": "5min",
        "time_seconds": 300,
        "coordinates": "31.730339,34.992532",
        "nearest_building_dist_m": 0.0,
        "newly_covered_buildings": 1,
        "newly_covered_people_est": 7
      }
    },
    {
      "type": "Feature",
      "geometry": {
        "type": "Point",
        "coordinates": [
          34.98206977894982,
          31.71463645775094
        ]
      },
      "properties": {
        "rank": 156,
        "distance_metric": "euclidean",
        "placement_mode": "exact",
        "placement_semantics": "exact_point",
        "shelter_id": 591,
        "candidate_source": "buildings",
        "time_bucket": "5min",
        "time_seconds": 300,
        "coordinates": "31.714636,34.982070",
        "nearest_building_dist_m": 0.0,
        "newly_covered_buildings": 1,
        "newly_covered_people_est": 7
      }
    },
    {
      "type": "Feature",
      "geometry": {
        "type": "Point",
        "coordinates": [
          34.97476520189209,
          31.743675057495402
        ]
      },
      "properties": {
        "rank": 157,
        "distance_metric": "euclidean",
        "placement_mode": "exact",
        "placement_semantics": "exact_point",
        "shelter_id": 611,
        "candidate_source": "buildings",
        "time_bucket": "5min",
        "time_seconds": 300,
        "coordinates": "31.743675,34.974765",
        "nearest_building_dist_m": 0.0,
        "newly_covered_buildings": 1,
        "newly_covered_people_est": 7
      }
    },
    {
      "type": "Feature",
      "geometry": {
        "type": "Point",
        "coordinates": [
          34.950910383083446,
          31.747515586326514
        ]
      },
      "properties": {
        "rank": 158,
        "distance_metric": "euclidean",
        "placement_mode": "exact",
        "placement_semantics": "exact_point",
        "shelter_id": 617,
        "candidate_source": "buildings",
        "time_bucket": "5min",
        "time_seconds": 300,
        "coordinates": "31.747516,34.950910",
        "nearest_building_dist_m": 0.0,
        "newly_covered_buildings": 1,
        "newly_covered_people_est": 7
      }
    },
    {
      "type": "Feature",
      "geometry": {
        "type": "Point",
        "coordinates": [
          34.99261120814509,
          31.74480468828631
        ]
      },
      "properties": {
        "rank": 159,
        "distance_metric": "euclidean",
        "placement_mode": "exact",
        "placement_semantics": "exact_point",
        "shelter_id": 638,
        "candidate_source": "buildings",
        "time_bucket": "5min",
        "time_seconds": 300,
        "coordinates": "31.744805,34.992611",
        "nearest_building_dist_m": 0.0,
        "newly_covered_buildings": 1,
        "newly_covered_people_est": 7
      }
    },
    {
      "type": "Feature",
      "geometry": {
        "type": "Point",
        "coordinates": [
          34.97979342040356,
          31.74528555277744
        ]
      },
      "properties": {
        "rank": 160,
        "distance_metric": "euclidean",
        "placement_mode": "exact",
        "placement_semantics": "exact_point",
        "shelter_id": 659,
        "candidate_source": "buildings",
        "time_bucket": "5min",
        "time_seconds": 300,
        "coordinates": "31.745286,34.979793",
        "nearest_building_dist_m": 0.0,
        "newly_covered_buildings": 1,
        "newly_covered_people_est": 7
      }
    },
    {
      "type": "Feature",
      "geometry": {
        "type": "Point",
        "coordinates": [
          35.00174064884315,
          31.718798679464978
        ]
      },
      "properties": {
        "rank": 161,
        "distance_metric": "euclidean",
        "placement_mode": "exact",
        "placement_semantics": "exact_point",
        "shelter_id": 668,
        "candidate_source": "buildings",
        "time_bucket": "5min",
        "time_seconds": 300,
        "coordinates": "31.718799,35.001741",
        "nearest_building_dist_m": 0.0,
        "newly_covered_buildings": 1,
        "newly_covered_people_est": 7
      }
    },
    {
      "type": "Feature",
      "geometry": {
        "type": "Point",
        "coordinates": [
          34.99447362156817,
          31.717876770283695
        ]
      },
      "properties": {
        "rank": 162,
        "distance_metric": "euclidean",
        "placement_mode": "exact",
        "placement_semantics": "exact_point",
        "shelter_id": 670,
        "candidate_source": "buildings",
        "time_bucket": "5min",
        "time_seconds": 300,
        "coordinates": "31.717877,34.994474",
        "nearest_building_dist_m": 0.0,
        "newly_covered_buildings": 1,
        "newly_covered_people_est": 7
      }
    },
    {
      "type": "Feature",
      "geometry": {
        "type": "Point",
        "coordinates": [
          35.00139100061301,
          31.73876686695302
        ]
      },
      "properties": {
        "rank": 163,
        "distance_metric": "euclidean",
        "placement_mode": "exact",
        "placement_semantics": "exact_point",
        "shelter_id": 683,
        "candidate_source": "buildings",
        "time_bucket": "5min",
        "time_seconds": 300,
        "coordinates": "31.738767,35.001391",
        "nearest_building_dist_m": 0.0,
        "newly_covered_buildings": 1,
        "newly_covered_people_est": 7
      }
    },
    {
      "type": "Feature",
      "geometry": {
        "type": "Point",
        "coordinates": [
          34.96979269450279,
          31.734422080505446
        ]
      },
      "properties": {
        "rank": 164,
        "distance_metric": "euclidean",
        "placement_mode": "exact",
        "placement_semantics": "exact_point",
        "shelter_id": 684,
        "candidate_source": "buildings",
        "time_bucket": "5min",
        "time_seconds": 300,
        "coordinates": "31.734422,34.969793",
        "nearest_building_dist_m": 0.0,
        "newly_covered_buildings": 1,
        "newly_covered_people_est": 7
      }
    },
    {
      "type": "Feature",
      "geometry": {
        "type": "Point",
        "coordinates": [
          34.98926179150599,
          31.741587093339152
        ]
      },
      "properties": {
        "rank": 165,
        "distance_metric": "euclidean",
        "placement_mode": "exact",
        "placement_semantics": "exact_point",
        "shelter_id": 688,
        "candidate_source": "buildings",
        "time_bucket": "5min",
        "time_seconds": 300,
        "coordinates": "31.741587,34.989262",
        "nearest_building_dist_m": 0.0,
        "newly_covered_buildings": 1,
        "newly_covered_people_est": 7
      }
    },
    {
      "type": "Feature",
      "geometry": {
        "type": "Point",
        "coordinates": [
          34.95456029163346,
          31.696945642578886
        ]
      },
      "properties": {
        "rank": 166,
        "distance_metric": "euclidean",
        "placement_mode": "exact",
        "placement_semantics": "exact_point",
        "shelter_id": 692,
        "candidate_source": "buildings",
        "time_bucket": "5min",
        "time_seconds": 300,
        "coordinates": "31.696946,34.954560",
        "nearest_building_dist_m": 0.0,
        "newly_covered_buildings": 1,
        "newly_covered_people_est": 7
      }
    },
    {
      "type": "Feature",
      "geometry": {
        "type": "Point",
        "coordinates": [
          34.97662413519221,
          31.726330790451968
        ]
      },
      "properties": {
        "rank": 167,
        "distance_metric": "euclidean",
        "placement_mode": "exact",
        "placement_semantics": "exact_point",
        "shelter_id": 702,
        "candidate_source": "buildings",
        "time_bucket": "5min",
        "time_seconds": 300,
        "coordinates": "31.726331,34.976624",
        "nearest_building_dist_m": 0.0,
        "newly_covered_buildings": 1,
        "newly_covered_people_est": 7
      }
    },
    {
      "type": "Feature",
      "geometry": {
        "type": "Point",
        "coordinates": [
          34.976810629550414,
          31.74561252662005
        ]
      },
      "properties": {
        "rank": 168,
        "distance_metric": "euclidean",
        "placement_mode": "exact",
        "placement_semantics": "exact_point",
        "shelter_id": 772,
        "candidate_source": "buildings",
        "time_bucket": "5min",
        "time_seconds": 300,
        "coordinates": "31.745613,34.976811",
        "nearest_building_dist_m": 0.0,
        "newly_covered_buildings": 1,
        "newly_covered_people_est": 7
      }
    },
    {
      "type": "Feature",
      "geometry": {
        "type": "Point",
        "coordinates": [
          34.98177940431121,
          31.71579452044503
        ]
      },
      "properties": {
        "rank": 169,
        "distance_metric": "euclidean",
        "placement_mode": "exact",
        "placement_semantics": "exact_point",
        "shelter_id": 774,
        "candidate_source": "buildings",
        "time_bucket": "5min",
        "time_seconds": 300,
        "coordinates": "31.715795,34.981779",
        "nearest_building_dist_m": 0.0,
        "newly_covered_buildings": 1,
        "newly_covered_people_est": 7
      }
    },
    {
      "type": "Feature",
      "geometry": {
        "type": "Point",
        "coordinates": [
          34.98324439184756,
          31.73818592500453
        ]
      },
      "properties": {
        "rank": 170,
        "distance_metric": "euclidean",
        "placement_mode": "exact",
        "placement_semantics": "exact_point",
        "shelter_id": 784,
        "candidate_source": "buildings",
        "time_bucket": "5min",
        "time_seconds": 300,
        "coordinates": "31.738186,34.983244",
        "nearest_building_dist_m": 0.0,
        "newly_covered_buildings": 1,
        "newly_covered_people_est": 7
      }
    },
    {
      "type": "Feature",
      "geometry": {
        "type": "Point",
        "coordinates": [
          35.00105043048143,
          31.707727243382646
        ]
      },
      "properties": {
        "rank": 171,
        "distance_metric": "euclidean",
        "placement_mode": "exact",
        "placement_semantics": "exact_point",
        "shelter_id": 794,
        "candidate_source": "buildings",
        "time_bucket": "5min",
        "time_seconds": 300,
        "coordinates": "31.707727,35.001050",
        "nearest_building_dist_m": 0.0,
        "newly_covered_buildings": 1,
        "newly_covered_people_est": 7
      }
    },
    {
      "type": "Feature",
      "geometry": {
        "type": "Point",
        "coordinates": [
          34.98785934699729,
          31.756301876397536
        ]
      },
      "properties": {
        "rank": 172,
        "distance_metric": "euclidean",
        "placement_mode": "exact",
        "placement_semantics": "exact_point",
        "shelter_id": 820,
        "candidate_source": "buildings",
        "time_bucket": "5min",
        "time_seconds": 300,
        "coordinates": "31.756302,34.987859",
        "nearest_building_dist_m": 0.0,
        "newly_covered_buildings": 1,
        "newly_covered_people_est": 7
      }
    },
    {
      "type": "Feature",
      "geometry": {
        "type": "Point",
        "coordinates": [
          34.98241688662107,
          31.72808186101022
        ]
      },
      "properties": {
        "rank": 173,
        "distance_metric": "euclidean",
        "placement_mode": "exact",
        "placement_semantics": "exact_point",
        "shelter_id": 877,
        "candidate_source": "buildings",
        "time_bucket": "5min",
        "time_seconds": 300,
        "coordinates": "31.728082,34.982417",
        "nearest_building_dist_m": 0.0,
        "newly_covered_buildings": 1,
        "newly_covered_people_est": 7
      }
    },
    {
      "type": "Feature",
      "geometry": {
        "type": "Point",
        "coordinates": [
          34.99490170323029,
          31.761537615524222
        ]
      },
      "properties": {
        "rank": 174,
        "distance_metric": "euclidean",
        "placement_mode": "exact",
        "placement_semantics": "exact_point",
        "shelter_id": 928,
        "candidate_source": "buildings",
        "time_bucket": "5min",
        "time_seconds": 300,
        "coordinates": "31.761538,34.994902",
        "nearest_building_dist_m": 0.0,
        "newly_covered_buildings": 1,
        "newly_covered_people_est": 7
      }
    },
    {
      "type": "Feature",
      "geometry": {
        "type": "Point",
        "coordinates": [
          34.95457354453221,
          31.73413042526019
        ]
      },
      "properties": {
        "rank": 175,
        "distance_metric": "euclidean",
        "placement_mode": "exact",
        "placement_semantics": "exact_point",
        "shelter_id": 958,
        "candidate_source": "buildings",
        "time_bucket": "5min",
        "time_seconds": 300,
        "coordinates": "31.734130,34.954574",
        "nearest_building_dist_m": 0.0,
        "newly_covered_buildings": 1,
        "newly_covered_people_est": 7
      }
    },
    {
      "type": "Feature",
      "geometry": {
        "type": "Point",
        "coordinates": [
          34.956804582218275,
          31.73218950600174
        ]
      },
      "properties": {
        "rank": 176,
        "distance_metric": "euclidean",
        "placement_mode": "exact",
        "placement_semantics": "exact_point",
        "shelter_id": 959,
        "candidate_source": "buildings",
        "time_bucket": "5min",
        "time_seconds": 300,
        "coordinates": "31.732190,34.956805",
        "nearest_building_dist_m": 0.0,
        "newly_covered_buildings": 1,
        "newly_covered_people_est": 7
      }
    },
    {
      "type": "Feature",
      "geometry": {
        "type": "Point",
        "coordinates": [
          34.993226330000496,
          31.722300528664867
        ]
      },
      "properties": {
        "rank": 177,
        "distance_metric": "euclidean",
        "placement_mode": "exact",
        "placement_semantics": "exact_point",
        "shelter_id": 978,
        "candidate_source": "buildings",
        "time_bucket": "5min",
        "time_seconds": 300,
        "coordinates": "31.722301,34.993226",
        "nearest_building_dist_m": 0.0,
        "newly_covered_buildings": 1,
        "newly_covered_people_est": 7
      }
    },
    {
      "type": "Feature",
      "geometry": {
        "type": "Point",
        "coordinates": [
          34.966894277508615,
          31.709755652380757
        ]
      },
      "properties": {
        "rank": 178,
        "distance_metric": "euclidean",
        "placement_mode": "exact",
        "placement_semantics": "exact_point",
        "shelter_id": 1036,
        "candidate_source": "buildings",
        "time_bucket": "5min",
        "time_seconds": 300,
        "coordinates": "31.709756,34.966894",
        "nearest_building_dist_m": 0.0,
        "newly_covered_buildings": 1,
        "newly_covered_people_est": 7
      }
    },
    {
      "type": "Feature",
      "geometry": {
        "type": "Point",
        "coordinates": [
          34.994055387610025,
          31.70439289038985
        ]
      },
      "properties": {
        "rank": 179,
        "distance_metric": "euclidean",
        "placement_mode": "exact",
        "placement_semantics": "exact_point",
        "shelter_id": 1052,
        "candidate_source": "buildings",
        "time_bucket": "5min",
        "time_seconds": 300,
        "coordinates": "31.704393,34.994055",
        "nearest_building_dist_m": 0.0,
        "newly_covered_buildings": 1,
        "newly_covered_people_est": 7
      }
    },
    {
      "type": "Feature",
      "geometry": {
        "type": "Point",
        "coordinates": [
          34.96191412138184,
          31.70981394643918
        ]
      },
      "properties": {
        "rank": 180,
        "distance_metric": "euclidean",
        "placement_mode": "exact",
        "placement_semantics": "exact_point",
        "shelter_id": 1075,
        "candidate_source": "buildings",
        "time_bucket": "5min",
        "time_seconds": 300,
        "coordinates": "31.709814,34.961914",
        "nearest_building_dist_m": 0.0,
        "newly_covered_buildings": 1,
        "newly_covered_people_est": 7
      }
    },
    {
      "type": "Feature",
      "geometry": {
        "type": "Point",
        "coordinates": [
          34.959922685994336,
          31.70769165529998
        ]
      },
      "properties": {
        "rank": 181,
        "distance_metric": "euclidean",
        "placement_mode": "exact",
        "placement_semantics": "exact_point",
        "shelter_id": 1151,
        "candidate_source": "buildings",
        "time_bucket": "5min",
        "time_seconds": 300,
        "coordinates": "31.707692,34.959923",
        "nearest_building_dist_m": 0.0,
        "newly_covered_buildings": 1,
        "newly_covered_people_est": 7
      }
    },
    {
      "type": "Feature",
      "geometry": {
        "type": "Point",
        "coordinates": [
          34.96255562900862,
          31.706848977650232
        ]
      },
      "properties": {
        "rank": 182,
        "distance_metric": "euclidean",
        "placement_mode": "exact",
        "placement_semantics": "exact_point",
        "shelter_id": 1160,
        "candidate_source": "buildings",
        "time_bucket": "5min",
        "time_seconds": 300,
        "coordinates": "31.706849,34.962556",
        "nearest_building_dist_m": 0.0,
        "newly_covered_buildings": 1,
        "newly_covered_people_est": 7
      }
    },
    {
      "type": "Feature",
      "geometry": {
        "type": "Point",
        "coordinates": [
          35.005781834685884,
          31.6998841542704
        ]
      },
      "properties": {
        "rank": 183,
        "distance_metric": "euclidean",
        "placement_mode": "exact",
        "placement_semantics": "exact_point",
        "shelter_id": 1179,
        "candidate_source": "buildings",
        "time_bucket": "5min",
        "time_seconds": 300,
        "coordinates": "31.699884,35.005782",
        "nearest_building_dist_m": 0.0,
        "newly_covered_buildings": 1,
        "newly_covered_people_est": 7
      }
    },
    {
      "type": "Feature",
      "geometry": {
        "type": "Point",
        "coordinates": [
          34.99568009838501,
          31.707736429159105
        ]
      },
      "properties": {
        "rank": 184,
        "distance_metric": "euclidean",
        "placement_mode": "exact",
        "placement_semantics": "exact_point",
        "shelter_id": 1238,
        "candidate_source": "buildings",
        "time_bucket": "5min",
        "time_seconds": 300,
        "coordinates": "31.707736,34.995680",
        "nearest_building_dist_m": 0.0,
        "newly_covered_buildings": 1,
        "newly_covered_people_est": 7
      }
    },
    {
      "type": "Feature",
      "geometry": {
        "type": "Point",
        "coordinates": [
          34.98674397530539,
          31.718999801659805
        ]
      },
      "properties": {
        "rank": 185,
        "distance_metric": "euclidean",
        "placement_mode": "exact",
        "placement_semantics": "exact_point",
        "shelter_id": 1255,
        "candidate_source": "buildings",
        "time_bucket": "5min",
        "time_seconds": 300,
        "coordinates": "31.719000,34.986744",
        "nearest_building_dist_m": 0.0,
        "newly_covered_buildings": 1,
        "newly_covered_people_est": 7
      }
    },
    {
      "type": "Feature",
      "geometry": {
        "type": "Point",
        "coordinates": [
          34.988189699276035,
          31.712897431180462
        ]
      },
      "properties": {
        "rank": 186,
        "distance_metric": "euclidean",
        "placement_mode": "exact",
        "placement_semantics": "exact_point",
        "shelter_id": 1305,
        "candidate_source": "buildings",
        "time_bucket": "5min",
        "time_seconds": 300,
        "coordinates": "31.712897,34.988190",
        "nearest_building_dist_m": 0.0,
        "newly_covered_buildings": 1,
        "newly_covered_people_est": 7
      }
    },
    {
      "type": "Feature",
      "geometry": {
        "type": "Point",
        "coordinates": [
          34.99068600534805,
          31.722578702090793
        ]
      },
      "properties": {
        "rank": 187,
        "distance_metric": "euclidean",
        "placement_mode": "exact",
        "placement_semantics": "exact_point",
        "shelter_id": 1340,
        "candidate_source": "buildings",
        "time_bucket": "5min",
        "time_seconds": 300,
        "coordinates": "31.722579,34.990686",
        "nearest_building_dist_m": 0.0,
        "newly_covered_buildings": 1,
        "newly_covered_people_est": 7
      }
    },
    {
      "type": "Feature",
      "geometry": {
        "type": "Point",
        "coordinates": [
          34.989720508111446,
          31.732764565079105
        ]
      },
      "properties": {
        "rank": 188,
        "distance_metric": "euclidean",
        "placement_mode": "exact",
        "placement_semantics": "exact_point",
        "shelter_id": 1369,
        "candidate_source": "buildings",
        "time_bucket": "5min",
        "time_seconds": 300,
        "coordinates": "31.732765,34.989721",
        "nearest_building_dist_m": 0.0,
        "newly_covered_buildings": 1,
        "newly_covered_people_est": 7
      }
    },
    {
      "type": "Feature",
      "geometry": {
        "type": "Point",
        "coordinates": [
          34.986890692528036,
          31.739624084017883
        ]
      },
      "properties": {
        "rank": 189,
        "distance_metric": "euclidean",
        "placement_mode": "exact",
        "placement_semantics": "exact_point",
        "shelter_id": 1403,
        "candidate_source": "buildings",
        "time_bucket": "5min",
        "time_seconds": 300,
        "coordinates": "31.739624,34.986891",
        "nearest_building_dist_m": 0.0,
        "newly_covered_buildings": 1,
        "newly_covered_people_est": 7
      }
    },
    {
      "type": "Feature",
      "geometry": {
        "type": "Point",
        "coordinates": [
          34.980119516519665,
          31.74389677066125
        ]
      },
      "properties": {
        "rank": 190,
        "distance_metric": "euclidean",
        "placement_mode": "exact",
        "placement_semantics": "exact_point",
        "shelter_id": 1433,
        "candidate_source": "buildings",
        "time_bucket": "5min",
        "time_seconds": 300,
        "coordinates": "31.743897,34.980120",
        "nearest_building_dist_m": 0.0,
        "newly_covered_buildings": 1,
        "newly_covered_people_est": 7
      }
    },
    {
      "type": "Feature",
      "geometry": {
        "type": "Point",
        "coordinates": [
          34.99400139527608,
          31.744850383189764
        ]
      },
      "properties": {
        "rank": 191,
        "distance_metric": "euclidean",
        "placement_mode": "exact",
        "placement_semantics": "exact_point",
        "shelter_id": 1438,
        "candidate_source": "buildings",
        "time_bucket": "5min",
        "time_seconds": 300,
        "coordinates": "31.744850,34.994001",
        "nearest_building_dist_m": 0.0,
        "newly_covered_buildings": 1,
        "newly_covered_people_est": 7
      }
    },
    {
      "type": "Feature",
      "geometry": {
        "type": "Point",
        "coordinates": [
          34.99522298727423,
          31.7557347969457
        ]
      },
      "properties": {
        "rank": 192,
        "distance_metric": "euclidean",
        "placement_mode": "exact",
        "placement_semantics": "exact_point",
        "shelter_id": 1591,
        "candidate_source": "buildings",
        "time_bucket": "5min",
        "time_seconds": 300,
        "coordinates": "31.755735,34.995223",
        "nearest_building_dist_m": 0.0,
        "newly_covered_buildings": 1,
        "newly_covered_people_est": 7
      }
    },
    {
      "type": "Feature",
      "geometry": {
        "type": "Point",
        "coordinates": [
          34.99541469478351,
          31.70139781634768
        ]
      },
      "properties": {
        "rank": 193,
        "distance_metric": "euclidean",
        "placement_mode": "exact",
        "placement_semantics": "exact_point",
        "shelter_id": 1631,
        "candidate_source": "buildings",
        "time_bucket": "5min",
        "time_seconds": 300,
        "coordinates": "31.701398,34.995415",
        "nearest_building_dist_m": 0.0,
        "newly_covered_buildings": 1,
        "newly_covered_people_est": 7
      }
    }
  ]
}