{
  "type": "FeatureCollection",
  "features": [
    {
      "type": "Feature",
      "geometry": {
        "type": "Point",
        "coordinates": [
          34.977529899476075,
          31.74378620068223
        ]
      },
      "properties": {
        "rank": 1,
        "distance_metric": "graph",
        "placement_mode": "exact",
        "placement_semantics": "exact_point",
        "shelter_id": 609,
        "candidate_source": "network_nodes",
        "time_bucket": "5min",
        "time_seconds": 300,
        "coordinates": "31.743786,34.977530",
        "nearest_building_dist_m": 17.88,
        "newly_covered_buildings": 54,
        "newly_covered_people_est": 378
      }
    },
    {
      "type": "Feature",
      "geometry": {
        "type": "Point",
        "coordinates": [
          34.99892739947317,
          31.713194300686734
        ]
      },
      "properties": {
        "rank": 2,
        "distance_metric": "graph",
        "placement_mode": "exact",
        "placement_semantics": "exact_point",
        "shelter_id": 946,
        "candidate_source": "network_nodes",
        "time_bucket": "5min",
        "time_seconds": 300,
        "coordinates": "31.713194,34.998927",
        "nearest_building_dist_m": 37.95,
        "newly_covered_buildings": 47,
        "newly_covered_people_est": 329
      }
    },
    {
      "type": "Feature",
      "geometry": {
        "type": "Point",
        "coordinates": [
          34.975475656657714,
          31.74426994360598
        ]
      },
      "properties": {
        "rank": 3,
        "distance_metric": "graph",
        "placement_mode": "exact",
        "placement_semantics": "exact_point",
        "shelter_id": 302,
        "candidate_source": "buildings",
        "time_bucket": "5min",
        "time_seconds": 300,
        "coordinates": "31.744270,34.975476",
        "nearest_building_dist_m": 0.0,
        "newly_covered_buildings": 44,
        "newly_covered_people_est": 308
      }
    },
    {
      "type": "Feature",
      "geometry": {
        "type": "Point",
        "coordinates": [
          34.992263499473154,
          31.710190500686654
        ]
      },
      "properties": {
        "rank": 4,
        "distance_metric": "graph",
        "placement_mode": "exact",
        "placement_semantics": "exact_point",
        "shelter_id": 1040,
        "candidate_source": "network_nodes",
        "time_bucket": "5min",
        "time_seconds": 300,
        "coordinates": "31.710191,34.992263",
        "nearest_building_dist_m": 26.27,
        "newly_covered_buildings": 40,
        "newly_covered_people_est": 280
      }
    },
    {
      "type": "Feature",
      "geometry": {
        "type": "Point",
        "coordinates": [
          34.98726424468476,
          31.753627876402295
        ]
      },
      "properties": {
        "rank": 5,
        "distance_metric": "graph",
        "placement_mode": "exact",
        "placement_semantics": "exact_point",
        "shelter_id": 228,
        "candidate_source": "buildings",
        "time_bucket": "5min",
        "time_seconds": 300,
        "coordinates": "31.753628,34.987264",
        "nearest_building_dist_m": 0.0,
        "newly_covered_buildings": 36,
        "newly_covered_people_est": 252
      }
    },
    {
      "type": "Feature",
      "geometry": {
        "type": "Point",
        "coordinates": [
          34.99558089947309,
          31.7106641006868
        ]
      },
      "properties": {
        "rank": 6,
        "distance_metric": "graph",
        "placement_mode": "exact",
        "placement_semantics": "exact_point",
        "shelter_id": 1060,
        "candidate_source": "network_nodes",
        "time_bucket": "5min",
        "time_seconds": 300,
        "coordinates": "31.710664,34.995581",
        "nearest_building_dist_m": 40.56,
        "newly_covered_buildings": 34,
        "newly_covered_people_est": 238
      }
    },
    {
      "type": "Feature",
      "geometry": {
        "type": "Point",
        "coordinates": [
          34.975138063841285,
          31.744919254315278
        ]
      },
      "properties": {
        "rank": 7,
        "distance_metric": "graph",
        "placement_mode": "exact",
        "placement_semantics": "exact_point",
        "shelter_id": 1662,
        "candidate_source": "network_nodes",
        "time_bucket": "5min",
        "time_seconds": 300,
        "coordinates": "31.744919,34.975138",
        "nearest_building_dist_m": 9.08,
        "newly_covered_buildings": 33,
        "newly_covered_people_est": 231
      }
    },
    {
      "type": "Feature",
      "geometry": {
        "type": "Point",
        "coordinates": [
          34.994846003071515,
          31.75329755072876
        ]
      },
      "properties": {
        "rank": 8,
        "distance_metric": "graph",
        "placement_mode": "exact",
        "placement_semantics": "exact_point",
        "shelter_id": 145,
        "candidate_source": "buildings",
        "time_bucket": "5min",
        "time_seconds": 300,
        "coordinates": "31.753298,34.994846",
        "nearest_building_dist_m": 0.0,
        "newly_covered_buildings": 31,
        "newly_covered_people_est": 217
      }
    },
    {
      "type": "Feature",
      "geometry": {
        "type": "Point",
        "coordinates": [
          34.9796065994758,
          31.740836500682683
        ]
      },
      "properties": {
        "rank": 9,
        "distance_metric": "graph",
        "placement_mode": "exact",
        "placement_semantics": "exact_point",
        "shelter_id": 602,
        "candidate_source": "network_nodes",
        "time_bucket": "5min",
        "time_seconds": 300,
        "coordinates": "31.740837,34.979607",
        "nearest_building_dist_m": 25.32,
        "newly_covered_buildings": 29,
        "newly_covered_people_est": 203
      }
    },
    {
      "type": "Feature",
      "geometry": {
        "type": "Point",
        "coordinates": [
          34.995431799472954,
          31.70860150068701
        ]
      },
      "properties": {
        "rank": 10,
        "distance_metric": "graph",
        "placement_mode": "exact",
        "placement_semantics": "exact_point",
        "shelter_id": 1110,
        "candidate_source": "network_nodes",
        "time_bucket": "5min",
        "time_seconds": 300,
        "coordinates": "31.708602,34.995432",
        "nearest_building_dist_m": 39.05,
        "newly_covered_buildings": 29,
        "newly_covered_people_est": 203
      }
    },
    {
      "type": "Feature",
      "geometry": {
        "type": "Point",
        "coordinates": [
          34.98880306876913,
          31.73934516463741
        ]
      },
      "properties": {
        "rank": 11,
        "distance_metric": "graph",
        "placement_mode": "exact",
        "placement_semantics": "exact_point",
        "shelter_id": 1636,
        "candidate_source": "network_nodes",
        "time_bucket": "5min",
        "time_seconds": 300,
        "coordinates": "31.739345,34.988803",
        "nearest_building_dist_m": 15.24,
        "newly_covered_buildings": 26,
        "newly_covered_people_est": 182
      }
    },
    {
      "type": "Feature",
      "geometry": {
        "type": "Point",
        "coordinates": [
          34.998806799473414,
          31.716478200686375
        ]
      },
      "properties": {
        "rank": 12,
        "distance_metric": "graph",
        "placement_mode": "exact",
        "placement_semantics": "exact_point",
        "shelter_id": 956,
        "candidate_source": "network_nodes",
        "time_bucket": "5min",
        "time_seconds": 300,
        "coordinates": "31.716478,34.998807",
        "nearest_building_dist_m": 21.17,
        "newly_covered_buildings": 25,
        "newly_covered_people_est": 175
      }
    },
    {
      "type": "Feature",
      "geometry": {
        "type": "Point",
        "coordinates": [
          34.98817572235537,
          31.70343926872466
        ]
      },
      "properties": {
        "rank": 13,
        "distance_metric": "graph",
        "placement_mode": "exact",
        "placement_semantics": "exact_point",
        "shelter_id": 73,
        "candidate_source": "buildings",
        "time_bucket": "5min",
        "time_seconds": 300,
        "coordinates": "31.703439,34.988176",
        "nearest_building_dist_m": 0.0,
        "newly_covered_buildings": 24,
        "newly_covered_people_est": 168
      }
    },
    {
      "type": "Feature",
      "geometry": {
        "type": "Point",
        "coordinates": [
          34.988674215598074,
          31.750885553137678
        ]
      },
      "properties": {
        "rank": 14,
        "distance_metric": "graph",
        "placement_mode": "exact",
        "placement_semantics": "exact_point",
        "shelter_id": 130,
        "candidate_source": "buildings",
        "time_bucket": "5min",
        "time_seconds": 300,
        "coordinates": "31.750886,34.988674",
        "nearest_building_dist_m": 0.0,
        "newly_covered_buildings": 24,
        "newly_covered_people_est": 168
      }
    },
    {
      "type": "Feature",
      "geometry": {
        "type": "Point",
        "coordinates": [
          34.99548074772772,
          31.750462601512535
        ]
      },
      "properties": {
        "rank": 15,
        "distance_metric": "graph",
        "placement_mode": "exact",
        "placement_semantics": "exact_point",
        "shelter_id": 462,
        "candidate_source": "buildings",
        "time_bucket": "5min",
        "time_seconds": 300,
        "coordinates": "31.750463,34.995481",
        "nearest_building_dist_m": 0.0,
        "newly_covered_buildings": 24,
        "newly_covered_people_est": 168
      }
    },
    {
      "type": "Feature",
      "geometry": {
        "type": "Point",
        "coordinates": [
          34.99063159947372,
          31.71712950068582
        ]
      },
      "properties": {
        "rank": 16,
        "distance_metric": "graph",
        "placement_mode": "exact",
        "placement_semantics": "exact_point",
        "shelter_id": 737,
        "candidate_source": "network_nodes",
        "time_bucket": "5min",
        "time_seconds": 300,
        "coordinates": "31.717130,34.990632",
        "nearest_building_dist_m": 21.92,
        "newly_covered_buildings": 24,
        "newly_covered_people_est": 168
      }
    },
    {
      "type": "Feature",
      "geometry": {
        "type": "Point",
        "coordinates": [
          35.00511669947288,
          31.711860600687267
        ]
      },
      "properties": {
        "rank": 17,
        "distance_metric": "graph",
        "placement_mode": "exact",
        "placement_semantics": "exact_point",
        "shelter_id": 872,
        "candidate_source": "network_nodes",
        "time_bucket": "5min",
        "time_seconds": 300,
        "coordinates": "31.711861,35.005117",
        "nearest_building_dist_m": 13.67,
        "newly_covered_buildings": 24,
        "newly_covered_people_est": 168
      }
    },
    {
      "type": "Feature",
      "geometry": {
        "type": "Point",
        "coordinates": [
          34.998350083219634,
          31.710659371466665
        ]
      },
      "properties": {
        "rank": 18,
        "distance_metric": "graph",
        "placement_mode": "exact",
        "placement_semantics": "exact_point",
        "shelter_id": 26,
        "candidate_source": "buildings",
        "time_bucket": "5min",
        "time_seconds": 300,
        "coordinates": "31.710659,34.998350",
        "nearest_building_dist_m": 0.0,
        "newly_covered_buildings": 20,
        "newly_covered_people_est": 140
      }
    },
    {
      "type": "Feature",
      "geometry": {
        "type": "Point",
        "coordinates": [
          34.979512646854126,
          31.703639143331543
        ]
      },
      "properties": {
        "rank": 19,
        "distance_metric": "graph",
        "placement_mode": "exact",
        "placement_semantics": "exact_point",
        "shelter_id": 1316,
        "candidate_source": "network_nodes",
        "time_bucket": "5min",
        "time_seconds": 300,
        "coordinates": "31.703639,34.979513",
        "nearest_building_dist_m": 19.72,
        "newly_covered_buildings": 20,
        "newly_covered_people_est": 140
      }
    },
    {
      "type": "Feature",
      "geometry": {
        "type": "Point",
        "coordinates": [
          34.9916505414623,
          31.734469522062877
        ]
      },
      "properties": {
        "rank": 20,
        "distance_metric": "graph",
        "placement_mode": "exact",
        "placement_semantics": "exact_point",
        "shelter_id": 151,
        "candidate_source": "buildings",
        "time_bucket": "5min",
        "time_seconds": 300,
        "coordinates": "31.734470,34.991651",
        "nearest_building_dist_m": 0.0,
        "newly_covered_buildings": 19,
        "newly_covered_people_est": 133
      }
    },
    {
      "type": "Feature",
      "geometry": {
        "type": "Point",
        "coordinates": [
          34.978493599476046,
          31.74333480068235
        ]
      },
      "properties": {
        "rank": 21,
        "distance_metric": "graph",
        "placement_mode": "exact",
        "placement_semantics": "exact_point",
        "shelter_id": 608,
        "candidate_source": "network_nodes",
        "time_bucket": "5min",
        "time_seconds": 300,
        "coordinates": "31.743335,34.978494",
        "nearest_building_dist_m": 17.31,
        "newly_covered_buildings": 19,
        "newly_covered_people_est": 133
      }
    },
    {
      "type": "Feature",
      "geometry": {
        "type": "Point",
        "coordinates": [
          34.9886306759295,
          31.744910730412663
        ]
      },
      "properties": {
        "rank": 22,
        "distance_metric": "graph",
        "placement_mode": "exact",
        "placement_semantics": "exact_point",
        "shelter_id": 1480,
        "candidate_source": "network_nodes",
        "time_bucket": "5min",
        "time_seconds": 300,
        "coordinates": "31.744911,34.988631",
        "nearest_building_dist_m": 20.01,
        "newly_covered_buildings": 19,
        "newly_covered_people_est": 133
      }
    },
    {
      "type": "Feature",
      "geometry": {
        "type": "Point",
        "coordinates": [
          34.98652221173414,
          31.73907127333381
        ]
      },
      "properties": {
        "rank": 23,
        "distance_metric": "graph",
        "placement_mode": "exact",
        "placement_semantics": "exact_point",
        "shelter_id": 1632,
        "candidate_source": "network_nodes",
        "time_bucket": "5min",
        "time_seconds": 300,
        "coordinates": "31.739071,34.986522",
        "nearest_building_dist_m": 20.32,
        "newly_covered_buildings": 19,
        "newly_covered_people_est": 133
      }
    },
    {
      "type": "Feature",
      "geometry": {
        "type": "Point",
        "coordinates": [
          34.98135034839084,
          31.73915391020502
        ]
      },
      "properties": {
        "rank": 24,
        "distance_metric": "graph",
        "placement_mode": "exact",
        "placement_semantics": "exact_point",
        "shelter_id": 458,
        "candidate_source": "buildings",
        "time_bucket": "5min",
        "time_seconds": 300,
        "coordinates": "31.739154,34.981350",
        "nearest_building_dist_m": 0.0,
        "newly_covered_buildings": 18,
        "newly_covered_people_est": 126
      }
    },
    {
      "type": "Feature",
      "geometry": {
        "type": "Point",
        "coordinates": [
          34.99748629947296,
          31.709650300687034
        ]
      },
      "properties": {
        "rank": 25,
        "distance_metric": "graph",
        "placement_mode": "exact",
        "placement_semantics": "exact_point",
        "shelter_id": 648,
        "candidate_source": "network_nodes",
        "time_bucket": "5min",
        "time_seconds": 300,
        "coordinates": "31.709650,34.997486",
        "nearest_building_dist_m": 25.63,
        "newly_covered_buildings": 18,
        "newly_covered_people_est": 126
      }
    },
    {
      "type": "Feature",
      "geometry": {
        "type": "Point",
        "coordinates": [
          34.98907029947344,
          31.71252070068621
        ]
      },
      "properties": {
        "rank": 26,
        "distance_metric": "graph",
        "placement_mode": "exact",
        "placement_semantics": "exact_point",
        "shelter_id": 852,
        "candidate_source": "network_nodes",
        "time_bucket": "5min",
        "time_seconds": 300,
        "coordinates": "31.712521,34.989070",
        "nearest_building_dist_m": 44.04,
        "newly_covered_buildings": 18,
        "newly_covered_people_est": 126
      }
    },
    {
      "type": "Feature",
      "geometry": {
        "type": "Point",
        "coordinates": [
          34.9971268994728,
          31.707362900687244
        ]
      },
      "properties": {
        "rank": 27,
        "distance_metric": "graph",
        "placement_mode": "exact",
        "placement_semantics": "exact_point",
        "shelter_id": 903,
        "candidate_source": "network_nodes",
        "time_bucket": "5min",
        "time_seconds": 300,
        "coordinates": "31.707363,34.997127",
        "nearest_building_dist_m": 19.01,
        "newly_covered_buildings": 18,
        "newly_covered_people_est": 126
      }
    },
    {
      "type": "Feature",
      "geometry": {
        "type": "Point",
        "coordinates": [
          34.98225589947332,
          31.70778720068629
        ]
      },
      "properties": {
        "rank": 28,
        "distance_metric": "graph",
        "placement_mode": "exact",
        "placement_semantics": "exact_point",
        "shelter_id": 931,
        "candidate_source": "network_nodes",
        "time_bucket": "5min",
        "time_seconds": 300,
        "coordinates": "31.707787,34.982256",
        "nearest_building_dist_m": 38.82,
        "newly_covered_buildings": 18,
        "newly_covered_people_est": 126
      }
    },
    {
      "type": "Feature",
      "geometry": {
        "type": "Point",
        "coordinates": [
          35.003610199472675,
          31.708576000687515
        ]
      },
      "properties": {
        "rank": 29,
        "distance_metric": "graph",
        "placement_mode": "exact",
        "placement_semantics": "exact_point",
        "shelter_id": 1159,
        "candidate_source": "network_nodes",
        "time_bucket": "5min",
        "time_seconds": 300,
        "coordinates": "31.708576,35.003610",
        "nearest_building_dist_m": 50.11,
        "newly_covered_buildings": 18,
        "newly_covered_people_est": 126
      }
    },
    {
      "type": "Feature",
      "geometry": {
        "type": "Point",
        "coordinates": [
          34.990867692419954,
          31.723223911929352
        ]
      },
      "properties": {
        "rank": 30,
        "distance_metric": "graph",
        "placement_mode": "exact",
        "placement_semantics": "exact_point",
        "shelter_id": 1620,
        "candidate_source": "network_nodes",
        "time_bucket": "5min",
        "time_seconds": 300,
        "coordinates": "31.723224,34.990868",
        "nearest_building_dist_m": 18.21,
        "newly_covered_buildings": 18,
        "newly_covered_people_est": 126
      }
    },
    {
      "type": "Feature",
      "geometry": {
        "type": "Point",
        "coordinates": [
          34.99624402301152,
          31.728744667157763
        ]
      },
      "properties": {
        "rank": 31,
        "distance_metric": "graph",
        "placement_mode": "exact",
        "placement_semantics": "exact_point",
        "shelter_id": 100,
        "candidate_source": "buildings",
        "time_bucket": "5min",
        "time_seconds": 300,
        "coordinates": "31.728745,34.996244",
        "nearest_building_dist_m": 0.0,
        "newly_covered_buildings": 17,
        "newly_covered_people_est": 119
      }
    },
    {
      "type": "Feature",
      "geometry": {
        "type": "Point",
        "coordinates": [
          34.993156218528746,
          31.752579711988563
        ]
      },
      "properties": {
        "rank": 32,
        "distance_metric": "graph",
        "placement_mode": "exact",
        "placement_semantics": "exact_point",
        "shelter_id": 128,
        "candidate_source": "buildings",
        "time_bucket": "5min",
        "time_seconds": 300,
        "coordinates": "31.752580,34.993156",
        "nearest_building_dist_m": 0.0,
        "newly_covered_buildings": 17,
        "newly_covered_people_est": 119
      }
    },
    {
      "type": "Feature",
      "geometry": {
        "type": "Point",
        "coordinates": [
          34.993296438041575,
          31.742379597648192
        ]
      },
      "properties": {
        "rank": 33,
        "distance_metric": "graph",
        "placement_mode": "exact",
        "placement_semantics": "exact_point",
        "shelter_id": 148,
        "candidate_source": "buildings",
        "time_bucket": "5min",
        "time_seconds": 300,
        "coordinates": "31.742380,34.993296",
        "nearest_building_dist_m": 0.0,
        "newly_covered_buildings": 17,
        "newly_covered_people_est": 119
      }
    },
    {
      "type": "Feature",
      "geometry": {
        "type": "Point",
        "coordinates": [
          34.996478763763726,
          31.747815866427104
        ]
      },
      "properties": {
        "rank": 34,
        "distance_metric": "graph",
        "placement_mode": "exact",
        "placement_semantics": "exact_point",
        "shelter_id": 492,
        "candidate_source": "buildings",
        "time_bucket": "5min",
        "time_seconds": 300,
        "coordinates": "31.747816,34.996479",
        "nearest_building_dist_m": 0.0,
        "newly_covered_buildings": 17,
        "newly_covered_people_est": 119
      }
    },
    {
      "type": "Feature",
      "geometry": {
        "type": "Point",
        "coordinates": [
          34.99199033112233,
          31.702900293538217
        ]
      },
      "properties": {
        "rank": 35,
        "distance_metric": "graph",
        "placement_mode": "exact",
        "placement_semantics": "exact_point",
        "shelter_id": 530,
        "candidate_source": "buildings",
        "time_bucket": "5min",
        "time_seconds": 300,
        "coordinates": "31.702900,34.991990",
        "nearest_building_dist_m": 0.0,
        "newly_covered_buildings": 17,
        "newly_covered_people_est": 119
      }
    },
    {
      "type": "Feature",
      "geometry": {
        "type": "Point",
        "coordinates": [
          35.00051159947281,
          31.708884800687297
        ]
      },
      "properties": {
        "rank": 36,
        "distance_metric": "graph",
        "placement_mode": "exact",
        "placement_semantics": "exact_point",
        "shelter_id": 660,
        "candidate_source": "network_nodes",
        "time_bucket": "5min",
        "time_seconds": 300,
        "coordinates": "31.708885,35.000512",
        "nearest_building_dist_m": 25.06,
        "newly_covered_buildings": 17,
        "newly_covered_people_est": 119
      }
    },
    {
      "type": "Feature",
      "geometry": {
        "type": "Point",
        "coordinates": [
          34.981711002937196,
          31.742790951552287
        ]
      },
      "properties": {
        "rank": 37,
        "distance_metric": "graph",
        "placement_mode": "exact",
        "placement_semantics": "exact_point",
        "shelter_id": 1374,
        "candidate_source": "network_nodes",
        "time_bucket": "5min",
        "time_seconds": 300,
        "coordinates": "31.742791,34.981711",
        "nearest_building_dist_m": 15.14,
        "newly_covered_buildings": 17,
        "newly_covered_people_est": 119
      }
    },
    {
      "type": "Feature",
      "geometry": {
        "type": "Point",
        "coordinates": [
          34.98268454134545,
          31.750624184182993
        ]
      },
      "properties": {
        "rank": 38,
        "distance_metric": "graph",
        "placement_mode": "exact",
        "placement_semantics": "exact_point",
        "shelter_id": 1477,
        "candidate_source": "network_nodes",
        "time_bucket": "5min",
        "time_seconds": 300,
        "coordinates": "31.750624,34.982685",
        "nearest_building_dist_m": 12.5,
        "newly_covered_buildings": 17,
        "newly_covered_people_est": 119
      }
    },
    {
      "type": "Feature",
      "geometry": {
        "type": "Point",
        "coordinates": [
          34.99645081514619,
          31.746552811831528
        ]
      },
      "properties": {
        "rank": 39,
        "distance_metric": "graph",
        "placement_mode": "exact",
        "placement_semantics": "exact_point",
        "shelter_id": 1672,
        "candidate_source": "network_nodes",
        "time_bucket": "5min",
        "time_seconds": 300,
        "coordinates": "31.746553,34.996451",
        "nearest_building_dist_m": 27.89,
        "newly_covered_buildings": 17,
        "newly_covered_people_est": 119
      }
    },
    {
      "type": "Feature",
      "geometry": {
        "type": "Point",
        "coordinates": [
          34.999313982527475,
          31.738069727944264
        ]
      },
      "properties": {
        "rank": 40,
        "distance_metric": "graph",
        "placement_mode": "exact",
        "placement_semantics": "exact_point",
        "shelter_id": 232,
        "candidate_source": "buildings",
        "time_bucket": "5min",
        "time_seconds": 300,
        "coordinates": "31.738070,34.999314",
        "nearest_building_dist_m": 0.0,
        "newly_covered_buildings": 16,
        "newly_covered_people_est": 112
      }
    },
    {
      "type": "Feature",
      "geometry": {
        "type": "Point",
        "coordinates": [
          34.98926179150599,
          31.741587093339152
        ]
      },
      "properties": {
        "rank": 41,
        "distance_metric": "graph",
        "placement_mode": "exact",
        "placement_semantics": "exact_point",
        "shelter_id": 336,
        "candidate_source": "buildings",
        "time_bucket": "5min",
        "time_seconds": 300,
        "coordinates": "31.741587,34.989262",
        "nearest_building_dist_m": 0.0,
        "newly_covered_buildings": 16,
        "newly_covered_people_est": 112
      }
    },
    {
      "type": "Feature",
      "geometry": {
        "type": "Point",
        "coordinates": [
          34.9918225147637,
          31.71516491530145
        ]
      },
      "properties": {
        "rank": 42,
        "distance_metric": "graph",
        "placement_mode": "exact",
        "placement_semantics": "exact_point",
        "shelter_id": 393,
        "candidate_source": "buildings",
        "time_bucket": "5min",
        "time_seconds": 300,
        "coordinates": "31.715165,34.991823",
        "nearest_building_dist_m": 0.0,
        "newly_covered_buildings": 16,
        "newly_covered_people_est": 112
      }
    },
    {
      "type": "Feature",
      "geometry": {
        "type": "Point",
        "coordinates": [
          34.98290329947373,
          31.71385890068569
        ]
      },
      "properties": {
        "rank": 43,
        "distance_metric": "graph",
        "placement_mode": "exact",
        "placement_semantics": "exact_point",
        "shelter_id": 635,
        "candidate_source": "network_nodes",
        "time_bucket": "5min",
        "time_seconds": 300,
        "coordinates": "31.713859,34.982903",
        "nearest_building_dist_m": 24.13,
        "newly_covered_buildings": 16,
        "newly_covered_people_est": 112
      }
    },
    {
      "type": "Feature",
      "geometry": {
        "type": "Point",
        "coordinates": [
          34.99362019947298,
          31.708160600686938
        ]
      },
      "properties": {
        "rank": 44,
        "distance_metric": "graph",
        "placement_mode": "exact",
        "placement_semantics": "exact_point",
        "shelter_id": 846,
        "candidate_source": "network_nodes",
        "time_bucket": "5min",
        "time_seconds": 300,
        "coordinates": "31.708161,34.993620",
        "nearest_building_dist_m": 16.97,
        "newly_covered_buildings": 16,
        "newly_covered_people_est": 112
      }
    },
    {
      "type": "Feature",
      "geometry": {
        "type": "Point",
        "coordinates": [
          35.000327799473375,
          31.716786500686442
        ]
      },
      "properties": {
        "rank": 45,
        "distance_metric": "graph",
        "placement_mode": "exact",
        "placement_semantics": "exact_point",
        "shelter_id": 1170,
        "candidate_source": "network_nodes",
        "time_bucket": "5min",
        "time_seconds": 300,
        "coordinates": "31.716787,35.000328",
        "nearest_building_dist_m": 31.4,
        "newly_covered_buildings": 16,
        "newly_covered_people_est": 112
      }
    },
    {
      "type": "Feature",
      "geometry": {
        "type": "Point",
        "coordinates": [
          34.99533584778628,
          31.75202631553738
        ]
      },
      "properties": {
        "rank": 46,
        "distance_metric": "graph",
        "placement_mode": "exact",
        "placement_semantics": "exact_point",
        "shelter_id": 41,
        "candidate_source": "buildings",
        "time_bucket": "5min",
        "time_seconds": 300,
        "coordinates": "31.752026,34.995336",
        "nearest_building_dist_m": 0.0,
        "newly_covered_buildings": 15,
        "newly_covered_people_est": 105
      }
    },
    {
      "type": "Feature",
      "geometry": {
        "type": "Point",
        "coordinates": [
          34.99939780963424,
          31.747189521309263
        ]
      },
      "properties": {
        "rank": 47,
        "distance_metric": "graph",
        "placement_mode": "exact",
        "placement_semantics": "exact_point",
        "shelter_id": 59,
        "candidate_source": "buildings",
        "time_bucket": "5min",
        "time_seconds": 300,
        "coordinates": "31.747190,34.999398",
        "nearest_building_dist_m": 0.0,
        "newly_covered_buildings": 15,
        "newly_covered_people_est": 105
      }
    },
    {
      "type": "Feature",
      "geometry": {
        "type": "Point",
        "coordinates": [
          34.98346014989716,
          31.747226260158662
        ]
      },
      "properties": {
        "rank": 48,
        "distance_metric": "graph",
        "placement_mode": "exact",
        "placement_semantics": "exact_point",
        "shelter_id": 67,
        "candidate_source": "buildings",
        "time_bucket": "5min",
        "time_seconds": 300,
        "coordinates": "31.747226,34.983460",
        "nearest_building_dist_m": 0.0,
        "newly_covered_buildings": 15,
        "newly_covered_people_est": 105
      }
    },
    {
      "type": "Feature",
      "geometry": {
        "type": "Point",
        "coordinates": [
          34.99373767485326,
          31.750920458597903
        ]
      },
      "properties": {
        "rank": 49,
        "distance_metric": "graph",
        "placement_mode": "exact",
        "placement_semantics": "exact_point",
        "shelter_id": 352,
        "candidate_source": "buildings",
        "time_bucket": "5min",
        "time_seconds": 300,
        "coordinates": "31.750920,34.993738",
        "nearest_building_dist_m": 0.0,
        "newly_covered_buildings": 15,
        "newly_covered_people_est": 105
      }
    },
    {
      "type": "Feature",
      "geometry": {
        "type": "Point",
        "coordinates": [
          34.98084549611762,
          31.7364616005133
        ]
      },
      "properties": {
        "rank": 50,
        "distance_metric": "graph",
        "placement_mode": "exact",
        "placement_semantics": "exact_point",
        "shelter_id": 427,
        "candidate_source": "buildings",
        "time_bucket": "5min",
        "time_seconds": 300,
        "coordinates": "31.736462,34.980845",
        "nearest_building_dist_m": 0.0,
        "newly_covered_buildings": 15,
        "newly_covered_people_est": 105
      }
    },
    {
      "type": "Feature",
      "geometry": {
        "type": "Point",
        "coordinates": [
          34.98647176811511,
          31.71339258875434
        ]
      },
      "properties": {
        "rank": 51,
        "distance_metric": "graph",
        "placement_mode": "exact",
        "placement_semantics": "exact_point",
        "shelter_id": 471,
        "candidate_source": "buildings",
        "time_bucket": "5min",
        "time_seconds": 300,
        "coordinates": "31.713393,34.986472",
        "nearest_building_dist_m": 0.0,
        "newly_covered_buildings": 15,
        "newly_covered_people_est": 105
      }
    },
    {
      "type": "Feature",
      "geometry": {
        "type": "Point",
        "coordinates": [
          34.99325239947452,
          31.729304600684717
        ]
      },
      "properties": {
        "rank": 52,
        "distance_metric": "graph",
        "placement_mode": "exact",
        "placement_semantics": "exact_point",
        "shelter_id": 617,
        "candidate_source": "network_nodes",
        "time_bucket": "5min",
        "time_seconds": 300,
        "coordinates": "31.729305,34.993252",
        "nearest_building_dist_m": 42.14,
        "newly_covered_buildings": 15,
        "newly_covered_people_est": 105
      }
    },
    {
      "type": "Feature",
      "geometry": {
        "type": "Point",
        "coordinates": [
          34.97652709947475,
          31.72486680068417
        ]
      },
      "properties": {
        "rank": 53,
        "distance_metric": "graph",
        "placement_mode": "exact",
        "placement_semantics": "exact_point",
        "shelter_id": 748,
        "candidate_source": "network_nodes",
        "time_bucket": "5min",
        "time_seconds": 300,
        "coordinates": "31.724867,34.976527",
        "nearest_building_dist_m": 23.94,
        "newly_covered_buildings": 15,
        "newly_covered_people_est": 105
      }
    },
    {
      "type": "Feature",
      "geometry": {
        "type": "Point",
        "coordinates": [
          34.99360469796005,
          31.741765306859577
        ]
      },
      "properties": {
        "rank": 54,
        "distance_metric": "graph",
        "placement_mode": "exact",
        "placement_semantics": "exact_point",
        "shelter_id": 1504,
        "candidate_source": "network_nodes",
        "time_bucket": "5min",
        "time_seconds": 300,
        "coordinates": "31.741765,34.993605",
        "nearest_building_dist_m": 28.5,
        "newly_covered_buildings": 15,
        "newly_covered_people_est": 105
      }
    },
    {
      "type": "Feature",
      "geometry": {
        "type": "Point",
        "coordinates": [
          34.99017066771373,
          31.745052123702777
        ]
      },
      "properties": {
        "rank": 55,
        "distance_metric": "graph",
        "placement_mode": "exact",
        "placement_semantics": "exact_point",
        "shelter_id": 1665,
        "candidate_source": "network_nodes",
        "time_bucket": "5min",
        "time_seconds": 300,
        "coordinates": "31.745052,34.990171",
        "nearest_building_dist_m": 13.08,
        "newly_covered_buildings": 15,
        "newly_covered_people_est": 105
      }
    },
    {
      "type": "Feature",
      "geometry": {
        "type": "Point",
        "coordinates": [
          34.997807505104696,
          31.749463927291366
        ]
      },
      "properties": {
        "rank": 56,
        "distance_metric": "graph",
        "placement_mode": "exact",
        "placement_semantics": "exact_point",
        "shelter_id": 55,
        "candidate_source": "buildings",
        "time_bucket": "5min",
        "time_seconds": 300,
        "coordinates": "31.749464,34.997808",
        "nearest_building_dist_m": 0.0,
        "newly_covered_buildings": 14,
        "newly_covered_people_est": 98
      }
    },
    {
      "type": "Feature",
      "geometry": {
        "type": "Point",
        "coordinates": [
          34.9936750507269,
          31.730537522895705
        ]
      },
      "properties": {
        "rank": 57,
        "distance_metric": "graph",
        "placement_mode": "exact",
        "placement_semantics": "exact_point",
        "shelter_id": 116,
        "candidate_source": "buildings",
        "time_bucket": "5min",
        "time_seconds": 300,
        "coordinates": "31.730538,34.993675",
        "nearest_building_dist_m": 0.0,
        "newly_covered_buildings": 14,
        "newly_covered_people_est": 98
      }
    },
    {
      "type": "Feature",
      "geometry": {
        "type": "Point",
        "coordinates": [
          34.99377498020418,
          31.750482855600005
        ]
      },
      "properties": {
        "rank": 58,
        "distance_metric": "graph",
        "placement_mode": "exact",
        "placement_semantics": "exact_point",
        "shelter_id": 119,
        "candidate_source": "buildings",
        "time_bucket": "5min",
        "time_seconds": 300,
        "coordinates": "31.750483,34.993775",
        "nearest_building_dist_m": 0.0,
        "newly_covered_buildings": 14,
        "newly_covered_people_est": 98
      }
    },
    {
      "type": "Feature",
      "geometry": {
        "type": "Point",
        "coordinates": [
          34.99053900356354,
          31.73888236556207
        ]
      },
      "properties": {
        "rank": 59,
        "distance_metric": "graph",
        "placement_mode": "exact",
        "placement_semantics": "exact_point",
        "shelter_id": 292,
        "candidate_source": "buildings",
        "time_bucket": "5min",
        "time_seconds": 300,
        "coordinates": "31.738882,34.990539",
        "nearest_building_dist_m": 0.0,
        "newly_covered_buildings": 14,
        "newly_covered_people_est": 98
      }
    },
    {
      "type": "Feature",
      "geometry": {
        "type": "Point",
        "coordinates": [
          34.990607564598456,
          31.747409423719027
        ]
      },
      "properties": {
        "rank": 60,
        "distance_metric": "graph",
        "placement_mode": "exact",
        "placement_semantics": "exact_point",
        "shelter_id": 590,
        "candidate_source": "buildings",
        "time_bucket": "5min",
        "time_seconds": 300,
        "coordinates": "31.747409,34.990608",
        "nearest_building_dist_m": 0.0,
        "newly_covered_buildings": 14,
        "newly_covered_people_est": 98
      }
    },
    {
      "type": "Feature",
      "geometry": {
        "type": "Point",
        "coordinates": [
          34.99654899947321,
          31.712734600686645
        ]
      },
      "properties": {
        "rank": 61,
        "distance_metric": "graph",
        "placement_mode": "exact",
        "placement_semantics": "exact_point",
        "shelter_id": 937,
        "candidate_source": "network_nodes",
        "time_bucket": "5min",
        "time_seconds": 300,
        "coordinates": "31.712735,34.996549",
        "nearest_building_dist_m": 34.19,
        "newly_covered_buildings": 14,
        "newly_covered_people_est": 98
      }
    },
    {
      "type": "Feature",
      "geometry": {
        "type": "Point",
        "coordinates": [
          34.997154351650906,
          31.73586832695279
        ]
      },
      "properties": {
        "rank": 62,
        "distance_metric": "graph",
        "placement_mode": "exact",
        "placement_semantics": "exact_point",
        "shelter_id": 1337,
        "candidate_source": "network_nodes",
        "time_bucket": "5min",
        "time_seconds": 300,
        "coordinates": "31.735868,34.997154",
        "nearest_building_dist_m": 17.55,
        "newly_covered_buildings": 14,
        "newly_covered_people_est": 98
      }
    },
    {
      "type": "Feature",
      "geometry": {
        "type": "Point",
        "coordinates": [
          34.98495486999925,
          31.736635799997984
        ]
      },
      "properties": {
        "rank": 63,
        "distance_metric": "graph",
        "placement_mode": "exact",
        "placement_semantics": "exact_point",
        "shelter_id": 6,
        "candidate_source": "buildings",
        "time_bucket": "5min",
        "time_seconds": 300,
        "coordinates": "31.736636,34.984955",
        "nearest_building_dist_m": 0.0,
        "newly_covered_buildings": 13,
        "newly_covered_people_est": 91
      }
    },
    {
      "type": "Feature",
      "geometry": {
        "type": "Point",
        "coordinates": [
          34.99038619931622,
          31.75177237443409
        ]
      },
      "properties": {
        "rank": 64,
        "distance_metric": "graph",
        "placement_mode": "exact",
        "placement_semantics": "exact_point",
        "shelter_id": 53,
        "candidate_source": "buildings",
        "time_bucket": "5min",
        "time_seconds": 300,
        "coordinates": "31.751772,34.990386",
        "nearest_building_dist_m": 0.0,
        "newly_covered_buildings": 13,
        "newly_covered_people_est": 91
      }
    },
    {
      "type": "Feature",
      "geometry": {
        "type": "Point",
        "coordinates": [
          34.99549028799468,
          31.72857332597518
        ]
      },
      "properties": {
        "rank": 65,
        "distance_metric": "graph",
        "placement_mode": "exact",
        "placement_semantics": "exact_point",
        "shelter_id": 101,
        "candidate_source": "buildings",
        "time_bucket": "5min",
        "time_seconds": 300,
        "coordinates": "31.728573,34.995490",
        "nearest_building_dist_m": 0.0,
        "newly_covered_buildings": 13,
        "newly_covered_people_est": 91
      }
    },
    {
      "type": "Feature",
      "geometry": {
        "type": "Point",
        "coordinates": [
          35.001030988019735,
          31.70935646654826
        ]
      },
      "properties": {
        "rank": 66,
        "distance_metric": "graph",
        "placement_mode": "exact",
        "placement_semantics": "exact_point",
        "shelter_id": 248,
        "candidate_source": "buildings",
        "time_bucket": "5min",
        "time_seconds": 300,
        "coordinates": "31.709356,35.001031",
        "nearest_building_dist_m": 0.0,
        "newly_covered_buildings": 13,
        "newly_covered_people_est": 91
      }
    },
    {
      "type": "Feature",
      "geometry": {
        "type": "Point",
        "coordinates": [
          34.99261120814509,
          31.74480468828631
        ]
      },
      "properties": {
        "rank": 67,
        "distance_metric": "graph",
        "placement_mode": "exact",
        "placement_semantics": "exact_point",
        "shelter_id": 314,
        "candidate_source": "buildings",
        "time_bucket": "5min",
        "time_seconds": 300,
        "coordinates": "31.744805,34.992611",
        "nearest_building_dist_m": 0.0,
        "newly_covered_buildings": 13,
        "newly_covered_people_est": 91
      }
    },
    {
      "type": "Feature",
      "geometry": {
        "type": "Point",
        "coordinates": [
          34.98880879967056,
          31.71544726147114
        ]
      },
      "properties": {
        "rank": 68,
        "distance_metric": "graph",
        "placement_mode": "exact",
        "placement_semantics": "exact_point",
        "shelter_id": 488,
        "candidate_source": "buildings",
        "time_bucket": "5min",
        "time_seconds": 300,
        "coordinates": "31.715447,34.988809",
        "nearest_building_dist_m": 0.0,
        "newly_covered_buildings": 13,
        "newly_covered_people_est": 91
      }
    },
    {
      "type": "Feature",
      "geometry": {
        "type": "Point",
        "coordinates": [
          34.98234619947627,
          31.748218700682074
        ]
      },
      "properties": {
        "rank": 69,
        "distance_metric": "graph",
        "placement_mode": "exact",
        "placement_semantics": "exact_point",
        "shelter_id": 626,
        "candidate_source": "network_nodes",
        "time_bucket": "5min",
        "time_seconds": 300,
        "coordinates": "31.748219,34.982346",
        "nearest_building_dist_m": 26.04,
        "newly_covered_buildings": 13,
        "newly_covered_people_est": 91
      }
    },
    {
      "type": "Feature",
      "geometry": {
        "type": "Point",
        "coordinates": [
          34.99035799947348,
          31.71364200068617
        ]
      },
      "properties": {
        "rank": 70,
        "distance_metric": "graph",
        "placement_mode": "exact",
        "placement_semantics": "exact_point",
        "shelter_id": 751,
        "candidate_source": "network_nodes",
        "time_bucket": "5min",
        "time_seconds": 300,
        "coordinates": "31.713642,34.990358",
        "nearest_building_dist_m": 19.53,
        "newly_covered_buildings": 13,
        "newly_covered_people_est": 91
      }
    },
    {
      "type": "Feature",
      "geometry": {
        "type": "Point",
        "coordinates": [
          34.98083249947662,
          31.7527430006815
        ]
      },
      "properties": {
        "rank": 71,
        "distance_metric": "graph",
        "placement_mode": "exact",
        "placement_semantics": "exact_point",
        "shelter_id": 1677,
        "candidate_source": "network_nodes",
        "time_bucket": "5min",
        "time_seconds": 300,
        "coordinates": "31.752743,34.980832",
        "nearest_building_dist_m": 16.04,
        "newly_covered_buildings": 13,
        "newly_covered_people_est": 91
      }
    },
    {
      "type": "Feature",
      "geometry": {
        "type": "Point",
        "coordinates": [
          35.00123285659884,
          31.747993396944693
        ]
      },
      "properties": {
        "rank": 72,
        "distance_metric": "graph",
        "placement_mode": "exact",
        "placement_semantics": "exact_point",
        "shelter_id": 48,
        "candidate_source": "buildings",
        "time_bucket": "5min",
        "time_seconds": 300,
        "coordinates": "31.747993,35.001233",
        "nearest_building_dist_m": 0.0,
        "newly_covered_buildings": 12,
        "newly_covered_people_est": 84
      }
    },
    {
      "type": "Feature",
      "geometry": {
        "type": "Point",
        "coordinates": [
          34.98810007837193,
          31.705784542543874
        ]
      },
      "properties": {
        "rank": 73,
        "distance_metric": "graph",
        "placement_mode": "exact",
        "placement_semantics": "exact_point",
        "shelter_id": 74,
        "candidate_source": "buildings",
        "time_bucket": "5min",
        "time_seconds": 300,
        "coordinates": "31.705785,34.988100",
        "nearest_building_dist_m": 0.0,
        "newly_covered_buildings": 12,
        "newly_covered_people_est": 84
      }
    },
    {
      "type": "Feature",
      "geometry": {
        "type": "Point",
        "coordinates": [
          34.999009271048976,
          31.750345441866518
        ]
      },
      "properties": {
        "rank": 74,
        "distance_metric": "graph",
        "placement_mode": "exact",
        "placement_semantics": "exact_point",
        "shelter_id": 173,
        "candidate_source": "buildings",
        "time_bucket": "5min",
        "time_seconds": 300,
        "coordinates": "31.750345,34.999009",
        "nearest_building_dist_m": 0.0,
        "newly_covered_buildings": 12,
        "newly_covered_people_est": 84
      }
    },
    {
      "type": "Feature",
      "geometry": {
        "type": "Point",
        "coordinates": [
          34.988527475552104,
          31.736077819442293
        ]
      },
      "properties": {
        "rank": 75,
        "distance_metric": "graph",
        "placement_mode": "exact",
        "placement_semantics": "exact_point",
        "shelter_id": 180,
        "candidate_source": "buildings",
        "time_bucket": "5min",
        "time_seconds": 300,
        "coordinates": "31.736078,34.988527",
        "nearest_building_dist_m": 0.0,
        "newly_covered_buildings": 12,
        "newly_covered_people_est": 84
      }
    },
    {
      "type": "Feature",
      "geometry": {
        "type": "Point",
        "coordinates": [
          34.989782925942265,
          31.746406223289966
        ]
      },
      "properties": {
        "rank": 76,
        "distance_metric": "graph",
        "placement_mode": "exact",
        "placement_semantics": "exact_point",
        "shelter_id": 202,
        "candidate_source": "buildings",
        "time_bucket": "5min",
        "time_seconds": 300,
        "coordinates": "31.746406,34.989783",
        "nearest_building_dist_m": 0.0,
        "newly_covered_buildings": 12,
        "newly_covered_people_est": 84
      }
    },
    {
      "type": "Feature",
      "geometry": {
        "type": "Point",
        "coordinates": [
          34.98905197063075,
          31.723218483427022
        ]
      },
      "properties": {
        "rank": 77,
        "distance_metric": "graph",
        "placement_mode": "exact",
        "placement_semantics": "exact_point",
        "shelter_id": 389,
        "candidate_source": "buildings",
        "time_bucket": "5min",
        "time_seconds": 300,
        "coordinates": "31.723218,34.989052",
        "nearest_building_dist_m": 0.0,
        "newly_covered_buildings": 12,
        "newly_covered_people_est": 84
      }
    },
    {
      "type": "Feature",
      "geometry": {
        "type": "Point",
        "coordinates": [
          34.994526088980834,
          31.736833913638026
        ]
      },
      "properties": {
        "rank": 78,
        "distance_metric": "graph",
        "placement_mode": "exact",
        "placement_semantics": "exact_point",
        "shelter_id": 392,
        "candidate_source": "buildings",
        "time_bucket": "5min",
        "time_seconds": 300,
        "coordinates": "31.736834,34.994526",
        "nearest_building_dist_m": 0.0,
        "newly_covered_buildings": 12,
        "newly_covered_people_est": 84
      }
    },
    {
      "type": "Feature",
      "geometry": {
        "type": "Point",
        "coordinates": [
          34.992093382226436,
          31.73159555769174
        ]
      },
      "properties": {
        "rank": 79,
        "distance_metric": "graph",
        "placement_mode": "exact",
        "placement_semantics": "exact_point",
        "shelter_id": 443,
        "candidate_source": "buildings",
        "time_bucket": "5min",
        "time_seconds": 300,
        "coordinates": "31.731596,34.992093",
        "nearest_building_dist_m": 0.0,
        "newly_covered_buildings": 12,
        "newly_covered_people_est": 84
      }
    },
    {
      "type": "Feature",
      "geometry": {
        "type": "Point",
        "coordinates": [
          34.98627441889148,
          31.714138825796113
        ]
      },
      "properties": {
        "rank": 80,
        "distance_metric": "graph",
        "placement_mode": "exact",
        "placement_semantics": "exact_point",
        "shelter_id": 449,
        "candidate_source": "buildings",
        "time_bucket": "5min",
        "time_seconds": 300,
        "coordinates": "31.714139,34.986274",
        "nearest_building_dist_m": 0.0,
        "newly_covered_buildings": 12,
        "newly_covered_people_est": 84
      }
    },
    {
      "type": "Feature",
      "geometry": {
        "type": "Point",
        "coordinates": [
          34.99584065777803,
          31.703390914001776
        ]
      },
      "properties": {
        "rank": 81,
        "distance_metric": "graph",
        "placement_mode": "exact",
        "placement_semantics": "exact_point",
        "shelter_id": 546,
        "candidate_source": "buildings",
        "time_bucket": "5min",
        "time_seconds": 300,
        "coordinates": "31.703391,34.995841",
        "nearest_building_dist_m": 0.0,
        "newly_covered_buildings": 12,
        "newly_covered_people_est": 84
      }
    },
    {
      "type": "Feature",
      "geometry": {
        "type": "Point",
        "coordinates": [
          35.000437799473225,
          31.71478030068667
        ]
      },
      "properties": {
        "rank": 82,
        "distance_metric": "graph",
        "placement_mode": "exact",
        "placement_semantics": "exact_point",
        "shelter_id": 1171,
        "candidate_source": "network_nodes",
        "time_bucket": "5min",
        "time_seconds": 300,
        "coordinates": "31.714780,35.000438",
        "nearest_building_dist_m": 34.97,
        "newly_covered_buildings": 12,
        "newly_covered_people_est": 84
      }
    },
    {
      "type": "Feature",
      "geometry": {
        "type": "Point",
        "coordinates": [
          34.999411008332046,
          31.75110771942258
        ]
      },
      "properties": {
        "rank": 83,
        "distance_metric": "graph",
        "placement_mode": "exact",
        "placement_semantics": "exact_point",
        "shelter_id": 46,
        "candidate_source": "buildings",
        "time_bucket": "5min",
        "time_seconds": 300,
        "coordinates": "31.751108,34.999411",
        "nearest_building_dist_m": 0.0,
        "newly_covered_buildings": 11,
        "newly_covered_people_est": 77
      }
    },
    {
      "type": "Feature",
      "geometry": {
        "type": "Point",
        "coordinates": [
          34.98160327320577,
          31.702569134091785
        ]
      },
      "properties": {
        "rank": 84,
        "distance_metric": "graph",
        "placement_mode": "exact",
        "placement_semantics": "exact_point",
        "shelter_id": 76,
        "candidate_source": "buildings",
        "time_bucket": "5min",
        "time_seconds": 300,
        "coordinates": "31.702569,34.981603",
        "nearest_building_dist_m": 0.0,
        "newly_covered_buildings": 11,
        "newly_covered_people_est": 77
      }
    },
    {
      "type": "Feature",
      "geometry": {
        "type": "Point",
        "coordinates": [
          34.98525508974745,
          31.751433919708322
        ]
      },
      "properties": {
        "rank": 85,
        "distance_metric": "graph",
        "placement_mode": "exact",
        "placement_semantics": "exact_point",
        "shelter_id": 108,
        "candidate_source": "buildings",
        "time_bucket": "5min",
        "time_seconds": 300,
        "coordinates": "31.751434,34.985255",
        "nearest_building_dist_m": 0.0,
        "newly_covered_buildings": 11,
        "newly_covered_people_est": 77
      }
    },
    {
      "type": "Feature",
      "geometry": {
        "type": "Point",
        "coordinates": [
          34.99588324173043,
          31.73917003481482
        ]
      },
      "properties": {
        "rank": 86,
        "distance_metric": "graph",
        "placement_mode": "exact",
        "placement_semantics": "exact_point",
        "shelter_id": 136,
        "candidate_source": "buildings",
        "time_bucket": "5min",
        "time_seconds": 300,
        "coordinates": "31.739170,34.995883",
        "nearest_building_dist_m": 0.0,
        "newly_covered_buildings": 11,
        "newly_covered_people_est": 77
      }
    },
    {
      "type": "Feature",
      "geometry": {
        "type": "Point",
        "coordinates": [
          34.9913035387803,
          31.75362416697486
        ]
      },
      "properties": {
        "rank": 87,
        "distance_metric": "graph",
        "placement_mode": "exact",
        "placement_semantics": "exact_point",
        "shelter_id": 188,
        "candidate_source": "buildings",
        "time_bucket": "5min",
        "time_seconds": 300,
        "coordinates": "31.753624,34.991304",
        "nearest_building_dist_m": 0.0,
        "newly_covered_buildings": 11,
        "newly_covered_people_est": 77
      }
    },
    {
      "type": "Feature",
      "geometry": {
        "type": "Point",
        "coordinates": [
          34.99776772629801,
          31.737764112553982
        ]
      },
      "properties": {
        "rank": 88,
        "distance_metric": "graph",
        "placement_mode": "exact",
        "placement_semantics": "exact_point",
        "shelter_id": 218,
        "candidate_source": "buildings",
        "time_bucket": "5min",
        "time_seconds": 300,
        "coordinates": "31.737764,34.997768",
        "nearest_building_dist_m": 0.0,
        "newly_covered_buildings": 11,
        "newly_covered_people_est": 77
      }
    },
    {
      "type": "Feature",
      "geometry": {
        "type": "Point",
        "coordinates": [
          34.9921938939342,
          31.726684094190343
        ]
      },
      "properties": {
        "rank": 89,
        "distance_metric": "graph",
        "placement_mode": "exact",
        "placement_semantics": "exact_point",
        "shelter_id": 337,
        "candidate_source": "buildings",
        "time_bucket": "5min",
        "time_seconds": 300,
        "coordinates": "31.726684,34.992194",
        "nearest_building_dist_m": 0.0,
        "newly_covered_buildings": 11,
        "newly_covered_people_est": 77
      }
    },
    {
      "type": "Feature",
      "geometry": {
        "type": "Point",
        "coordinates": [
          34.99739941861976,
          31.714895477160233
        ]
      },
      "properties": {
        "rank": 90,
        "distance_metric": "graph",
        "placement_mode": "exact",
        "placement_semantics": "exact_point",
        "shelter_id": 350,
        "candidate_source": "buildings",
        "time_bucket": "5min",
        "time_seconds": 300,
        "coordinates": "31.714895,34.997399",
        "nearest_building_dist_m": 0.0,
        "newly_covered_buildings": 11,
        "newly_covered_people_est": 77
      }
    },
    {
      "type": "Feature",
      "geometry": {
        "type": "Point",
        "coordinates": [
          34.99519362338094,
          31.74844675489763
        ]
      },
      "properties": {
        "rank": 91,
        "distance_metric": "graph",
        "placement_mode": "exact",
        "placement_semantics": "exact_point",
        "shelter_id": 434,
        "candidate_source": "buildings",
        "time_bucket": "5min",
        "time_seconds": 300,
        "coordinates": "31.748447,34.995194",
        "nearest_building_dist_m": 0.0,
        "newly_covered_buildings": 11,
        "newly_covered_people_est": 77
      }
    },
    {
      "type": "Feature",
      "geometry": {
        "type": "Point",
        "coordinates": [
          34.990881071714526,
          31.730685447933684
        ]
      },
      "properties": {
        "rank": 92,
        "distance_metric": "graph",
        "placement_mode": "exact",
        "placement_semantics": "exact_point",
        "shelter_id": 440,
        "candidate_source": "buildings",
        "time_bucket": "5min",
        "time_seconds": 300,
        "coordinates": "31.730685,34.990881",
        "nearest_building_dist_m": 0.0,
        "newly_covered_buildings": 11,
        "newly_covered_people_est": 77
      }
    },
    {
      "type": "Feature",
      "geometry": {
        "type": "Point",
        "coordinates": [
          34.99559848821693,
          31.72411468544676
        ]
      },
      "properties": {
        "rank": 93,
        "distance_metric": "graph",
        "placement_mode": "exact",
        "placement_semantics": "exact_point",
        "shelter_id": 448,
        "candidate_source": "buildings",
        "time_bucket": "5min",
        "time_seconds": 300,
        "coordinates": "31.724115,34.995598",
        "nearest_building_dist_m": 0.0,
        "newly_covered_buildings": 11,
        "newly_covered_people_est": 77
      }
    },
    {
      "type": "Feature",
      "geometry": {
        "type": "Point",
        "coordinates": [
          34.97660009947615,
          31.74422230068214
        ]
      },
      "properties": {
        "rank": 94,
        "distance_metric": "graph",
        "placement_mode": "exact",
        "placement_semantics": "exact_point",
        "shelter_id": 610,
        "candidate_source": "network_nodes",
        "time_bucket": "5min",
        "time_seconds": 300,
        "coordinates": "31.744222,34.976600",
        "nearest_building_dist_m": 21.91,
        "newly_covered_buildings": 11,
        "newly_covered_people_est": 77
      }
    },
    {
      "type": "Feature",
      "geometry": {
        "type": "Point",
        "coordinates": [
          34.99304689947328,
          31.71196650068651
        ]
      },
      "properties": {
        "rank": 95,
        "distance_metric": "graph",
        "placement_mode": "exact",
        "placement_semantics": "exact_point",
        "shelter_id": 699,
        "candidate_source": "network_nodes",
        "time_bucket": "5min",
        "time_seconds": 300,
        "coordinates": "31.711967,34.993047",
        "nearest_building_dist_m": 58.4,
        "newly_covered_buildings": 11,
        "newly_covered_people_est": 77
      }
    },
    {
      "type": "Feature",
      "geometry": {
        "type": "Point",
        "coordinates": [
          34.99598049947346,
          31.71603650068626
        ]
      },
      "properties": {
        "rank": 96,
        "distance_metric": "graph",
        "placement_mode": "exact",
        "placement_semantics": "exact_point",
        "shelter_id": 735,
        "candidate_source": "network_nodes",
        "time_bucket": "5min",
        "time_seconds": 300,
        "coordinates": "31.716037,34.995980",
        "nearest_building_dist_m": 35.86,
        "newly_covered_buildings": 11,
        "newly_covered_people_est": 77
      }
    },
    {
      "type": "Feature",
      "geometry": {
        "type": "Point",
        "coordinates": [
          34.985048499474054,
          31.7189652006853
        ]
      },
      "properties": {
        "rank": 97,
        "distance_metric": "graph",
        "placement_mode": "exact",
        "placement_semantics": "exact_point",
        "shelter_id": 895,
        "candidate_source": "network_nodes",
        "time_bucket": "5min",
        "time_seconds": 300,
        "coordinates": "31.718965,34.985048",
        "nearest_building_dist_m": 31.28,
        "newly_covered_buildings": 11,
        "newly_covered_people_est": 77
      }
    },
    {
      "type": "Feature",
      "geometry": {
        "type": "Point",
        "coordinates": [
          34.992505799473356,
          31.712821200686374
        ]
      },
      "properties": {
        "rank": 98,
        "distance_metric": "graph",
        "placement_mode": "exact",
        "placement_semantics": "exact_point",
        "shelter_id": 1189,
        "candidate_source": "network_nodes",
        "time_bucket": "5min",
        "time_seconds": 300,
        "coordinates": "31.712821,34.992506",
        "nearest_building_dist_m": 9.96,
        "newly_covered_buildings": 11,
        "newly_covered_people_est": 77
      }
    },
    {
      "type": "Feature",
      "geometry": {
        "type": "Point",
        "coordinates": [
          34.982695106003916,
          31.70505698831071
        ]
      },
      "properties": {
        "rank": 99,
        "distance_metric": "graph",
        "placement_mode": "exact",
        "placement_semantics": "exact_point",
        "shelter_id": 1577,
        "candidate_source": "network_nodes",
        "time_bucket": "5min",
        "time_seconds": 300,
        "coordinates": "31.705057,34.982695",
        "nearest_building_dist_m": 12.16,
        "newly_covered_buildings": 11,
        "newly_covered_people_est": 77
      }
    },
    {
      "type": "Feature",
      "geometry": {
        "type": "Point",
        "coordinates": [
          34.99990868059446,
          31.744713812355375
        ]
      },
      "properties": {
        "rank": 100,
        "distance_metric": "graph",
        "placement_mode": "exact",
        "placement_semantics": "exact_point",
        "shelter_id": 62,
        "candidate_source": "buildings",
        "time_bucket": "5min",
        "time_seconds": 300,
        "coordinates": "31.744714,34.999909",
        "nearest_building_dist_m": 0.0,
        "newly_covered_buildings": 10,
        "newly_covered_people_est": 70
      }
    },
    {
      "type": "Feature",
      "geometry": {
        "type": "Point",
        "coordinates": [
          35.000177968337766,
          31.73709590788832
        ]
      },
      "properties": {
        "rank": 101,
        "distance_metric": "graph",
        "placement_mode": "exact",
        "placement_semantics": "exact_point",
        "shelter_id": 298,
        "candidate_source": "buildings",
        "time_bucket": "5min",
        "time_seconds": 300,
        "coordinates": "31.737096,35.000178",
        "nearest_building_dist_m": 0.0,
        "newly_covered_buildings": 10,
        "newly_covered_people_est": 70
      }
    },
    {
      "type": "Feature",
      "geometry": {
        "type": "Point",
        "coordinates": [
          34.97717646909994,
          31.738494821322984
        ]
      },
      "properties": {
        "rank": 102,
        "distance_metric": "graph",
        "placement_mode": "exact",
        "placement_semantics": "exact_point",
        "shelter_id": 428,
        "candidate_source": "buildings",
        "time_bucket": "5min",
        "time_seconds": 300,
        "coordinates": "31.738495,34.977176",
        "nearest_building_dist_m": 0.0,
        "newly_covered_buildings": 10,
        "newly_covered_people_est": 70
      }
    },
    {
      "type": "Feature",
      "geometry": {
        "type": "Point",
        "coordinates": [
          34.98003169947647,
          31.750367900681717
        ]
      },
      "properties": {
        "rank": 103,
        "distance_metric": "graph",
        "placement_mode": "exact",
        "placement_semantics": "exact_point",
        "shelter_id": 618,
        "candidate_source": "network_nodes",
        "time_bucket": "5min",
        "time_seconds": 300,
        "coordinates": "31.750368,34.980032",
        "nearest_building_dist_m": 25.48,
        "newly_covered_buildings": 10,
        "newly_covered_people_est": 70
      }
    },
    {
      "type": "Feature",
      "geometry": {
        "type": "Point",
        "coordinates": [
          35.00323869947287,
          31.711164900687212
        ]
      },
      "properties": {
        "rank": 104,
        "distance_metric": "graph",
        "placement_mode": "exact",
        "placement_semantics": "exact_point",
        "shelter_id": 1156,
        "candidate_source": "network_nodes",
        "time_bucket": "5min",
        "time_seconds": 300,
        "coordinates": "31.711165,35.003239",
        "nearest_building_dist_m": 30.85,
        "newly_covered_buildings": 10,
        "newly_covered_people_est": 70
      }
    },
    {
      "type": "Feature",
      "geometry": {
        "type": "Point",
        "coordinates": [
          34.979835199145406,
          31.70475049744319
        ]
      },
      "properties": {
        "rank": 105,
        "distance_metric": "graph",
        "placement_mode": "exact",
        "placement_semantics": "exact_point",
        "shelter_id": 1345,
        "candidate_source": "network_nodes",
        "time_bucket": "5min",
        "time_seconds": 300,
        "coordinates": "31.704750,34.979835",
        "nearest_building_dist_m": 8.91,
        "newly_covered_buildings": 10,
        "newly_covered_people_est": 70
      }
    },
    {
      "type": "Feature",
      "geometry": {
        "type": "Point",
        "coordinates": [
          34.99597430982497,
          31.729039221771405
        ]
      },
      "properties": {
        "rank": 106,
        "distance_metric": "graph",
        "placement_mode": "exact",
        "placement_semantics": "exact_point",
        "shelter_id": 99,
        "candidate_source": "buildings",
        "time_bucket": "5min",
        "time_seconds": 300,
        "coordinates": "31.729039,34.995974",
        "nearest_building_dist_m": 0.0,
        "newly_covered_buildings": 9,
        "newly_covered_people_est": 63
      }
    },
    {
      "type": "Feature",
      "geometry": {
        "type": "Point",
        "coordinates": [
          34.97835714678823,
          31.736489448259967
        ]
      },
      "properties": {
        "rank": 107,
        "distance_metric": "graph",
        "placement_mode": "exact",
        "placement_semantics": "exact_point",
        "shelter_id": 106,
        "candidate_source": "buildings",
        "time_bucket": "5min",
        "time_seconds": 300,
        "coordinates": "31.736489,34.978357",
        "nearest_building_dist_m": 0.0,
        "newly_covered_buildings": 9,
        "newly_covered_people_est": 63
      }
    },
    {
      "type": "Feature",
      "geometry": {
        "type": "Point",
        "coordinates": [
          34.99125499163301,
          31.736187457464652
        ]
      },
      "properties": {
        "rank": 108,
        "distance_metric": "graph",
        "placement_mode": "exact",
        "placement_semantics": "exact_point",
        "shelter_id": 161,
        "candidate_source": "buildings",
        "time_bucket": "5min",
        "time_seconds": 300,
        "coordinates": "31.736187,34.991255",
        "nearest_building_dist_m": 0.0,
        "newly_covered_buildings": 9,
        "newly_covered_people_est": 63
      }
    },
    {
      "type": "Feature",
      "geometry": {
        "type": "Point",
        "coordinates": [
          34.991927864148224,
          31.745842139726328
        ]
      },
      "properties": {
        "rank": 109,
        "distance_metric": "graph",
        "placement_mode": "exact",
        "placement_semantics": "exact_point",
        "shelter_id": 366,
        "candidate_source": "buildings",
        "time_bucket": "5min",
        "time_seconds": 300,
        "coordinates": "31.745842,34.991928",
        "nearest_building_dist_m": 0.0,
        "newly_covered_buildings": 9,
        "newly_covered_people_est": 63
      }
    },
    {
      "type": "Feature",
      "geometry": {
        "type": "Point",
        "coordinates": [
          34.993780760688374,
          31.739733360926632
        ]
      },
      "properties": {
        "rank": 110,
        "distance_metric": "graph",
        "placement_mode": "exact",
        "placement_semantics": "exact_point",
        "shelter_id": 422,
        "candidate_source": "buildings",
        "time_bucket": "5min",
        "time_seconds": 300,
        "coordinates": "31.739733,34.993781",
        "nearest_building_dist_m": 0.0,
        "newly_covered_buildings": 9,
        "newly_covered_people_est": 63
      }
    },
    {
      "type": "Feature",
      "geometry": {
        "type": "Point",
        "coordinates": [
          34.99338164172522,
          31.709787870322643
        ]
      },
      "properties": {
        "rank": 111,
        "distance_metric": "graph",
        "placement_mode": "exact",
        "placement_semantics": "exact_point",
        "shelter_id": 494,
        "candidate_source": "buildings",
        "time_bucket": "5min",
        "time_seconds": 300,
        "coordinates": "31.709788,34.993382",
        "nearest_building_dist_m": 0.0,
        "newly_covered_buildings": 9,
        "newly_covered_people_est": 63
      }
    },
    {
      "type": "Feature",
      "geometry": {
        "type": "Point",
        "coordinates": [
          34.99215796710862,
          31.713989914082667
        ]
      },
      "properties": {
        "rank": 112,
        "distance_metric": "graph",
        "placement_mode": "exact",
        "placement_semantics": "exact_point",
        "shelter_id": 524,
        "candidate_source": "buildings",
        "time_bucket": "5min",
        "time_seconds": 300,
        "coordinates": "31.713990,34.992158",
        "nearest_building_dist_m": 0.0,
        "newly_covered_buildings": 9,
        "newly_covered_people_est": 63
      }
    },
    {
      "type": "Feature",
      "geometry": {
        "type": "Point",
        "coordinates": [
          34.98642369947555,
          31.74029580068314
        ]
      },
      "properties": {
        "rank": 113,
        "distance_metric": "graph",
        "placement_mode": "exact",
        "placement_semantics": "exact_point",
        "shelter_id": 622,
        "candidate_source": "network_nodes",
        "time_bucket": "5min",
        "time_seconds": 300,
        "coordinates": "31.740296,34.986424",
        "nearest_building_dist_m": 27.75,
        "newly_covered_buildings": 9,
        "newly_covered_people_est": 63
      }
    },
    {
      "type": "Feature",
      "geometry": {
        "type": "Point",
        "coordinates": [
          34.98851049947614,
          31.749605700682295
        ]
      },
      "properties": {
        "rank": 114,
        "distance_metric": "graph",
        "placement_mode": "exact",
        "placement_semantics": "exact_point",
        "shelter_id": 624,
        "candidate_source": "network_nodes",
        "time_bucket": "5min",
        "time_seconds": 300,
        "coordinates": "31.749606,34.988510",
        "nearest_building_dist_m": 14.8,
        "newly_covered_buildings": 9,
        "newly_covered_people_est": 63
      }
    },
    {
      "type": "Feature",
      "geometry": {
        "type": "Point",
        "coordinates": [
          34.97764989947551,
          31.73586030068307
        ]
      },
      "properties": {
        "rank": 115,
        "distance_metric": "graph",
        "placement_mode": "exact",
        "placement_semantics": "exact_point",
        "shelter_id": 629,
        "candidate_source": "network_nodes",
        "time_bucket": "5min",
        "time_seconds": 300,
        "coordinates": "31.735860,34.977650",
        "nearest_building_dist_m": 26.83,
        "newly_covered_buildings": 9,
        "newly_covered_people_est": 63
      }
    },
    {
      "type": "Feature",
      "geometry": {
        "type": "Point",
        "coordinates": [
          34.99210970281401,
          31.717019668421095
        ]
      },
      "properties": {
        "rank": 116,
        "distance_metric": "graph",
        "placement_mode": "exact",
        "placement_semantics": "exact_point",
        "shelter_id": 1609,
        "candidate_source": "network_nodes",
        "time_bucket": "5min",
        "time_seconds": 300,
        "coordinates": "31.717020,34.992110",
        "nearest_building_dist_m": 25.35,
        "newly_covered_buildings": 9,
        "newly_covered_people_est": 63
      }
    },
    {
      "type": "Feature",
      "geometry": {
        "type": "Point",
        "coordinates": [
          34.98856833844481,
          31.75226325392333
        ]
      },
      "properties": {
        "rank": 117,
        "distance_metric": "graph",
        "placement_mode": "exact",
        "placement_semantics": "exact_point",
        "shelter_id": 1,
        "candidate_source": "buildings",
        "time_bucket": "5min",
        "time_seconds": 300,
        "coordinates": "31.752263,34.988568",
        "nearest_building_dist_m": 0.0,
        "newly_covered_buildings": 8,
        "newly_covered_people_est": 56
      }
    },
    {
      "type": "Feature",
      "geometry": {
        "type": "Point",
        "coordinates": [
          34.999476318817344,
          31.74843444411611
        ]
      },
      "properties": {
        "rank": 118,
        "distance_metric": "graph",
        "placement_mode": "exact",
        "placement_semantics": "exact_point",
        "shelter_id": 57,
        "candidate_source": "buildings",
        "time_bucket": "5min",
        "time_seconds": 300,
        "coordinates": "31.748434,34.999476",
        "nearest_building_dist_m": 0.0,
        "newly_covered_buildings": 8,
        "newly_covered_people_est": 56
      }
    },
    {
      "type": "Feature",
      "geometry": {
        "type": "Point",
        "coordinates": [
          34.99788691757954,
          31.743202720568124
        ]
      },
      "properties": {
        "rank": 119,
        "distance_metric": "graph",
        "placement_mode": "exact",
        "placement_semantics": "exact_point",
        "shelter_id": 65,
        "candidate_source": "buildings",
        "time_bucket": "5min",
        "time_seconds": 300,
        "coordinates": "31.743203,34.997887",
        "nearest_building_dist_m": 0.0,
        "newly_covered_buildings": 8,
        "newly_covered_people_est": 56
      }
    },
    {
      "type": "Feature",
      "geometry": {
        "type": "Point",
        "coordinates": [
          34.99903190838595,
          31.738073465731393
        ]
      },
      "properties": {
        "rank": 120,
        "distance_metric": "graph",
        "placement_mode": "exact",
        "placement_semantics": "exact_point",
        "shelter_id": 126,
        "candidate_source": "buildings",
        "time_bucket": "5min",
        "time_seconds": 300,
        "coordinates": "31.738073,34.999032",
        "nearest_building_dist_m": 0.0,
        "newly_covered_buildings": 8,
        "newly_covered_people_est": 56
      }
    },
    {
      "type": "Feature",
      "geometry": {
        "type": "Point",
        "coordinates": [
          34.995628435282946,
          31.741681430509352
        ]
      },
      "properties": {
        "rank": 121,
        "distance_metric": "graph",
        "placement_mode": "exact",
        "placement_semantics": "exact_point",
        "shelter_id": 131,
        "candidate_source": "buildings",
        "time_bucket": "5min",
        "time_seconds": 300,
        "coordinates": "31.741681,34.995628",
        "nearest_building_dist_m": 0.0,
        "newly_covered_buildings": 8,
        "newly_covered_people_est": 56
      }
    },
    {
      "type": "Feature",
      "geometry": {
        "type": "Point",
        "coordinates": [
          34.983297988802285,
          31.70337990346077
        ]
      },
      "properties": {
        "rank": 122,
        "distance_metric": "graph",
        "placement_mode": "exact",
        "placement_semantics": "exact_point",
        "shelter_id": 209,
        "candidate_source": "buildings",
        "time_bucket": "5min",
        "time_seconds": 300,
        "coordinates": "31.703380,34.983298",
        "nearest_building_dist_m": 0.0,
        "newly_covered_buildings": 8,
        "newly_covered_people_est": 56
      }
    },
    {
      "type": "Feature",
      "geometry": {
        "type": "Point",
        "coordinates": [
          34.98828343888074,
          31.715930851851052
        ]
      },
      "properties": {
        "rank": 123,
        "distance_metric": "graph",
        "placement_mode": "exact",
        "placement_semantics": "exact_point",
        "shelter_id": 246,
        "candidate_source": "buildings",
        "time_bucket": "5min",
        "time_seconds": 300,
        "coordinates": "31.715931,34.988283",
        "nearest_building_dist_m": 0.0,
        "newly_covered_buildings": 8,
        "newly_covered_people_est": 56
      }
    },
    {
      "type": "Feature",
      "geometry": {
        "type": "Point",
        "coordinates": [
          34.97693932280714,
          31.73878555316198
        ]
      },
      "properties": {
        "rank": 124,
        "distance_metric": "graph",
        "placement_mode": "exact",
        "placement_semantics": "exact_point",
        "shelter_id": 311,
        "candidate_source": "buildings",
        "time_bucket": "5min",
        "time_seconds": 300,
        "coordinates": "31.738786,34.976939",
        "nearest_building_dist_m": 0.0,
        "newly_covered_buildings": 8,
        "newly_covered_people_est": 56
      }
    },
    {
      "type": "Feature",
      "geometry": {
        "type": "Point",
        "coordinates": [
          34.98379489015089,
          31.749065504812062
        ]
      },
      "properties": {
        "rank": 125,
        "distance_metric": "graph",
        "placement_mode": "exact",
        "placement_semantics": "exact_point",
        "shelter_id": 402,
        "candidate_source": "buildings",
        "time_bucket": "5min",
        "time_seconds": 300,
        "coordinates": "31.749066,34.983795",
        "nearest_building_dist_m": 0.0,
        "newly_covered_buildings": 8,
        "newly_covered_people_est": 56
      }
    },
    {
      "type": "Feature",
      "geometry": {
        "type": "Point",
        "coordinates": [
          35.00042845395521,
          31.737297093756865
        ]
      },
      "properties": {
        "rank": 126,
        "distance_metric": "graph",
        "placement_mode": "exact",
        "placement_semantics": "exact_point",
        "shelter_id": 508,
        "candidate_source": "buildings",
        "time_bucket": "5min",
        "time_seconds": 300,
        "coordinates": "31.737297,35.000428",
        "nearest_building_dist_m": 0.0,
        "newly_covered_buildings": 8,
        "newly_covered_people_est": 56
      }
    },
    {
      "type": "Feature",
      "geometry": {
        "type": "Point",
        "coordinates": [
          34.99616536041211,
          31.752620846675285
        ]
      },
      "properties": {
        "rank": 127,
        "distance_metric": "graph",
        "placement_mode": "exact",
        "placement_semantics": "exact_point",
        "shelter_id": 585,
        "candidate_source": "buildings",
        "time_bucket": "5min",
        "time_seconds": 300,
        "coordinates": "31.752621,34.996165",
        "nearest_building_dist_m": 0.0,
        "newly_covered_buildings": 8,
        "newly_covered_people_est": 56
      }
    },
    {
      "type": "Feature",
      "geometry": {
        "type": "Point",
        "coordinates": [
          34.97533939947593,
          31.740629100682447
        ]
      },
      "properties": {
        "rank": 128,
        "distance_metric": "graph",
        "placement_mode": "exact",
        "placement_semantics": "exact_point",
        "shelter_id": 628,
        "candidate_source": "network_nodes",
        "time_bucket": "5min",
        "time_seconds": 300,
        "coordinates": "31.740629,34.975339",
        "nearest_building_dist_m": 40.34,
        "newly_covered_buildings": 8,
        "newly_covered_people_est": 56
      }
    },
    {
      "type": "Feature",
      "geometry": {
        "type": "Point",
        "coordinates": [
          34.988820899473076,
          31.707353000686737
        ]
      },
      "properties": {
        "rank": 129,
        "distance_metric": "graph",
        "placement_mode": "exact",
        "placement_semantics": "exact_point",
        "shelter_id": 804,
        "candidate_source": "network_nodes",
        "time_bucket": "5min",
        "time_seconds": 300,
        "coordinates": "31.707353,34.988821",
        "nearest_building_dist_m": 37.05,
        "newly_covered_buildings": 8,
        "newly_covered_people_est": 56
      }
    },
    {
      "type": "Feature",
      "geometry": {
        "type": "Point",
        "coordinates": [
          34.99918609947269,
          31.70668910068744
        ]
      },
      "properties": {
        "rank": 130,
        "distance_metric": "graph",
        "placement_mode": "exact",
        "placement_semantics": "exact_point",
        "shelter_id": 836,
        "candidate_source": "network_nodes",
        "time_bucket": "5min",
        "time_seconds": 300,
        "coordinates": "31.706689,34.999186",
        "nearest_building_dist_m": 23.11,
        "newly_covered_buildings": 8,
        "newly_covered_people_est": 56
      }
    },
    {
      "type": "Feature",
      "geometry": {
        "type": "Point",
        "coordinates": [
          34.967507999474236,
          31.713607800684777
        ]
      },
      "properties": {
        "rank": 131,
        "distance_metric": "graph",
        "placement_mode": "exact",
        "placement_semantics": "exact_point",
        "shelter_id": 1244,
        "candidate_source": "network_nodes",
        "time_bucket": "5min",
        "time_seconds": 300,
        "coordinates": "31.713608,34.967508",
        "nearest_building_dist_m": 24.78,
        "newly_covered_buildings": 8,
        "newly_covered_people_est": 56
      }
    },
    {
      "type": "Feature",
      "geometry": {
        "type": "Point",
        "coordinates": [
          34.98971599947287,
          31.704835900687055
        ]
      },
      "properties": {
        "rank": 132,
        "distance_metric": "graph",
        "placement_mode": "exact",
        "placement_semantics": "exact_point",
        "shelter_id": 1699,
        "candidate_source": "network_nodes",
        "time_bucket": "5min",
        "time_seconds": 300,
        "coordinates": "31.704836,34.989716",
        "nearest_building_dist_m": 17.2,
        "newly_covered_buildings": 8,
        "newly_covered_people_est": 56
      }
    },
    {
      "type": "Feature",
      "geometry": {
        "type": "Point",
        "coordinates": [
          34.99362957301336,
          31.70335393005163
        ]
      },
      "properties": {
        "rank": 133,
        "distance_metric": "graph",
        "placement_mode": "exact",
        "placement_semantics": "exact_point",
        "shelter_id": 1703,
        "candidate_source": "network_nodes",
        "time_bucket": "5min",
        "time_seconds": 300,
        "coordinates": "31.703354,34.993630",
        "nearest_building_dist_m": 17.84,
        "newly_covered_buildings": 8,
        "newly_covered_people_est": 56
      }
    },
    {
      "type": "Feature",
      "geometry": {
        "type": "Point",
        "coordinates": [
          34.990163404063644,
          31.74660919848301
        ]
      },
      "properties": {
        "rank": 134,
        "distance_metric": "graph",
        "placement_mode": "exact",
        "placement_semantics": "exact_point",
        "shelter_id": 13,
        "candidate_source": "buildings",
        "time_bucket": "5min",
        "time_seconds": 300,
        "coordinates": "31.746609,34.990163",
        "nearest_building_dist_m": 0.0,
        "newly_covered_buildings": 7,
        "newly_covered_people_est": 49
      }
    },
    {
      "type": "Feature",
      "geometry": {
        "type": "Point",
        "coordinates": [
          34.98867597458928,
          31.70516882126948
        ]
      },
      "properties": {
        "rank": 135,
        "distance_metric": "graph",
        "placement_mode": "exact",
        "placement_semantics": "exact_point",
        "shelter_id": 34,
        "candidate_source": "buildings",
        "time_bucket": "5min",
        "time_seconds": 300,
        "coordinates": "31.705169,34.988676",
        "nearest_building_dist_m": 0.0,
        "newly_covered_buildings": 7,
        "newly_covered_people_est": 49
      }
    },
    {
      "type": "Feature",
      "geometry": {
        "type": "Point",
        "coordinates": [
          34.99450778651747,
          31.75161582381823
        ]
      },
      "properties": {
        "rank": 136,
        "distance_metric": "graph",
        "placement_mode": "exact",
        "placement_semantics": "exact_point",
        "shelter_id": 51,
        "candidate_source": "buildings",
        "time_bucket": "5min",
        "time_seconds": 300,
        "coordinates": "31.751616,34.994508",
        "nearest_building_dist_m": 0.0,
        "newly_covered_buildings": 7,
        "newly_covered_people_est": 49
      }
    },
    {
      "type": "Feature",
      "geometry": {
        "type": "Point",
        "coordinates": [
          34.994650567330076,
          31.739283967080187
        ]
      },
      "properties": {
        "rank": 137,
        "distance_metric": "graph",
        "placement_mode": "exact",
        "placement_semantics": "exact_point",
        "shelter_id": 147,
        "candidate_source": "buildings",
        "time_bucket": "5min",
        "time_seconds": 300,
        "coordinates": "31.739284,34.994651",
        "nearest_building_dist_m": 0.0,
        "newly_covered_buildings": 7,
        "newly_covered_people_est": 49
      }
    },
    {
      "type": "Feature",
      "geometry": {
        "type": "Point",
        "coordinates": [
          34.989476955443976,
          31.714049108408023
        ]
      },
      "properties": {
        "rank": 138,
        "distance_metric": "graph",
        "placement_mode": "exact",
        "placement_semantics": "exact_point",
        "shelter_id": 222,
        "candidate_source": "buildings",
        "time_bucket": "5min",
        "time_seconds": 300,
        "coordinates": "31.714049,34.989477",
        "nearest_building_dist_m": 0.0,
        "newly_covered_buildings": 7,
        "newly_covered_people_est": 49
      }
    },
    {
      "type": "Feature",
      "geometry": {
        "type": "Point",
        "coordinates": [
          34.98206977894982,
          31.71463645775094
        ]
      },
      "properties": {
        "rank": 139,
        "distance_metric": "graph",
        "placement_mode": "exact",
        "placement_semantics": "exact_point",
        "shelter_id": 286,
        "candidate_source": "buildings",
        "time_bucket": "5min",
        "time_seconds": 300,
        "coordinates": "31.714636,34.982070",
        "nearest_building_dist_m": 0.0,
        "newly_covered_buildings": 7,
        "newly_covered_people_est": 49
      }
    },
    {
      "type": "Feature",
      "geometry": {
        "type": "Point",
        "coordinates": [
          34.9908520498183,
          31.738888541603217
        ]
      },
      "properties": {
        "rank": 140,
        "distance_metric": "graph",
        "placement_mode": "exact",
        "placement_semantics": "exact_point",
        "shelter_id": 317,
        "candidate_source": "buildings",
        "time_bucket": "5min",
        "time_seconds": 300,
        "coordinates": "31.738889,34.990852",
        "nearest_building_dist_m": 0.0,
        "newly_covered_buildings": 7,
        "newly_covered_people_est": 49
      }
    },
    {
      "type": "Feature",
      "geometry": {
        "type": "Point",
        "coordinates": [
          34.98416009735796,
          31.74076312567569
        ]
      },
      "properties": {
        "rank": 141,
        "distance_metric": "graph",
        "placement_mode": "exact",
        "placement_semantics": "exact_point",
        "shelter_id": 386,
        "candidate_source": "buildings",
        "time_bucket": "5min",
        "time_seconds": 300,
        "coordinates": "31.740763,34.984160",
        "nearest_building_dist_m": 0.0,
        "newly_covered_buildings": 7,
        "newly_covered_people_est": 49
      }
    },
    {
      "type": "Feature",
      "geometry": {
        "type": "Point",
        "coordinates": [
          34.98306909886357,
          31.701803958852633
        ]
      },
      "properties": {
        "rank": 142,
        "distance_metric": "graph",
        "placement_mode": "exact",
        "placement_semantics": "exact_point",
        "shelter_id": 551,
        "candidate_source": "buildings",
        "time_bucket": "5min",
        "time_seconds": 300,
        "coordinates": "31.701804,34.983069",
        "nearest_building_dist_m": 0.0,
        "newly_covered_buildings": 7,
        "newly_covered_people_est": 49
      }
    },
    {
      "type": "Feature",
      "geometry": {
        "type": "Point",
        "coordinates": [
          34.99446316778191,
          31.74615857918338
        ]
      },
      "properties": {
        "rank": 143,
        "distance_metric": "graph",
        "placement_mode": "exact",
        "placement_semantics": "exact_point",
        "shelter_id": 578,
        "candidate_source": "buildings",
        "time_bucket": "5min",
        "time_seconds": 300,
        "coordinates": "31.746159,34.994463",
        "nearest_building_dist_m": 0.0,
        "newly_covered_buildings": 7,
        "newly_covered_people_est": 49
      }
    },
    {
      "type": "Feature",
      "geometry": {
        "type": "Point",
        "coordinates": [
          34.97453295140168,
          31.69867223549347
        ]
      },
      "properties": {
        "rank": 144,
        "distance_metric": "graph",
        "placement_mode": "exact",
        "placement_semantics": "exact_point",
        "shelter_id": 579,
        "candidate_source": "buildings",
        "time_bucket": "5min",
        "time_seconds": 300,
        "coordinates": "31.698672,34.974533",
        "nearest_building_dist_m": 0.0,
        "newly_covered_buildings": 7,
        "newly_covered_people_est": 49
      }
    },
    {
      "type": "Feature",
      "geometry": {
        "type": "Point",
        "coordinates": [
          34.98240243850491,
          31.7531124075373
        ]
      },
      "properties": {
        "rank": 145,
        "distance_metric": "graph",
        "placement_mode": "exact",
        "placement_semantics": "exact_point",
        "shelter_id": 586,
        "candidate_source": "buildings",
        "time_bucket": "5min",
        "time_seconds": 300,
        "coordinates": "31.753112,34.982402",
        "nearest_building_dist_m": 0.0,
        "newly_covered_buildings": 7,
        "newly_covered_people_est": 49
      }
    },
    {
      "type": "Feature",
      "geometry": {
        "type": "Point",
        "coordinates": [
          34.97947609947542,
          31.735474200683225
        ]
      },
      "properties": {
        "rank": 146,
        "distance_metric": "graph",
        "placement_mode": "exact",
        "placement_semantics": "exact_point",
        "shelter_id": 599,
        "candidate_source": "network_nodes",
        "time_bucket": "5min",
        "time_seconds": 300,
        "coordinates": "31.735474,34.979476",
        "nearest_building_dist_m": 25.04,
        "newly_covered_buildings": 7,
        "newly_covered_people_est": 49
      }
    },
    {
      "type": "Feature",
      "geometry": {
        "type": "Point",
        "coordinates": [
          34.98567099947291,
          31.703547000686946
        ]
      },
      "properties": {
        "rank": 147,
        "distance_metric": "graph",
        "placement_mode": "exact",
        "placement_semantics": "exact_point",
        "shelter_id": 788,
        "candidate_source": "network_nodes",
        "time_bucket": "5min",
        "time_seconds": 300,
        "coordinates": "31.703547,34.985671",
        "nearest_building_dist_m": 49.96,
        "newly_covered_buildings": 7,
        "newly_covered_people_est": 49
      }
    },
    {
      "type": "Feature",
      "geometry": {
        "type": "Point",
        "coordinates": [
          34.98877439947626,
          31.75137060068214
        ]
      },
      "properties": {
        "rank": 148,
        "distance_metric": "graph",
        "placement_mode": "exact",
        "placement_semantics": "exact_point",
        "shelter_id": 1324,
        "candidate_source": "network_nodes",
        "time_bucket": "5min",
        "time_seconds": 300,
        "coordinates": "31.751371,34.988774",
        "nearest_building_dist_m": 13.08,
        "newly_covered_buildings": 7,
        "newly_covered_people_est": 49
      }
    },
    {
      "type": "Feature",
      "geometry": {
        "type": "Point",
        "coordinates": [
          34.987969011760285,
          31.74203610563619
        ]
      },
      "properties": {
        "rank": 149,
        "distance_metric": "graph",
        "placement_mode": "exact",
        "placement_semantics": "exact_point",
        "shelter_id": 1648,
        "candidate_source": "network_nodes",
        "time_bucket": "5min",
        "time_seconds": 300,
        "coordinates": "31.742036,34.987969",
        "nearest_building_dist_m": 17.53,
        "newly_covered_buildings": 7,
        "newly_covered_people_est": 49
      }
    },
    {
      "type": "Feature",
      "geometry": {
        "type": "Point",
        "coordinates": [
          35.0004488292018,
          31.710902614039977
        ]
      },
      "properties": {
        "rank": 150,
        "distance_metric": "graph",
        "placement_mode": "exact",
        "placement_semantics": "exact_point",
        "shelter_id": 3,
        "candidate_source": "buildings",
        "time_bucket": "5min",
        "time_seconds": 300,
        "coordinates": "31.710903,35.000449",
        "nearest_building_dist_m": 0.0,
        "newly_covered_buildings": 6,
        "newly_covered_people_est": 42
      }
    },
    {
      "type": "Feature",
      "geometry": {
        "type": "Point",
        "coordinates": [
          34.99540922318575,
          31.729214999732367
        ]
      },
      "properties": {
        "rank": 151,
        "distance_metric": "graph",
        "placement_mode": "exact",
        "placement_semantics": "exact_point",
        "shelter_id": 102,
        "candidate_source": "buildings",
        "time_bucket": "5min",
        "time_seconds": 300,
        "coordinates": "31.729215,34.995409",
        "nearest_building_dist_m": 0.0,
        "newly_covered_buildings": 6,
        "newly_covered_people_est": 42
      }
    },
    {
      "type": "Feature",
      "geometry": {
        "type": "Point",
        "coordinates": [
          34.99061248671345,
          31.71258564223711
        ]
      },
      "properties": {
        "rank": 152,
        "distance_metric": "graph",
        "placement_mode": "exact",
        "placement_semantics": "exact_point",
        "shelter_id": 110,
        "candidate_source": "buildings",
        "time_bucket": "5min",
        "time_seconds": 300,
        "coordinates": "31.712586,34.990612",
        "nearest_building_dist_m": 0.0,
        "newly_covered_buildings": 6,
        "newly_covered_people_est": 42
      }
    },
    {
      "type": "Feature",
      "geometry": {
        "type": "Point",
        "coordinates": [
          34.99828396956683,
          31.743946639982806
        ]
      },
      "properties": {
        "rank": 153,
        "distance_metric": "graph",
        "placement_mode": "exact",
        "placement_semantics": "exact_point",
        "shelter_id": 154,
        "candidate_source": "buildings",
        "time_bucket": "5min",
        "time_seconds": 300,
        "coordinates": "31.743947,34.998284",
        "nearest_building_dist_m": 0.0,
        "newly_covered_buildings": 6,
        "newly_covered_people_est": 42
      }
    },
    {
      "type": "Feature",
      "geometry": {
        "type": "Point",
        "coordinates": [
          34.99380394972649,
          31.752451130942973
        ]
      },
      "properties": {
        "rank": 154,
        "distance_metric": "graph",
        "placement_mode": "exact",
        "placement_semantics": "exact_point",
        "shelter_id": 190,
        "candidate_source": "buildings",
        "time_bucket": "5min",
        "time_seconds": 300,
        "coordinates": "31.752451,34.993804",
        "nearest_building_dist_m": 0.0,
        "newly_covered_buildings": 6,
        "newly_covered_people_est": 42
      }
    },
    {
      "type": "Feature",
      "geometry": {
        "type": "Point",
        "coordinates": [
          34.994594201081014,
          31.726142578234697
        ]
      },
      "properties": {
        "rank": 155,
        "distance_metric": "graph",
        "placement_mode": "exact",
        "placement_semantics": "exact_point",
        "shelter_id": 258,
        "candidate_source": "buildings",
        "time_bucket": "5min",
        "time_seconds": 300,
        "coordinates": "31.726143,34.994594",
        "nearest_building_dist_m": 0.0,
        "newly_covered_buildings": 6,
        "newly_covered_people_est": 42
      }
    },
    {
      "type": "Feature",
      "geometry": {
        "type": "Point",
        "coordinates": [
          34.97602619660083,
          31.737108193126698
        ]
      },
      "properties": {
        "rank": 156,
        "distance_metric": "graph",
        "placement_mode": "exact",
        "placement_semantics": "exact_point",
        "shelter_id": 326,
        "candidate_source": "buildings",
        "time_bucket": "5min",
        "time_seconds": 300,
        "coordinates": "31.737108,34.976026",
        "nearest_building_dist_m": 0.0,
        "newly_covered_buildings": 6,
        "newly_covered_people_est": 42
      }
    },
    {
      "type": "Feature",
      "geometry": {
        "type": "Point",
        "coordinates": [
          34.99371639361093,
          31.739432762697174
        ]
      },
      "properties": {
        "rank": 157,
        "distance_metric": "graph",
        "placement_mode": "exact",
        "placement_semantics": "exact_point",
        "shelter_id": 415,
        "candidate_source": "buildings",
        "time_bucket": "5min",
        "time_seconds": 300,
        "coordinates": "31.739433,34.993716",
        "nearest_building_dist_m": 0.0,
        "newly_covered_buildings": 6,
        "newly_covered_people_est": 42
      }
    },
    {
      "type": "Feature",
      "geometry": {
        "type": "Point",
        "coordinates": [
          34.9924244767284,
          31.71855812480729
        ]
      },
      "properties": {
        "rank": 158,
        "distance_metric": "graph",
        "placement_mode": "exact",
        "placement_semantics": "exact_point",
        "shelter_id": 490,
        "candidate_source": "buildings",
        "time_bucket": "5min",
        "time_seconds": 300,
        "coordinates": "31.718558,34.992424",
        "nearest_building_dist_m": 0.0,
        "newly_covered_buildings": 6,
        "newly_covered_people_est": 42
      }
    },
    {
      "type": "Feature",
      "geometry": {
        "type": "Point",
        "coordinates": [
          34.99272554262479,
          31.725380580030876
        ]
      },
      "properties": {
        "rank": 159,
        "distance_metric": "graph",
        "placement_mode": "exact",
        "placement_semantics": "exact_point",
        "shelter_id": 522,
        "candidate_source": "buildings",
        "time_bucket": "5min",
        "time_seconds": 300,
        "coordinates": "31.725381,34.992726",
        "nearest_building_dist_m": 0.0,
        "newly_covered_buildings": 6,
        "newly_covered_people_est": 42
      }
    },
    {
      "type": "Feature",
      "geometry": {
        "type": "Point",
        "coordinates": [
          34.99141550854204,
          31.7084295198923
        ]
      },
      "properties": {
        "rank": 160,
        "distance_metric": "graph",
        "placement_mode": "exact",
        "placement_semantics": "exact_point",
        "shelter_id": 564,
        "candidate_source": "buildings",
        "time_bucket": "5min",
        "time_seconds": 300,
        "coordinates": "31.708430,34.991416",
        "nearest_building_dist_m": 0.0,
        "newly_covered_buildings": 6,
        "newly_covered_people_est": 42
      }
    },
    {
      "type": "Feature",
      "geometry": {
        "type": "Point",
        "coordinates": [
          34.98639148444421,
          31.75421019423417
        ]
      },
      "properties": {
        "rank": 161,
        "distance_metric": "graph",
        "placement_mode": "exact",
        "placement_semantics": "exact_point",
        "shelter_id": 588,
        "candidate_source": "buildings",
        "time_bucket": "5min",
        "time_seconds": 300,
        "coordinates": "31.754210,34.986391",
        "nearest_building_dist_m": 0.0,
        "newly_covered_buildings": 6,
        "newly_covered_people_est": 42
      }
    },
    {
      "type": "Feature",
      "geometry": {
        "type": "Point",
        "coordinates": [
          34.983556099475614,
          31.740108300682984
        ]
      },
      "properties": {
        "rank": 162,
        "distance_metric": "graph",
        "placement_mode": "exact",
        "placement_semantics": "exact_point",
        "shelter_id": 616,
        "candidate_source": "network_nodes",
        "time_bucket": "5min",
        "time_seconds": 300,
        "coordinates": "31.740108,34.983556",
        "nearest_building_dist_m": 27.36,
        "newly_covered_buildings": 6,
        "newly_covered_people_est": 42
      }
    },
    {
      "type": "Feature",
      "geometry": {
        "type": "Point",
        "coordinates": [
          34.99644179947615,
          31.753322500682398
        ]
      },
      "properties": {
        "rank": 163,
        "distance_metric": "graph",
        "placement_mode": "exact",
        "placement_semantics": "exact_point",
        "shelter_id": 746,
        "candidate_source": "network_nodes",
        "time_bucket": "5min",
        "time_seconds": 300,
        "coordinates": "31.753323,34.996442",
        "nearest_building_dist_m": 80.87,
        "newly_covered_buildings": 6,
        "newly_covered_people_est": 42
      }
    },
    {
      "type": "Feature",
      "geometry": {
        "type": "Point",
        "coordinates": [
          34.96090829947413,
          31.70910950068484
        ]
      },
      "properties": {
        "rank": 164,
        "distance_metric": "graph",
        "placement_mode": "exact",
        "placement_semantics": "exact_point",
        "shelter_id": 760,
        "candidate_source": "network_nodes",
        "time_bucket": "5min",
        "time_seconds": 300,
        "coordinates": "31.709110,34.960908",
        "nearest_building_dist_m": 75.04,
        "newly_covered_buildings": 6,
        "newly_covered_people_est": 42
      }
    },
    {
      "type": "Feature",
      "geometry": {
        "type": "Point",
        "coordinates": [
          34.99134689947287,
          31.705611400687058
        ]
      },
      "properties": {
        "rank": 165,
        "distance_metric": "graph",
        "placement_mode": "exact",
        "placement_semantics": "exact_point",
        "shelter_id": 858,
        "candidate_source": "network_nodes",
        "time_bucket": "5min",
        "time_seconds": 300,
        "coordinates": "31.705611,34.991347",
        "nearest_building_dist_m": 49.62,
        "newly_covered_buildings": 6,
        "newly_covered_people_est": 42
      }
    },
    {
      "type": "Feature",
      "geometry": {
        "type": "Point",
        "coordinates": [
          34.9739476994733,
          31.703679200686192
        ]
      },
      "properties": {
        "rank": 166,
        "distance_metric": "graph",
        "placement_mode": "exact",
        "placement_semantics": "exact_point",
        "shelter_id": 979,
        "candidate_source": "network_nodes",
        "time_bucket": "5min",
        "time_seconds": 300,
        "coordinates": "31.703679,34.973948",
        "nearest_building_dist_m": 49.43,
        "newly_covered_buildings": 6,
        "newly_covered_people_est": 42
      }
    },
    {
      "type": "Feature",
      "geometry": {
        "type": "Point",
        "coordinates": [
          34.998710499472836,
          31.708534600687194
        ]
      },
      "properties": {
        "rank": 167,
        "distance_metric": "graph",
        "placement_mode": "exact",
        "placement_semantics": "exact_point",
        "shelter_id": 1079,
        "candidate_source": "network_nodes",
        "time_bucket": "5min",
        "time_seconds": 300,
        "coordinates": "31.708535,34.998710",
        "nearest_building_dist_m": 37.43,
        "newly_covered_buildings": 6,
        "newly_covered_people_est": 42
      }
    },
    {
      "type": "Feature",
      "geometry": {
        "type": "Point",
        "coordinates": [
          35.00230509947308,
          31.713557200686925
        ]
      },
      "properties": {
        "rank": 168,
        "distance_metric": "graph",
        "placement_mode": "exact",
        "placement_semantics": "exact_point",
        "shelter_id": 1166,
        "candidate_source": "network_nodes",
        "time_bucket": "5min",
        "time_seconds": 300,
        "coordinates": "31.713557,35.002305",
        "nearest_building_dist_m": 93.71,
        "newly_covered_buildings": 6,
        "newly_covered_people_est": 42
      }
    },
    {
      "type": "Feature",
      "geometry": {
        "type": "Point",
        "coordinates": [
          34.97111079947315,
          31.700276800686368
        ]
      },
      "properties": {
        "rank": 169,
        "distance_metric": "graph",
        "placement_mode": "exact",
        "placement_semantics": "exact_point",
        "shelter_id": 1260,
        "candidate_source": "network_nodes",
        "time_bucket": "5min",
        "time_seconds": 300,
        "coordinates": "31.700277,34.971111",
        "nearest_building_dist_m": 25.09,
        "newly_covered_buildings": 6,
        "newly_covered_people_est": 42
      }
    },
    {
      "type": "Feature",
      "geometry": {
        "type": "Point",
        "coordinates": [
          34.976180699472835,
          31.698227300686916
        ]
      },
      "properties": {
        "rank": 170,
        "distance_metric": "graph",
        "placement_mode": "exact",
        "placement_semantics": "exact_point",
        "shelter_id": 1261,
        "candidate_source": "network_nodes",
        "time_bucket": "5min",
        "time_seconds": 300,
        "coordinates": "31.698227,34.976181",
        "nearest_building_dist_m": 63.64,
        "newly_covered_buildings": 6,
        "newly_covered_people_est": 42
      }
    },
    {
      "type": "Feature",
      "geometry": {
        "type": "Point",
        "coordinates": [
          34.996322985453816,
          31.751801416790535
        ]
      },
      "properties": {
        "rank": 171,
        "distance_metric": "graph",
        "placement_mode": "exact",
        "placement_semantics": "exact_point",
        "shelter_id": 1273,
        "candidate_source": "network_nodes",
        "time_bucket": "5min",
        "time_seconds": 300,
        "coordinates": "31.751801,34.996323",
        "nearest_building_dist_m": 16.68,
        "newly_covered_buildings": 6,
        "newly_covered_people_est": 42
      }
    },
    {
      "type": "Feature",
      "geometry": {
        "type": "Point",
        "coordinates": [
          34.997450313592374,
          31.70836411046003
        ]
      },
      "properties": {
        "rank": 172,
        "distance_metric": "graph",
        "placement_mode": "exact",
        "placement_semantics": "exact_point",
        "shelter_id": 1333,
        "candidate_source": "network_nodes",
        "time_bucket": "5min",
        "time_seconds": 300,
        "coordinates": "31.708364,34.997450",
        "nearest_building_dist_m": 16.15,
        "newly_covered_buildings": 6,
        "newly_covered_people_est": 42
      }
    },
    {
      "type": "Feature",
      "geometry": {
        "type": "Point",
        "coordinates": [
          34.98659128317619,
          31.74091887694046
        ]
      },
      "properties": {
        "rank": 173,
        "distance_metric": "graph",
        "placement_mode": "exact",
        "placement_semantics": "exact_point",
        "shelter_id": 15,
        "candidate_source": "buildings",
        "time_bucket": "5min",
        "time_seconds": 300,
        "coordinates": "31.740919,34.986591",
        "nearest_building_dist_m": 0.0,
        "newly_covered_buildings": 5,
        "newly_covered_people_est": 35
      }
    },
    {
      "type": "Feature",
      "geometry": {
        "type": "Point",
        "coordinates": [
          34.979043790978636,
          31.704530820436744
        ]
      },
      "properties": {
        "rank": 174,
        "distance_metric": "graph",
        "placement_mode": "exact",
        "placement_semantics": "exact_point",
        "shelter_id": 36,
        "candidate_source": "buildings",
        "time_bucket": "5min",
        "time_seconds": 300,
        "coordinates": "31.704531,34.979044",
        "nearest_building_dist_m": 0.0,
        "newly_covered_buildings": 5,
        "newly_covered_people_est": 35
      }
    },
    {
      "type": "Feature",
      "geometry": {
        "type": "Point",
        "coordinates": [
          34.991921887966306,
          31.747825909375024
        ]
      },
      "properties": {
        "rank": 175,
        "distance_metric": "graph",
        "placement_mode": "exact",
        "placement_semantics": "exact_point",
        "shelter_id": 68,
        "candidate_source": "buildings",
        "time_bucket": "5min",
        "time_seconds": 300,
        "coordinates": "31.747826,34.991922",
        "nearest_building_dist_m": 0.0,
        "newly_covered_buildings": 5,
        "newly_covered_people_est": 35
      }
    },
    {
      "type": "Feature",
      "geometry": {
        "type": "Point",
        "coordinates": [
          34.9824314207435,
          31.741290778760057
        ]
      },
      "properties": {
        "rank": 176,
        "distance_metric": "graph",
        "placement_mode": "exact",
        "placement_semantics": "exact_point",
        "shelter_id": 113,
        "candidate_source": "buildings",
        "time_bucket": "5min",
        "time_seconds": 300,
        "coordinates": "31.741291,34.982431",
        "nearest_building_dist_m": 0.0,
        "newly_covered_buildings": 5,
        "newly_covered_people_est": 35
      }
    },
    {
      "type": "Feature",
      "geometry": {
        "type": "Point",
        "coordinates": [
          34.999646687098895,
          31.748655481421125
        ]
      },
      "properties": {
        "rank": 177,
        "distance_metric": "graph",
        "placement_mode": "exact",
        "placement_semantics": "exact_point",
        "shelter_id": 169,
        "candidate_source": "buildings",
        "time_bucket": "5min",
        "time_seconds": 300,
        "coordinates": "31.748655,34.999647",
        "nearest_building_dist_m": 0.0,
        "newly_covered_buildings": 5,
        "newly_covered_people_est": 35
      }
    },
    {
      "type": "Feature",
      "geometry": {
        "type": "Point",
        "coordinates": [
          34.99465788034652,
          31.715430191718628
        ]
      },
      "properties": {
        "rank": 178,
        "distance_metric": "graph",
        "placement_mode": "exact",
        "placement_semantics": "exact_point",
        "shelter_id": 210,
        "candidate_source": "buildings",
        "time_bucket": "5min",
        "time_seconds": 300,
        "coordinates": "31.715430,34.994658",
        "nearest_building_dist_m": 0.0,
        "newly_covered_buildings": 5,
        "newly_covered_people_est": 35
      }
    },
    {
      "type": "Feature",
      "geometry": {
        "type": "Point",
        "coordinates": [
          34.987629945415414,
          31.73594638537045
        ]
      },
      "properties": {
        "rank": 179,
        "distance_metric": "graph",
        "placement_mode": "exact",
        "placement_semantics": "exact_point",
        "shelter_id": 217,
        "candidate_source": "buildings",
        "time_bucket": "5min",
        "time_seconds": 300,
        "coordinates": "31.735946,34.987630",
        "nearest_building_dist_m": 0.0,
        "newly_covered_buildings": 5,
        "newly_covered_people_est": 35
      }
    },
    {
      "type": "Feature",
      "geometry": {
        "type": "Point",
        "coordinates": [
          34.99203799225434,
          31.72354320838861
        ]
      },
      "properties": {
        "rank": 180,
        "distance_metric": "graph",
        "placement_mode": "exact",
        "placement_semantics": "exact_point",
        "shelter_id": 271,
        "candidate_source": "buildings",
        "time_bucket": "5min",
        "time_seconds": 300,
        "coordinates": "31.723543,34.992038",
        "nearest_building_dist_m": 0.0,
        "newly_covered_buildings": 5,
        "newly_covered_people_est": 35
      }
    },
    {
      "type": "Feature",
      "geometry": {
        "type": "Point",
        "coordinates": [
          34.988732271060115,
          31.71684386659463
        ]
      },
      "properties": {
        "rank": 181,
        "distance_metric": "graph",
        "placement_mode": "exact",
        "placement_semantics": "exact_point",
        "shelter_id": 279,
        "candidate_source": "buildings",
        "time_bucket": "5min",
        "time_seconds": 300,
        "coordinates": "31.716844,34.988732",
        "nearest_building_dist_m": 0.0,
        "newly_covered_buildings": 5,
        "newly_covered_people_est": 35
      }
    },
    {
      "type": "Feature",
      "geometry": {
        "type": "Point",
        "coordinates": [
          34.996007628295324,
          31.75172740733409
        ]
      },
      "properties": {
        "rank": 182,
        "distance_metric": "graph",
        "placement_mode": "exact",
        "placement_semantics": "exact_point",
        "shelter_id": 373,
        "candidate_source": "buildings",
        "time_bucket": "5min",
        "time_seconds": 300,
        "coordinates": "31.751727,34.996008",
        "nearest_building_dist_m": 0.0,
        "newly_covered_buildings": 5,
        "newly_covered_people_est": 35
      }
    },
    {
      "type": "Feature",
      "geometry": {
        "type": "Point",
        "coordinates": [
          34.98320822660831,
          31.746842682921528
        ]
      },
      "properties": {
        "rank": 183,
        "distance_metric": "graph",
        "placement_mode": "exact",
        "placement_semantics": "exact_point",
        "shelter_id": 385,
        "candidate_source": "buildings",
        "time_bucket": "5min",
        "time_seconds": 300,
        "coordinates": "31.746843,34.983208",
        "nearest_building_dist_m": 0.0,
        "newly_covered_buildings": 5,
        "newly_covered_people_est": 35
      }
    },
    {
      "type": "Feature",
      "geometry": {
        "type": "Point",
        "coordinates": [
          34.9931419012053,
          31.71538400562354
        ]
      },
      "properties": {
        "rank": 184,
        "distance_metric": "graph",
        "placement_mode": "exact",
        "placement_semantics": "exact_point",
        "shelter_id": 523,
        "candidate_source": "buildings",
        "time_bucket": "5min",
        "time_seconds": 300,
        "coordinates": "31.715384,34.993142",
        "nearest_building_dist_m": 0.0,
        "newly_covered_buildings": 5,
        "newly_covered_people_est": 35
      }
    },
    {
      "type": "Feature",
      "geometry": {
        "type": "Point",
        "coordinates": [
          34.98674212098437,
          31.71889295663236
        ]
      },
      "properties": {
        "rank": 185,
        "distance_metric": "graph",
        "placement_mode": "exact",
        "placement_semantics": "exact_point",
        "shelter_id": 575,
        "candidate_source": "buildings",
        "time_bucket": "5min",
        "time_seconds": 300,
        "coordinates": "31.718893,34.986742",
        "nearest_building_dist_m": 0.0,
        "newly_covered_buildings": 5,
        "newly_covered_people_est": 35
      }
    },
    {
      "type": "Feature",
      "geometry": {
        "type": "Point",
        "coordinates": [
          34.99533619947361,
          31.717636900686053
        ]
      },
      "properties": {
        "rank": 186,
        "distance_metric": "graph",
        "placement_mode": "exact",
        "placement_semantics": "exact_point",
        "shelter_id": 750,
        "candidate_source": "network_nodes",
        "time_bucket": "5min",
        "time_seconds": 300,
        "coordinates": "31.717637,34.995336",
        "nearest_building_dist_m": 38.65,
        "newly_covered_buildings": 5,
        "newly_covered_people_est": 35
      }
    },
    {
      "type": "Feature",
      "geometry": {
        "type": "Point",
        "coordinates": [
          35.00368539947292,
          31.712225500687136
        ]
      },
      "properties": {
        "rank": 187,
        "distance_metric": "graph",
        "placement_mode": "exact",
        "placement_semantics": "exact_point",
        "shelter_id": 876,
        "candidate_source": "network_nodes",
        "time_bucket": "5min",
        "time_seconds": 300,
        "coordinates": "31.712226,35.003685",
        "nearest_building_dist_m": 28.89,
        "newly_covered_buildings": 5,
        "newly_covered_people_est": 35
      }
    },
    {
      "type": "Feature",
      "geometry": {
        "type": "Point",
        "coordinates": [
          34.991933599472745,
          31.704187400687264
        ]
      },
      "properties": {
        "rank": 188,
        "distance_metric": "graph",
        "placement_mode": "exact",
        "placement_semantics": "exact_point",
        "shelter_id": 921,
        "candidate_source": "network_nodes",
        "time_bucket": "5min",
        "time_seconds": 300,
        "coordinates": "31.704187,34.991934",
        "nearest_building_dist_m": 27.17,
        "newly_covered_buildings": 5,
        "newly_covered_people_est": 35
      }
    },
    {
      "type": "Feature",
      "geometry": {
        "type": "Point",
        "coordinates": [
          34.98783689947296,
          31.7053672006869
        ]
      },
      "properties": {
        "rank": 189,
        "distance_metric": "graph",
        "placement_mode": "exact",
        "placement_semantics": "exact_point",
        "shelter_id": 923,
        "candidate_source": "network_nodes",
        "time_bucket": "5min",
        "time_seconds": 300,
        "coordinates": "31.705367,34.987837",
        "nearest_building_dist_m": 43.36,
        "newly_covered_buildings": 5,
        "newly_covered_people_est": 35
      }
    },
    {
      "type": "Feature",
      "geometry": {
        "type": "Point",
        "coordinates": [
          34.96636289947403,
          31.710203600685066
        ]
      },
      "properties": {
        "rank": 190,
        "distance_metric": "graph",
        "placement_mode": "exact",
        "placement_semantics": "exact_point",
        "shelter_id": 1004,
        "candidate_source": "network_nodes",
        "time_bucket": "5min",
        "time_seconds": 300,
        "coordinates": "31.710204,34.966363",
        "nearest_building_dist_m": 48.96,
        "newly_covered_buildings": 5,
        "newly_covered_people_est": 35
      }
    },
    {
      "type": "Feature",
      "geometry": {
        "type": "Point",
        "coordinates": [
          34.993904899473236,
          31.711714500686597
        ]
      },
      "properties": {
        "rank": 191,
        "distance_metric": "graph",
        "placement_mode": "exact",
        "placement_semantics": "exact_point",
        "shelter_id": 1072,
        "candidate_source": "network_nodes",
        "time_bucket": "5min",
        "time_seconds": 300,
        "coordinates": "31.711715,34.993905",
        "nearest_building_dist_m": 24.78,
        "newly_covered_buildings": 5,
        "newly_covered_people_est": 35
      }
    },
    {
      "type": "Feature",
      "geometry": {
        "type": "Point",
        "coordinates": [
          34.99836419947293,
          31.709497000687097
        ]
      },
      "properties": {
        "rank": 192,
        "distance_metric": "graph",
        "placement_mode": "exact",
        "placement_semantics": "exact_point",
        "shelter_id": 1092,
        "candidate_source": "network_nodes",
        "time_bucket": "5min",
        "time_seconds": 300,
        "coordinates": "31.709497,34.998364",
        "nearest_building_dist_m": 43.99,
        "newly_covered_buildings": 5,
        "newly_covered_people_est": 35
      }
    },
    {
      "type": "Feature",
      "geometry": {
        "type": "Point",
        "coordinates": [
          34.99859675322471,
          31.71074746719788
        ]
      },
      "properties": {
        "rank": 193,
        "distance_metric": "graph",
        "placement_mode": "exact",
        "placement_semantics": "exact_point",
        "shelter_id": 1582,
        "candidate_source": "network_nodes",
        "time_bucket": "5min",
        "time_seconds": 300,
        "coordinates": "31.710747,34.998597",
        "nearest_building_dist_m": 7.47,
        "newly_covered_buildings": 5,
        "newly_covered_people_est": 35
      }
    },
    {
      "type": "Feature",
      "geometry": {
        "type": "Point",
        "coordinates": [
          34.98947691076558,
          31.73558074054043
        ]
      },
      "properties": {
        "rank": 194,
        "distance_metric": "graph",
        "placement_mode": "exact",
        "placement_semantics": "exact_point",
        "shelter_id": 1622,
        "candidate_source": "network_nodes",
        "time_bucket": "5min",
        "time_seconds": 300,
        "coordinates": "31.735581,34.989477",
        "nearest_building_dist_m": 18.28,
        "newly_covered_buildings": 5,
        "newly_covered_people_est": 35
      }
    },
    {
      "type": "Feature",
      "geometry": {
        "type": "Point",
        "coordinates": [
          34.98951277695761,
          31.75298000230346
        ]
      },
      "properties": {
        "rank": 195,
        "distance_metric": "graph",
        "placement_mode": "exact",
        "placement_semantics": "exact_point",
        "shelter_id": 1683,
        "candidate_source": "network_nodes",
        "time_bucket": "5min",
        "time_seconds": 300,
        "coordinates": "31.752980,34.989513",
        "nearest_building_dist_m": 20.04,
        "newly_covered_buildings": 5,
        "newly_covered_people_est": 35
      }
    },
    {
      "type": "Feature",
      "geometry": {
        "type": "Point",
        "coordinates": [
          34.97314334738392,
          31.70626388685445
        ]
      },
      "properties": {
        "rank": 196,
        "distance_metric": "graph",
        "placement_mode": "exact",
        "placement_semantics": "exact_point",
        "shelter_id": 1707,
        "candidate_source": "network_nodes",
        "time_bucket": "5min",
        "time_seconds": 300,
        "coordinates": "31.706264,34.973143",
        "nearest_building_dist_m": 17.3,
        "newly_covered_buildings": 5,
        "newly_covered_people_est": 35
      }
    },
    {
      "type": "Feature",
      "geometry": {
        "type": "Point",
        "coordinates": [
          34.99244422350865,
          31.751579659793475
        ]
      },
      "properties": {
        "rank": 197,
        "distance_metric": "graph",
        "placement_mode": "exact",
        "placement_semantics": "exact_point",
        "shelter_id": 2,
        "candidate_source": "buildings",
        "time_bucket": "5min",
        "time_seconds": 300,
        "coordinates": "31.751580,34.992444",
        "nearest_building_dist_m": 0.0,
        "newly_covered_buildings": 4,
        "newly_covered_people_est": 28
      }
    },
    {
      "type": "Feature",
      "geometry": {
        "type": "Point",
        "coordinates": [
          34.99248408570466,
          31.753666852429493
        ]
      },
      "properties": {
        "rank": 198,
        "distance_metric": "graph",
        "placement_mode": "exact",
        "placement_semantics": "exact_point",
        "shelter_id": 10,
        "candidate_source": "buildings",
        "time_bucket": "5min",
        "time_seconds": 300,
        "coordinates": "31.753667,34.992484",
        "nearest_building_dist_m": 0.0,
        "newly_covered_buildings": 4,
        "newly_covered_people_est": 28
      }
    },
    {
      "type": "Feature",
      "geometry": {
        "type": "Point",
        "coordinates": [
          34.98853061290018,
          31.717000050961072
        ]
      },
      "properties": {
        "rank": 199,
        "distance_metric": "graph",
        "placement_mode": "exact",
        "placement_semantics": "exact_point",
        "shelter_id": 44,
        "candidate_source": "buildings",
        "time_bucket": "5min",
        "time_seconds": 300,
        "coordinates": "31.717000,34.988531",
        "nearest_building_dist_m": 0.0,
        "newly_covered_buildings": 4,
        "newly_covered_people_est": 28
      }
    },
    {
      "type": "Feature",
      "geometry": {
        "type": "Point",
        "coordinates": [
          34.99689397502757,
          31.74037669431722
        ]
      },
      "properties": {
        "rank": 200,
        "distance_metric": "graph",
        "placement_mode": "exact",
        "placement_semantics": "exact_point",
        "shelter_id": 66,
        "candidate_source": "buildings",
        "time_bucket": "5min",
        "time_seconds": 300,
        "coordinates": "31.740377,34.996894",
        "nearest_building_dist_m": 0.0,
        "newly_covered_buildings": 4,
        "newly_covered_people_est": 28
      }
    }
  ]
}