{
  "type": "FeatureCollection",
  "features": [
    {
      "type": "Feature",
      "geometry": {
        "type": "Point",
        "coordinates": [
          34.978033858325524,
          31.742271851384384
        ]
      },
      "properties": {
        "rank": 1,
        "distance_metric": "graph",
        "placement_mode": "exact",
        "placement_semantics": "exact_point",
        "shelter_id": 9415,
        "candidate_source": "network_nodes",
        "time_bucket": "5min",
        "time_seconds": 300,
        "coordinates": "31.742272,34.978034",
        "nearest_building_dist_m": 20.74,
        "newly_covered_buildings": 54,
        "newly_covered_people_est": 378
      }
    },
    {
      "type": "Feature",
      "geometry": {
        "type": "Point",
        "coordinates": [
          34.97913249947603,
          31.743953600682328
        ]
      },
      "properties": {
        "rank": 2,
        "distance_metric": "graph",
        "placement_mode": "exact",
        "placement_semantics": "exact_point",
        "shelter_id": 4882,
        "candidate_source": "network_nodes",
        "time_bucket": "5min",
        "time_seconds": 300,
        "coordinates": "31.743954,34.979132",
        "nearest_building_dist_m": 24.54,
        "newly_covered_buildings": 43,
        "newly_covered_people_est": 301
      }
    },
    {
      "type": "Feature",
      "geometry": {
        "type": "Point",
        "coordinates": [
          34.9807530040558,
          31.751889459468718
        ]
      },
      "properties": {
        "rank": 3,
        "distance_metric": "graph",
        "placement_mode": "exact",
        "placement_semantics": "exact_point",
        "shelter_id": 4121,
        "candidate_source": "buildings",
        "time_bucket": "5min",
        "time_seconds": 300,
        "coordinates": "31.751889,34.980753",
        "nearest_building_dist_m": 0.0,
        "newly_covered_buildings": 42,
        "newly_covered_people_est": 294
      }
    },
    {
      "type": "Feature",
      "geometry": {
        "type": "Point",
        "coordinates": [
          34.98720049947645,
          31.753378800681826
        ]
      },
      "properties": {
        "rank": 4,
        "distance_metric": "graph",
        "placement_mode": "exact",
        "placement_semantics": "exact_point",
        "shelter_id": 5129,
        "candidate_source": "network_nodes",
        "time_bucket": "5min",
        "time_seconds": 300,
        "coordinates": "31.753379,34.987200",
        "nearest_building_dist_m": 19.28,
        "newly_covered_buildings": 42,
        "newly_covered_people_est": 294
      }
    },
    {
      "type": "Feature",
      "geometry": {
        "type": "Point",
        "coordinates": [
          34.98728140977671,
          31.748384686856046
        ]
      },
      "properties": {
        "rank": 5,
        "distance_metric": "graph",
        "placement_mode": "exact",
        "placement_semantics": "exact_point",
        "shelter_id": 12268,
        "candidate_source": "network_nodes",
        "time_bucket": "5min",
        "time_seconds": 300,
        "coordinates": "31.748385,34.987281",
        "nearest_building_dist_m": 14.01,
        "newly_covered_buildings": 37,
        "newly_covered_people_est": 259
      }
    },
    {
      "type": "Feature",
      "geometry": {
        "type": "Point",
        "coordinates": [
          34.98936147997417,
          31.751115247162428
        ]
      },
      "properties": {
        "rank": 6,
        "distance_metric": "graph",
        "placement_mode": "exact",
        "placement_semantics": "exact_point",
        "shelter_id": 12506,
        "candidate_source": "network_nodes",
        "time_bucket": "5min",
        "time_seconds": 300,
        "coordinates": "31.751115,34.989361",
        "nearest_building_dist_m": 17.23,
        "newly_covered_buildings": 33,
        "newly_covered_people_est": 231
      }
    },
    {
      "type": "Feature",
      "geometry": {
        "type": "Point",
        "coordinates": [
          34.975180896735445,
          31.744246848084448
        ]
      },
      "properties": {
        "rank": 7,
        "distance_metric": "graph",
        "placement_mode": "exact",
        "placement_semantics": "exact_point",
        "shelter_id": 3326,
        "candidate_source": "buildings",
        "time_bucket": "5min",
        "time_seconds": 300,
        "coordinates": "31.744247,34.975181",
        "nearest_building_dist_m": 0.0,
        "newly_covered_buildings": 31,
        "newly_covered_people_est": 217
      }
    },
    {
      "type": "Feature",
      "geometry": {
        "type": "Point",
        "coordinates": [
          34.995653510574115,
          31.752982500185485
        ]
      },
      "properties": {
        "rank": 8,
        "distance_metric": "graph",
        "placement_mode": "exact",
        "placement_semantics": "exact_point",
        "shelter_id": 4223,
        "candidate_source": "buildings",
        "time_bucket": "5min",
        "time_seconds": 300,
        "coordinates": "31.752983,34.995654",
        "nearest_building_dist_m": 0.0,
        "newly_covered_buildings": 30,
        "newly_covered_people_est": 210
      }
    },
    {
      "type": "Feature",
      "geometry": {
        "type": "Point",
        "coordinates": [
          34.9750708880229,
          31.745391221546033
        ]
      },
      "properties": {
        "rank": 9,
        "distance_metric": "graph",
        "placement_mode": "exact",
        "placement_semantics": "exact_point",
        "shelter_id": 3415,
        "candidate_source": "buildings",
        "time_bucket": "5min",
        "time_seconds": 300,
        "coordinates": "31.745391,34.975071",
        "nearest_building_dist_m": 0.0,
        "newly_covered_buildings": 29,
        "newly_covered_people_est": 203
      }
    },
    {
      "type": "Feature",
      "geometry": {
        "type": "Point",
        "coordinates": [
          34.98366160858624,
          31.747827054011918
        ]
      },
      "properties": {
        "rank": 10,
        "distance_metric": "graph",
        "placement_mode": "exact",
        "placement_semantics": "exact_point",
        "shelter_id": 12205,
        "candidate_source": "network_nodes",
        "time_bucket": "5min",
        "time_seconds": 300,
        "coordinates": "31.747827,34.983662",
        "nearest_building_dist_m": 11.53,
        "newly_covered_buildings": 29,
        "newly_covered_people_est": 203
      }
    },
    {
      "type": "Feature",
      "geometry": {
        "type": "Point",
        "coordinates": [
          34.97819999947571,
          31.73911090068277
        ]
      },
      "properties": {
        "rank": 11,
        "distance_metric": "graph",
        "placement_mode": "exact",
        "placement_semantics": "exact_point",
        "shelter_id": 4942,
        "candidate_source": "network_nodes",
        "time_bucket": "5min",
        "time_seconds": 300,
        "coordinates": "31.739111,34.978200",
        "nearest_building_dist_m": 19.82,
        "newly_covered_buildings": 28,
        "newly_covered_people_est": 196
      }
    },
    {
      "type": "Feature",
      "geometry": {
        "type": "Point",
        "coordinates": [
          34.97711275396124,
          31.74348724608322
        ]
      },
      "properties": {
        "rank": 12,
        "distance_metric": "graph",
        "placement_mode": "exact",
        "placement_semantics": "exact_point",
        "shelter_id": 3259,
        "candidate_source": "buildings",
        "time_bucket": "5min",
        "time_seconds": 300,
        "coordinates": "31.743487,34.977113",
        "nearest_building_dist_m": 0.0,
        "newly_covered_buildings": 27,
        "newly_covered_people_est": 189
      }
    },
    {
      "type": "Feature",
      "geometry": {
        "type": "Point",
        "coordinates": [
          34.99640883409229,
          31.749682084435808
        ]
      },
      "properties": {
        "rank": 13,
        "distance_metric": "graph",
        "placement_mode": "exact",
        "placement_semantics": "exact_point",
        "shelter_id": 1059,
        "candidate_source": "buildings",
        "time_bucket": "5min",
        "time_seconds": 300,
        "coordinates": "31.749682,34.996409",
        "nearest_building_dist_m": 0.0,
        "newly_covered_buildings": 26,
        "newly_covered_people_est": 182
      }
    },
    {
      "type": "Feature",
      "geometry": {
        "type": "Point",
        "coordinates": [
          34.98665599947543,
          31.738835400683303
        ]
      },
      "properties": {
        "rank": 14,
        "distance_metric": "graph",
        "placement_mode": "exact",
        "placement_semantics": "exact_point",
        "shelter_id": 4904,
        "candidate_source": "network_nodes",
        "time_bucket": "5min",
        "time_seconds": 300,
        "coordinates": "31.738835,34.986656",
        "nearest_building_dist_m": 24.05,
        "newly_covered_buildings": 24,
        "newly_covered_people_est": 168
      }
    },
    {
      "type": "Feature",
      "geometry": {
        "type": "Point",
        "coordinates": [
          34.97756725015252,
          31.74467752011217
        ]
      },
      "properties": {
        "rank": 15,
        "distance_metric": "graph",
        "placement_mode": "exact",
        "placement_semantics": "exact_point",
        "shelter_id": 8766,
        "candidate_source": "network_nodes",
        "time_bucket": "5min",
        "time_seconds": 300,
        "coordinates": "31.744678,34.977567",
        "nearest_building_dist_m": 7.06,
        "newly_covered_buildings": 23,
        "newly_covered_people_est": 161
      }
    },
    {
      "type": "Feature",
      "geometry": {
        "type": "Point",
        "coordinates": [
          34.98450189947548,
          31.73873220068318
        ]
      },
      "properties": {
        "rank": 16,
        "distance_metric": "graph",
        "placement_mode": "exact",
        "placement_semantics": "exact_point",
        "shelter_id": 4903,
        "candidate_source": "network_nodes",
        "time_bucket": "5min",
        "time_seconds": 300,
        "coordinates": "31.738732,34.984502",
        "nearest_building_dist_m": 25.82,
        "newly_covered_buildings": 21,
        "newly_covered_people_est": 147
      }
    },
    {
      "type": "Feature",
      "geometry": {
        "type": "Point",
        "coordinates": [
          34.97865327632286,
          31.73798426385922
        ]
      },
      "properties": {
        "rank": 17,
        "distance_metric": "graph",
        "placement_mode": "exact",
        "placement_semantics": "exact_point",
        "shelter_id": 11473,
        "candidate_source": "network_nodes",
        "time_bucket": "5min",
        "time_seconds": 300,
        "coordinates": "31.737984,34.978653",
        "nearest_building_dist_m": 22.4,
        "newly_covered_buildings": 21,
        "newly_covered_people_est": 147
      }
    },
    {
      "type": "Feature",
      "geometry": {
        "type": "Point",
        "coordinates": [
          34.993064122381895,
          31.708057382606913
        ]
      },
      "properties": {
        "rank": 18,
        "distance_metric": "graph",
        "placement_mode": "exact",
        "placement_semantics": "exact_point",
        "shelter_id": 2079,
        "candidate_source": "buildings",
        "time_bucket": "5min",
        "time_seconds": 300,
        "coordinates": "31.708057,34.993064",
        "nearest_building_dist_m": 0.0,
        "newly_covered_buildings": 20,
        "newly_covered_people_est": 140
      }
    },
    {
      "type": "Feature",
      "geometry": {
        "type": "Point",
        "coordinates": [
          34.98259989947375,
          31.713937800685652
        ]
      },
      "properties": {
        "rank": 19,
        "distance_metric": "graph",
        "placement_mode": "exact",
        "placement_semantics": "exact_point",
        "shelter_id": 5565,
        "candidate_source": "network_nodes",
        "time_bucket": "5min",
        "time_seconds": 300,
        "coordinates": "31.713938,34.982600",
        "nearest_building_dist_m": 31.19,
        "newly_covered_buildings": 20,
        "newly_covered_people_est": 140
      }
    },
    {
      "type": "Feature",
      "geometry": {
        "type": "Point",
        "coordinates": [
          34.989010840589884,
          31.74511063744872
        ]
      },
      "properties": {
        "rank": 20,
        "distance_metric": "graph",
        "placement_mode": "exact",
        "placement_semantics": "exact_point",
        "shelter_id": 319,
        "candidate_source": "buildings",
        "time_bucket": "5min",
        "time_seconds": 300,
        "coordinates": "31.745111,34.989011",
        "nearest_building_dist_m": 0.0,
        "newly_covered_buildings": 19,
        "newly_covered_people_est": 133
      }
    },
    {
      "type": "Feature",
      "geometry": {
        "type": "Point",
        "coordinates": [
          34.97942520637045,
          31.750744308783663
        ]
      },
      "properties": {
        "rank": 21,
        "distance_metric": "graph",
        "placement_mode": "exact",
        "placement_semantics": "exact_point",
        "shelter_id": 3992,
        "candidate_source": "buildings",
        "time_bucket": "5min",
        "time_seconds": 300,
        "coordinates": "31.750744,34.979425",
        "nearest_building_dist_m": 0.0,
        "newly_covered_buildings": 19,
        "newly_covered_people_est": 133
      }
    },
    {
      "type": "Feature",
      "geometry": {
        "type": "Point",
        "coordinates": [
          34.995869497871425,
          31.708149960037137
        ]
      },
      "properties": {
        "rank": 22,
        "distance_metric": "graph",
        "placement_mode": "exact",
        "placement_semantics": "exact_point",
        "shelter_id": 4506,
        "candidate_source": "buildings",
        "time_bucket": "5min",
        "time_seconds": 300,
        "coordinates": "31.708150,34.995869",
        "nearest_building_dist_m": 0.0,
        "newly_covered_buildings": 19,
        "newly_covered_people_est": 133
      }
    },
    {
      "type": "Feature",
      "geometry": {
        "type": "Point",
        "coordinates": [
          34.99063159947372,
          31.71712950068582
        ]
      },
      "properties": {
        "rank": 23,
        "distance_metric": "graph",
        "placement_mode": "exact",
        "placement_semantics": "exact_point",
        "shelter_id": 5839,
        "candidate_source": "network_nodes",
        "time_bucket": "5min",
        "time_seconds": 300,
        "coordinates": "31.717130,34.990632",
        "nearest_building_dist_m": 21.92,
        "newly_covered_buildings": 19,
        "newly_covered_people_est": 133
      }
    },
    {
      "type": "Feature",
      "geometry": {
        "type": "Point",
        "coordinates": [
          34.994451657687804,
          31.751150374513248
        ]
      },
      "properties": {
        "rank": 24,
        "distance_metric": "graph",
        "placement_mode": "exact",
        "placement_semantics": "exact_point",
        "shelter_id": 966,
        "candidate_source": "buildings",
        "time_bucket": "5min",
        "time_seconds": 300,
        "coordinates": "31.751150,34.994452",
        "nearest_building_dist_m": 0.0,
        "newly_covered_buildings": 18,
        "newly_covered_people_est": 126
      }
    },
    {
      "type": "Feature",
      "geometry": {
        "type": "Point",
        "coordinates": [
          34.97925894762693,
          31.747644327692047
        ]
      },
      "properties": {
        "rank": 25,
        "distance_metric": "graph",
        "placement_mode": "exact",
        "placement_semantics": "exact_point",
        "shelter_id": 1129,
        "candidate_source": "buildings",
        "time_bucket": "5min",
        "time_seconds": 300,
        "coordinates": "31.747644,34.979259",
        "nearest_building_dist_m": 0.0,
        "newly_covered_buildings": 18,
        "newly_covered_people_est": 126
      }
    },
    {
      "type": "Feature",
      "geometry": {
        "type": "Point",
        "coordinates": [
          35.001077030805995,
          31.716395021235744
        ]
      },
      "properties": {
        "rank": 26,
        "distance_metric": "graph",
        "placement_mode": "exact",
        "placement_semantics": "exact_point",
        "shelter_id": 4460,
        "candidate_source": "buildings",
        "time_bucket": "5min",
        "time_seconds": 300,
        "coordinates": "31.716395,35.001077",
        "nearest_building_dist_m": 0.0,
        "newly_covered_buildings": 18,
        "newly_covered_people_est": 126
      }
    },
    {
      "type": "Feature",
      "geometry": {
        "type": "Point",
        "coordinates": [
          34.9816880994756,
          31.73900130068299
        ]
      },
      "properties": {
        "rank": 27,
        "distance_metric": "graph",
        "placement_mode": "exact",
        "placement_semantics": "exact_point",
        "shelter_id": 4939,
        "candidate_source": "network_nodes",
        "time_bucket": "5min",
        "time_seconds": 300,
        "coordinates": "31.739001,34.981688",
        "nearest_building_dist_m": 39.45,
        "newly_covered_buildings": 18,
        "newly_covered_people_est": 126
      }
    },
    {
      "type": "Feature",
      "geometry": {
        "type": "Point",
        "coordinates": [
          34.99949979947315,
          31.713183100686777
        ]
      },
      "properties": {
        "rank": 28,
        "distance_metric": "graph",
        "placement_mode": "exact",
        "placement_semantics": "exact_point",
        "shelter_id": 5875,
        "candidate_source": "network_nodes",
        "time_bucket": "5min",
        "time_seconds": 300,
        "coordinates": "31.713183,34.999500",
        "nearest_building_dist_m": 15.45,
        "newly_covered_buildings": 18,
        "newly_covered_people_est": 126
      }
    },
    {
      "type": "Feature",
      "geometry": {
        "type": "Point",
        "coordinates": [
          35.00354729947269,
          31.7086796006875
        ]
      },
      "properties": {
        "rank": 29,
        "distance_metric": "graph",
        "placement_mode": "exact",
        "placement_semantics": "exact_point",
        "shelter_id": 6921,
        "candidate_source": "network_nodes",
        "time_bucket": "5min",
        "time_seconds": 300,
        "coordinates": "31.708680,35.003547",
        "nearest_building_dist_m": 38.29,
        "newly_covered_buildings": 18,
        "newly_covered_people_est": 126
      }
    },
    {
      "type": "Feature",
      "geometry": {
        "type": "Point",
        "coordinates": [
          34.98917629350669,
          31.754062202779885
        ]
      },
      "properties": {
        "rank": 30,
        "distance_metric": "graph",
        "placement_mode": "exact",
        "placement_semantics": "exact_point",
        "shelter_id": 8293,
        "candidate_source": "network_nodes",
        "time_bucket": "5min",
        "time_seconds": 300,
        "coordinates": "31.754062,34.989176",
        "nearest_building_dist_m": 9.09,
        "newly_covered_buildings": 18,
        "newly_covered_people_est": 126
      }
    },
    {
      "type": "Feature",
      "geometry": {
        "type": "Point",
        "coordinates": [
          34.98356523645257,
          31.736848315402163
        ]
      },
      "properties": {
        "rank": 31,
        "distance_metric": "graph",
        "placement_mode": "exact",
        "placement_semantics": "exact_point",
        "shelter_id": 11414,
        "candidate_source": "network_nodes",
        "time_bucket": "5min",
        "time_seconds": 300,
        "coordinates": "31.736848,34.983565",
        "nearest_building_dist_m": 21.73,
        "newly_covered_buildings": 18,
        "newly_covered_people_est": 126
      }
    },
    {
      "type": "Feature",
      "geometry": {
        "type": "Point",
        "coordinates": [
          34.985498495050045,
          31.713197526367413
        ]
      },
      "properties": {
        "rank": 32,
        "distance_metric": "graph",
        "placement_mode": "exact",
        "placement_semantics": "exact_point",
        "shelter_id": 2313,
        "candidate_source": "buildings",
        "time_bucket": "5min",
        "time_seconds": 300,
        "coordinates": "31.713198,34.985498",
        "nearest_building_dist_m": 0.0,
        "newly_covered_buildings": 17,
        "newly_covered_people_est": 119
      }
    },
    {
      "type": "Feature",
      "geometry": {
        "type": "Point",
        "coordinates": [
          34.981670284113804,
          31.73643532557908
        ]
      },
      "properties": {
        "rank": 33,
        "distance_metric": "graph",
        "placement_mode": "exact",
        "placement_semantics": "exact_point",
        "shelter_id": 2765,
        "candidate_source": "buildings",
        "time_bucket": "5min",
        "time_seconds": 300,
        "coordinates": "31.736435,34.981670",
        "nearest_building_dist_m": 0.0,
        "newly_covered_buildings": 17,
        "newly_covered_people_est": 119
      }
    },
    {
      "type": "Feature",
      "geometry": {
        "type": "Point",
        "coordinates": [
          34.996835999475664,
          31.746751900683087
        ]
      },
      "properties": {
        "rank": 34,
        "distance_metric": "graph",
        "placement_mode": "exact",
        "placement_semantics": "exact_point",
        "shelter_id": 4789,
        "candidate_source": "network_nodes",
        "time_bucket": "5min",
        "time_seconds": 300,
        "coordinates": "31.746752,34.996836",
        "nearest_building_dist_m": 23.94,
        "newly_covered_buildings": 17,
        "newly_covered_people_est": 119
      }
    },
    {
      "type": "Feature",
      "geometry": {
        "type": "Point",
        "coordinates": [
          34.991236099476374,
          31.753930600682015
        ]
      },
      "properties": {
        "rank": 35,
        "distance_metric": "graph",
        "placement_mode": "exact",
        "placement_semantics": "exact_point",
        "shelter_id": 5149,
        "candidate_source": "network_nodes",
        "time_bucket": "5min",
        "time_seconds": 300,
        "coordinates": "31.753931,34.991236",
        "nearest_building_dist_m": 14.91,
        "newly_covered_buildings": 17,
        "newly_covered_people_est": 119
      }
    },
    {
      "type": "Feature",
      "geometry": {
        "type": "Point",
        "coordinates": [
          34.97879539237742,
          31.74178687564698
        ]
      },
      "properties": {
        "rank": 36,
        "distance_metric": "graph",
        "placement_mode": "exact",
        "placement_semantics": "exact_point",
        "shelter_id": 9946,
        "candidate_source": "network_nodes",
        "time_bucket": "5min",
        "time_seconds": 300,
        "coordinates": "31.741787,34.978795",
        "nearest_building_dist_m": 17.11,
        "newly_covered_buildings": 17,
        "newly_covered_people_est": 119
      }
    },
    {
      "type": "Feature",
      "geometry": {
        "type": "Point",
        "coordinates": [
          34.99658452973933,
          31.750754841071085
        ]
      },
      "properties": {
        "rank": 37,
        "distance_metric": "graph",
        "placement_mode": "exact",
        "placement_semantics": "exact_point",
        "shelter_id": 45,
        "candidate_source": "buildings",
        "time_bucket": "5min",
        "time_seconds": 300,
        "coordinates": "31.750755,34.996585",
        "nearest_building_dist_m": 0.0,
        "newly_covered_buildings": 16,
        "newly_covered_people_est": 112
      }
    },
    {
      "type": "Feature",
      "geometry": {
        "type": "Point",
        "coordinates": [
          34.984385806384,
          31.71457189834617
        ]
      },
      "properties": {
        "rank": 38,
        "distance_metric": "graph",
        "placement_mode": "exact",
        "placement_semantics": "exact_point",
        "shelter_id": 2420,
        "candidate_source": "buildings",
        "time_bucket": "5min",
        "time_seconds": 300,
        "coordinates": "31.714572,34.984386",
        "nearest_building_dist_m": 0.0,
        "newly_covered_buildings": 16,
        "newly_covered_people_est": 112
      }
    },
    {
      "type": "Feature",
      "geometry": {
        "type": "Point",
        "coordinates": [
          34.988929899475416,
          31.739829700683348
        ]
      },
      "properties": {
        "rank": 39,
        "distance_metric": "graph",
        "placement_mode": "exact",
        "placement_semantics": "exact_point",
        "shelter_id": 5661,
        "candidate_source": "network_nodes",
        "time_bucket": "5min",
        "time_seconds": 300,
        "coordinates": "31.739830,34.988930",
        "nearest_building_dist_m": 32.37,
        "newly_covered_buildings": 16,
        "newly_covered_people_est": 112
      }
    },
    {
      "type": "Feature",
      "geometry": {
        "type": "Point",
        "coordinates": [
          34.98887609947339,
          31.711733000686277
        ]
      },
      "properties": {
        "rank": 40,
        "distance_metric": "graph",
        "placement_mode": "exact",
        "placement_semantics": "exact_point",
        "shelter_id": 6521,
        "candidate_source": "network_nodes",
        "time_bucket": "5min",
        "time_seconds": 300,
        "coordinates": "31.711733,34.988876",
        "nearest_building_dist_m": 42.88,
        "newly_covered_buildings": 16,
        "newly_covered_people_est": 112
      }
    },
    {
      "type": "Feature",
      "geometry": {
        "type": "Point",
        "coordinates": [
          34.98358809020795,
          31.743369337245014
        ]
      },
      "properties": {
        "rank": 41,
        "distance_metric": "graph",
        "placement_mode": "exact",
        "placement_semantics": "exact_point",
        "shelter_id": 3249,
        "candidate_source": "buildings",
        "time_bucket": "5min",
        "time_seconds": 300,
        "coordinates": "31.743369,34.983588",
        "nearest_building_dist_m": 0.0,
        "newly_covered_buildings": 15,
        "newly_covered_people_est": 105
      }
    },
    {
      "type": "Feature",
      "geometry": {
        "type": "Point",
        "coordinates": [
          34.988735684621574,
          31.74627403821342
        ]
      },
      "properties": {
        "rank": 42,
        "distance_metric": "graph",
        "placement_mode": "exact",
        "placement_semantics": "exact_point",
        "shelter_id": 3515,
        "candidate_source": "buildings",
        "time_bucket": "5min",
        "time_seconds": 300,
        "coordinates": "31.746274,34.988736",
        "nearest_building_dist_m": 0.0,
        "newly_covered_buildings": 15,
        "newly_covered_people_est": 105
      }
    },
    {
      "type": "Feature",
      "geometry": {
        "type": "Point",
        "coordinates": [
          34.99707579947571,
          31.74757180068303
        ]
      },
      "properties": {
        "rank": 43,
        "distance_metric": "graph",
        "placement_mode": "exact",
        "placement_semantics": "exact_point",
        "shelter_id": 4787,
        "candidate_source": "network_nodes",
        "time_bucket": "5min",
        "time_seconds": 300,
        "coordinates": "31.747572,34.997076",
        "nearest_building_dist_m": 38.91,
        "newly_covered_buildings": 15,
        "newly_covered_people_est": 105
      }
    },
    {
      "type": "Feature",
      "geometry": {
        "type": "Point",
        "coordinates": [
          34.97877929947444,
          31.72162010068463
        ]
      },
      "properties": {
        "rank": 44,
        "distance_metric": "graph",
        "placement_mode": "exact",
        "placement_semantics": "exact_point",
        "shelter_id": 5529,
        "candidate_source": "network_nodes",
        "time_bucket": "5min",
        "time_seconds": 300,
        "coordinates": "31.721620,34.978779",
        "nearest_building_dist_m": 22.2,
        "newly_covered_buildings": 15,
        "newly_covered_people_est": 105
      }
    },
    {
      "type": "Feature",
      "geometry": {
        "type": "Point",
        "coordinates": [
          34.97652709947475,
          31.72486680068417
        ]
      },
      "properties": {
        "rank": 45,
        "distance_metric": "graph",
        "placement_mode": "exact",
        "placement_semantics": "exact_point",
        "shelter_id": 5953,
        "candidate_source": "network_nodes",
        "time_bucket": "5min",
        "time_seconds": 300,
        "coordinates": "31.724867,34.976527",
        "nearest_building_dist_m": 23.94,
        "newly_covered_buildings": 15,
        "newly_covered_people_est": 105
      }
    },
    {
      "type": "Feature",
      "geometry": {
        "type": "Point",
        "coordinates": [
          34.983982380144006,
          31.74966257547356
        ]
      },
      "properties": {
        "rank": 46,
        "distance_metric": "graph",
        "placement_mode": "exact",
        "placement_semantics": "exact_point",
        "shelter_id": 3871,
        "candidate_source": "buildings",
        "time_bucket": "5min",
        "time_seconds": 300,
        "coordinates": "31.749663,34.983982",
        "nearest_building_dist_m": 0.0,
        "newly_covered_buildings": 14,
        "newly_covered_people_est": 98
      }
    },
    {
      "type": "Feature",
      "geometry": {
        "type": "Point",
        "coordinates": [
          34.974754499475836,
          31.738916200682585
        ]
      },
      "properties": {
        "rank": 47,
        "distance_metric": "graph",
        "placement_mode": "exact",
        "placement_semantics": "exact_point",
        "shelter_id": 5175,
        "candidate_source": "network_nodes",
        "time_bucket": "5min",
        "time_seconds": 300,
        "coordinates": "31.738916,34.974754",
        "nearest_building_dist_m": 27.59,
        "newly_covered_buildings": 14,
        "newly_covered_people_est": 98
      }
    },
    {
      "type": "Feature",
      "geometry": {
        "type": "Point",
        "coordinates": [
          34.98059259947347,
          31.708929600686073
        ]
      },
      "properties": {
        "rank": 48,
        "distance_metric": "graph",
        "placement_mode": "exact",
        "placement_semantics": "exact_point",
        "shelter_id": 6343,
        "candidate_source": "network_nodes",
        "time_bucket": "5min",
        "time_seconds": 300,
        "coordinates": "31.708930,34.980593",
        "nearest_building_dist_m": 17.72,
        "newly_covered_buildings": 14,
        "newly_covered_people_est": 98
      }
    },
    {
      "type": "Feature",
      "geometry": {
        "type": "Point",
        "coordinates": [
          34.993143599472646,
          31.70311780068746
        ]
      },
      "properties": {
        "rank": 49,
        "distance_metric": "graph",
        "placement_mode": "exact",
        "placement_semantics": "exact_point",
        "shelter_id": 6425,
        "candidate_source": "network_nodes",
        "time_bucket": "5min",
        "time_seconds": 300,
        "coordinates": "31.703118,34.993144",
        "nearest_building_dist_m": 23.1,
        "newly_covered_buildings": 14,
        "newly_covered_people_est": 98
      }
    },
    {
      "type": "Feature",
      "geometry": {
        "type": "Point",
        "coordinates": [
          34.998605499472724,
          31.706860700687386
        ]
      },
      "properties": {
        "rank": 50,
        "distance_metric": "graph",
        "placement_mode": "exact",
        "placement_semantics": "exact_point",
        "shelter_id": 6719,
        "candidate_source": "network_nodes",
        "time_bucket": "5min",
        "time_seconds": 300,
        "coordinates": "31.706861,34.998605",
        "nearest_building_dist_m": 24.35,
        "newly_covered_buildings": 14,
        "newly_covered_people_est": 98
      }
    },
    {
      "type": "Feature",
      "geometry": {
        "type": "Point",
        "coordinates": [
          34.996731199473196,
          31.712522300686665
        ]
      },
      "properties": {
        "rank": 51,
        "distance_metric": "graph",
        "placement_mode": "exact",
        "placement_semantics": "exact_point",
        "shelter_id": 7930,
        "candidate_source": "network_nodes",
        "time_bucket": "5min",
        "time_seconds": 300,
        "coordinates": "31.712522,34.996731",
        "nearest_building_dist_m": 16.93,
        "newly_covered_buildings": 14,
        "newly_covered_people_est": 98
      }
    },
    {
      "type": "Feature",
      "geometry": {
        "type": "Point",
        "coordinates": [
          34.988452707993254,
          31.747205851698933
        ]
      },
      "properties": {
        "rank": 52,
        "distance_metric": "graph",
        "placement_mode": "exact",
        "placement_semantics": "exact_point",
        "shelter_id": 9064,
        "candidate_source": "network_nodes",
        "time_bucket": "5min",
        "time_seconds": 300,
        "coordinates": "31.747206,34.988453",
        "nearest_building_dist_m": 13.5,
        "newly_covered_buildings": 14,
        "newly_covered_people_est": 98
      }
    },
    {
      "type": "Feature",
      "geometry": {
        "type": "Point",
        "coordinates": [
          34.99881164738389,
          31.709830594713704
        ]
      },
      "properties": {
        "rank": 53,
        "distance_metric": "graph",
        "placement_mode": "exact",
        "placement_semantics": "exact_point",
        "shelter_id": 10767,
        "candidate_source": "network_nodes",
        "time_bucket": "5min",
        "time_seconds": 300,
        "coordinates": "31.709831,34.998812",
        "nearest_building_dist_m": 9.97,
        "newly_covered_buildings": 14,
        "newly_covered_people_est": 98
      }
    },
    {
      "type": "Feature",
      "geometry": {
        "type": "Point",
        "coordinates": [
          35.00089362611427,
          31.709604990390147
        ]
      },
      "properties": {
        "rank": 54,
        "distance_metric": "graph",
        "placement_mode": "exact",
        "placement_semantics": "exact_point",
        "shelter_id": 928,
        "candidate_source": "buildings",
        "time_bucket": "5min",
        "time_seconds": 300,
        "coordinates": "31.709605,35.000894",
        "nearest_building_dist_m": 0.0,
        "newly_covered_buildings": 13,
        "newly_covered_people_est": 91
      }
    },
    {
      "type": "Feature",
      "geometry": {
        "type": "Point",
        "coordinates": [
          34.99219609762799,
          31.740887508997645
        ]
      },
      "properties": {
        "rank": 55,
        "distance_metric": "graph",
        "placement_mode": "exact",
        "placement_semantics": "exact_point",
        "shelter_id": 977,
        "candidate_source": "buildings",
        "time_bucket": "5min",
        "time_seconds": 300,
        "coordinates": "31.740888,34.992196",
        "nearest_building_dist_m": 0.0,
        "newly_covered_buildings": 13,
        "newly_covered_people_est": 91
      }
    },
    {
      "type": "Feature",
      "geometry": {
        "type": "Point",
        "coordinates": [
          34.98165711148713,
          31.750905656387985
        ]
      },
      "properties": {
        "rank": 56,
        "distance_metric": "graph",
        "placement_mode": "exact",
        "placement_semantics": "exact_point",
        "shelter_id": 4004,
        "candidate_source": "buildings",
        "time_bucket": "5min",
        "time_seconds": 300,
        "coordinates": "31.750906,34.981657",
        "nearest_building_dist_m": 0.0,
        "newly_covered_buildings": 13,
        "newly_covered_people_est": 91
      }
    },
    {
      "type": "Feature",
      "geometry": {
        "type": "Point",
        "coordinates": [
          34.97947609947542,
          31.735474200683225
        ]
      },
      "properties": {
        "rank": 57,
        "distance_metric": "graph",
        "placement_mode": "exact",
        "placement_semantics": "exact_point",
        "shelter_id": 4748,
        "candidate_source": "network_nodes",
        "time_bucket": "5min",
        "time_seconds": 300,
        "coordinates": "31.735474,34.979476",
        "nearest_building_dist_m": 25.04,
        "newly_covered_buildings": 13,
        "newly_covered_people_est": 91
      }
    },
    {
      "type": "Feature",
      "geometry": {
        "type": "Point",
        "coordinates": [
          34.99883050435765,
          31.71788278925009
        ]
      },
      "properties": {
        "rank": 58,
        "distance_metric": "graph",
        "placement_mode": "exact",
        "placement_semantics": "exact_point",
        "shelter_id": 1548,
        "candidate_source": "buildings",
        "time_bucket": "5min",
        "time_seconds": 300,
        "coordinates": "31.717883,34.998831",
        "nearest_building_dist_m": 0.0,
        "newly_covered_buildings": 12,
        "newly_covered_people_est": 84
      }
    },
    {
      "type": "Feature",
      "geometry": {
        "type": "Point",
        "coordinates": [
          34.998129827010565,
          31.749483076202434
        ]
      },
      "properties": {
        "rank": 59,
        "distance_metric": "graph",
        "placement_mode": "exact",
        "placement_semantics": "exact_point",
        "shelter_id": 3856,
        "candidate_source": "buildings",
        "time_bucket": "5min",
        "time_seconds": 300,
        "coordinates": "31.749483,34.998130",
        "nearest_building_dist_m": 0.0,
        "newly_covered_buildings": 12,
        "newly_covered_people_est": 84
      }
    },
    {
      "type": "Feature",
      "geometry": {
        "type": "Point",
        "coordinates": [
          34.97777999947553,
          31.736109700683055
        ]
      },
      "properties": {
        "rank": 60,
        "distance_metric": "graph",
        "placement_mode": "exact",
        "placement_semantics": "exact_point",
        "shelter_id": 5181,
        "candidate_source": "network_nodes",
        "time_bucket": "5min",
        "time_seconds": 300,
        "coordinates": "31.736110,34.977780",
        "nearest_building_dist_m": 23.94,
        "newly_covered_buildings": 12,
        "newly_covered_people_est": 84
      }
    },
    {
      "type": "Feature",
      "geometry": {
        "type": "Point",
        "coordinates": [
          34.99901089947594,
          31.75150590068276
        ]
      },
      "properties": {
        "rank": 61,
        "distance_metric": "graph",
        "placement_mode": "exact",
        "placement_semantics": "exact_point",
        "shelter_id": 5712,
        "candidate_source": "network_nodes",
        "time_bucket": "5min",
        "time_seconds": 300,
        "coordinates": "31.751506,34.999011",
        "nearest_building_dist_m": 30.81,
        "newly_covered_buildings": 12,
        "newly_covered_people_est": 84
      }
    },
    {
      "type": "Feature",
      "geometry": {
        "type": "Point",
        "coordinates": [
          34.9759127994728,
          31.697820800686937
        ]
      },
      "properties": {
        "rank": 62,
        "distance_metric": "graph",
        "placement_mode": "exact",
        "placement_semantics": "exact_point",
        "shelter_id": 6003,
        "candidate_source": "network_nodes",
        "time_bucket": "5min",
        "time_seconds": 300,
        "coordinates": "31.697821,34.975913",
        "nearest_building_dist_m": 26.52,
        "newly_covered_buildings": 12,
        "newly_covered_people_est": 84
      }
    },
    {
      "type": "Feature",
      "geometry": {
        "type": "Point",
        "coordinates": [
          34.974656099472966,
          31.6992920006867
        ]
      },
      "properties": {
        "rank": 63,
        "distance_metric": "graph",
        "placement_mode": "exact",
        "placement_semantics": "exact_point",
        "shelter_id": 6143,
        "candidate_source": "network_nodes",
        "time_bucket": "5min",
        "time_seconds": 300,
        "coordinates": "31.699292,34.974656",
        "nearest_building_dist_m": 29.13,
        "newly_covered_buildings": 12,
        "newly_covered_people_est": 84
      }
    },
    {
      "type": "Feature",
      "geometry": {
        "type": "Point",
        "coordinates": [
          34.980017999473255,
          31.705939200686338
        ]
      },
      "properties": {
        "rank": 64,
        "distance_metric": "graph",
        "placement_mode": "exact",
        "placement_semantics": "exact_point",
        "shelter_id": 6331,
        "candidate_source": "network_nodes",
        "time_bucket": "5min",
        "time_seconds": 300,
        "coordinates": "31.705939,34.980018",
        "nearest_building_dist_m": 19.75,
        "newly_covered_buildings": 12,
        "newly_covered_people_est": 84
      }
    },
    {
      "type": "Feature",
      "geometry": {
        "type": "Point",
        "coordinates": [
          34.99199672513472,
          31.744545535422112
        ]
      },
      "properties": {
        "rank": 65,
        "distance_metric": "graph",
        "placement_mode": "exact",
        "placement_semantics": "exact_point",
        "shelter_id": 11900,
        "candidate_source": "network_nodes",
        "time_bucket": "5min",
        "time_seconds": 300,
        "coordinates": "31.744546,34.991997",
        "nearest_building_dist_m": 16.6,
        "newly_covered_buildings": 12,
        "newly_covered_people_est": 84
      }
    },
    {
      "type": "Feature",
      "geometry": {
        "type": "Point",
        "coordinates": [
          34.99548074772772,
          31.750462601512535
        ]
      },
      "properties": {
        "rank": 66,
        "distance_metric": "graph",
        "placement_mode": "exact",
        "placement_semantics": "exact_point",
        "shelter_id": 1432,
        "candidate_source": "buildings",
        "time_bucket": "5min",
        "time_seconds": 300,
        "coordinates": "31.750463,34.995481",
        "nearest_building_dist_m": 0.0,
        "newly_covered_buildings": 11,
        "newly_covered_people_est": 77
      }
    },
    {
      "type": "Feature",
      "geometry": {
        "type": "Point",
        "coordinates": [
          34.98740129963567,
          31.700998627243468
        ]
      },
      "properties": {
        "rank": 67,
        "distance_metric": "graph",
        "placement_mode": "exact",
        "placement_semantics": "exact_point",
        "shelter_id": 1868,
        "candidate_source": "buildings",
        "time_bucket": "5min",
        "time_seconds": 300,
        "coordinates": "31.700999,34.987401",
        "nearest_building_dist_m": 0.0,
        "newly_covered_buildings": 11,
        "newly_covered_people_est": 77
      }
    },
    {
      "type": "Feature",
      "geometry": {
        "type": "Point",
        "coordinates": [
          34.97959394255327,
          31.73869874498645
        ]
      },
      "properties": {
        "rank": 68,
        "distance_metric": "graph",
        "placement_mode": "exact",
        "placement_semantics": "exact_point",
        "shelter_id": 2925,
        "candidate_source": "buildings",
        "time_bucket": "5min",
        "time_seconds": 300,
        "coordinates": "31.738699,34.979594",
        "nearest_building_dist_m": 0.0,
        "newly_covered_buildings": 11,
        "newly_covered_people_est": 77
      }
    },
    {
      "type": "Feature",
      "geometry": {
        "type": "Point",
        "coordinates": [
          34.98458617796619,
          31.739054656272717
        ]
      },
      "properties": {
        "rank": 69,
        "distance_metric": "graph",
        "placement_mode": "exact",
        "placement_semantics": "exact_point",
        "shelter_id": 2977,
        "candidate_source": "buildings",
        "time_bucket": "5min",
        "time_seconds": 300,
        "coordinates": "31.739055,34.984586",
        "nearest_building_dist_m": 0.0,
        "newly_covered_buildings": 11,
        "newly_covered_people_est": 77
      }
    },
    {
      "type": "Feature",
      "geometry": {
        "type": "Point",
        "coordinates": [
          34.988011227410105,
          31.749162062413156
        ]
      },
      "properties": {
        "rank": 70,
        "distance_metric": "graph",
        "placement_mode": "exact",
        "placement_semantics": "exact_point",
        "shelter_id": 3837,
        "candidate_source": "buildings",
        "time_bucket": "5min",
        "time_seconds": 300,
        "coordinates": "31.749162,34.988011",
        "nearest_building_dist_m": 0.0,
        "newly_covered_buildings": 11,
        "newly_covered_people_est": 77
      }
    },
    {
      "type": "Feature",
      "geometry": {
        "type": "Point",
        "coordinates": [
          34.99042058185197,
          31.746648818614943
        ]
      },
      "properties": {
        "rank": 71,
        "distance_metric": "graph",
        "placement_mode": "exact",
        "placement_semantics": "exact_point",
        "shelter_id": 4385,
        "candidate_source": "buildings",
        "time_bucket": "5min",
        "time_seconds": 300,
        "coordinates": "31.746649,34.990421",
        "nearest_building_dist_m": 0.0,
        "newly_covered_buildings": 11,
        "newly_covered_people_est": 77
      }
    },
    {
      "type": "Feature",
      "geometry": {
        "type": "Point",
        "coordinates": [
          34.99320479947441,
          31.72772180068488
        ]
      },
      "properties": {
        "rank": 72,
        "distance_metric": "graph",
        "placement_mode": "exact",
        "placement_semantics": "exact_point",
        "shelter_id": 5028,
        "candidate_source": "network_nodes",
        "time_bucket": "5min",
        "time_seconds": 300,
        "coordinates": "31.727722,34.993205",
        "nearest_building_dist_m": 25.27,
        "newly_covered_buildings": 11,
        "newly_covered_people_est": 77
      }
    },
    {
      "type": "Feature",
      "geometry": {
        "type": "Point",
        "coordinates": [
          34.99734829947653,
          31.75907620068185
        ]
      },
      "properties": {
        "rank": 73,
        "distance_metric": "graph",
        "placement_mode": "exact",
        "placement_semantics": "exact_point",
        "shelter_id": 5588,
        "candidate_source": "network_nodes",
        "time_bucket": "5min",
        "time_seconds": 300,
        "coordinates": "31.759076,34.997348",
        "nearest_building_dist_m": 24.52,
        "newly_covered_buildings": 11,
        "newly_covered_people_est": 77
      }
    },
    {
      "type": "Feature",
      "geometry": {
        "type": "Point",
        "coordinates": [
          34.99994039947325,
          31.714690500686654
        ]
      },
      "properties": {
        "rank": 74,
        "distance_metric": "graph",
        "placement_mode": "exact",
        "placement_semantics": "exact_point",
        "shelter_id": 5829,
        "candidate_source": "network_nodes",
        "time_bucket": "5min",
        "time_seconds": 300,
        "coordinates": "31.714691,34.999940",
        "nearest_building_dist_m": 25.96,
        "newly_covered_buildings": 11,
        "newly_covered_people_est": 77
      }
    },
    {
      "type": "Feature",
      "geometry": {
        "type": "Point",
        "coordinates": [
          35.01622359622374,
          31.761320682928776
        ]
      },
      "properties": {
        "rank": 75,
        "distance_metric": "graph",
        "placement_mode": "exact",
        "placement_semantics": "exact_point",
        "shelter_id": 95,
        "candidate_source": "buildings",
        "time_bucket": "5min",
        "time_seconds": 300,
        "coordinates": "31.761321,35.016224",
        "nearest_building_dist_m": 0.0,
        "newly_covered_buildings": 10,
        "newly_covered_people_est": 70
      }
    },
    {
      "type": "Feature",
      "geometry": {
        "type": "Point",
        "coordinates": [
          34.99288808498781,
          31.75376592892301
        ]
      },
      "properties": {
        "rank": 76,
        "distance_metric": "graph",
        "placement_mode": "exact",
        "placement_semantics": "exact_point",
        "shelter_id": 168,
        "candidate_source": "buildings",
        "time_bucket": "5min",
        "time_seconds": 300,
        "coordinates": "31.753766,34.992888",
        "nearest_building_dist_m": 0.0,
        "newly_covered_buildings": 10,
        "newly_covered_people_est": 70
      }
    },
    {
      "type": "Feature",
      "geometry": {
        "type": "Point",
        "coordinates": [
          34.989278736638056,
          31.706457268670064
        ]
      },
      "properties": {
        "rank": 77,
        "distance_metric": "graph",
        "placement_mode": "exact",
        "placement_semantics": "exact_point",
        "shelter_id": 2034,
        "candidate_source": "buildings",
        "time_bucket": "5min",
        "time_seconds": 300,
        "coordinates": "31.706457,34.989279",
        "nearest_building_dist_m": 0.0,
        "newly_covered_buildings": 10,
        "newly_covered_people_est": 70
      }
    },
    {
      "type": "Feature",
      "geometry": {
        "type": "Point",
        "coordinates": [
          35.00041087842727,
          31.71006335073668
        ]
      },
      "properties": {
        "rank": 78,
        "distance_metric": "graph",
        "placement_mode": "exact",
        "placement_semantics": "exact_point",
        "shelter_id": 2172,
        "candidate_source": "buildings",
        "time_bucket": "5min",
        "time_seconds": 300,
        "coordinates": "31.710063,35.000411",
        "nearest_building_dist_m": 0.0,
        "newly_covered_buildings": 10,
        "newly_covered_people_est": 70
      }
    },
    {
      "type": "Feature",
      "geometry": {
        "type": "Point",
        "coordinates": [
          34.98255011741094,
          31.738928948347475
        ]
      },
      "properties": {
        "rank": 79,
        "distance_metric": "graph",
        "placement_mode": "exact",
        "placement_semantics": "exact_point",
        "shelter_id": 2960,
        "candidate_source": "buildings",
        "time_bucket": "5min",
        "time_seconds": 300,
        "coordinates": "31.738929,34.982550",
        "nearest_building_dist_m": 0.0,
        "newly_covered_buildings": 10,
        "newly_covered_people_est": 70
      }
    },
    {
      "type": "Feature",
      "geometry": {
        "type": "Point",
        "coordinates": [
          34.98135910393899,
          31.752996673115373
        ]
      },
      "properties": {
        "rank": 80,
        "distance_metric": "graph",
        "placement_mode": "exact",
        "placement_semantics": "exact_point",
        "shelter_id": 4232,
        "candidate_source": "buildings",
        "time_bucket": "5min",
        "time_seconds": 300,
        "coordinates": "31.752997,34.981359",
        "nearest_building_dist_m": 0.0,
        "newly_covered_buildings": 10,
        "newly_covered_people_est": 70
      }
    },
    {
      "type": "Feature",
      "geometry": {
        "type": "Point",
        "coordinates": [
          34.999476318817344,
          31.74843444411611
        ]
      },
      "properties": {
        "rank": 81,
        "distance_metric": "graph",
        "placement_mode": "exact",
        "placement_semantics": "exact_point",
        "shelter_id": 276,
        "candidate_source": "buildings",
        "time_bucket": "5min",
        "time_seconds": 300,
        "coordinates": "31.748434,34.999476",
        "nearest_building_dist_m": 0.0,
        "newly_covered_buildings": 9,
        "newly_covered_people_est": 63
      }
    },
    {
      "type": "Feature",
      "geometry": {
        "type": "Point",
        "coordinates": [
          34.99857705268283,
          31.735793049687267
        ]
      },
      "properties": {
        "rank": 82,
        "distance_metric": "graph",
        "placement_mode": "exact",
        "placement_semantics": "exact_point",
        "shelter_id": 572,
        "candidate_source": "buildings",
        "time_bucket": "5min",
        "time_seconds": 300,
        "coordinates": "31.735793,34.998577",
        "nearest_building_dist_m": 0.0,
        "newly_covered_buildings": 9,
        "newly_covered_people_est": 63
      }
    },
    {
      "type": "Feature",
      "geometry": {
        "type": "Point",
        "coordinates": [
          35.006602028560195,
          31.698895624075153
        ]
      },
      "properties": {
        "rank": 83,
        "distance_metric": "graph",
        "placement_mode": "exact",
        "placement_semantics": "exact_point",
        "shelter_id": 1632,
        "candidate_source": "buildings",
        "time_bucket": "5min",
        "time_seconds": 300,
        "coordinates": "31.698896,35.006602",
        "nearest_building_dist_m": 0.0,
        "newly_covered_buildings": 9,
        "newly_covered_people_est": 63
      }
    },
    {
      "type": "Feature",
      "geometry": {
        "type": "Point",
        "coordinates": [
          34.97021200720906,
          31.70055362155208
        ]
      },
      "properties": {
        "rank": 84,
        "distance_metric": "graph",
        "placement_mode": "exact",
        "placement_semantics": "exact_point",
        "shelter_id": 1734,
        "candidate_source": "buildings",
        "time_bucket": "5min",
        "time_seconds": 300,
        "coordinates": "31.700554,34.970212",
        "nearest_building_dist_m": 0.0,
        "newly_covered_buildings": 9,
        "newly_covered_people_est": 63
      }
    },
    {
      "type": "Feature",
      "geometry": {
        "type": "Point",
        "coordinates": [
          34.99151466341893,
          31.72887682922267
        ]
      },
      "properties": {
        "rank": 85,
        "distance_metric": "graph",
        "placement_mode": "exact",
        "placement_semantics": "exact_point",
        "shelter_id": 2641,
        "candidate_source": "buildings",
        "time_bucket": "5min",
        "time_seconds": 300,
        "coordinates": "31.728877,34.991515",
        "nearest_building_dist_m": 0.0,
        "newly_covered_buildings": 9,
        "newly_covered_people_est": 63
      }
    },
    {
      "type": "Feature",
      "geometry": {
        "type": "Point",
        "coordinates": [
          34.97996397125424,
          31.749773149301532
        ]
      },
      "properties": {
        "rank": 86,
        "distance_metric": "graph",
        "placement_mode": "exact",
        "placement_semantics": "exact_point",
        "shelter_id": 3884,
        "candidate_source": "buildings",
        "time_bucket": "5min",
        "time_seconds": 300,
        "coordinates": "31.749773,34.979964",
        "nearest_building_dist_m": 0.0,
        "newly_covered_buildings": 9,
        "newly_covered_people_est": 63
      }
    },
    {
      "type": "Feature",
      "geometry": {
        "type": "Point",
        "coordinates": [
          34.98953385099606,
          31.754186418395726
        ]
      },
      "properties": {
        "rank": 87,
        "distance_metric": "graph",
        "placement_mode": "exact",
        "placement_semantics": "exact_point",
        "shelter_id": 4340,
        "candidate_source": "buildings",
        "time_bucket": "5min",
        "time_seconds": 300,
        "coordinates": "31.754186,34.989534",
        "nearest_building_dist_m": 0.0,
        "newly_covered_buildings": 9,
        "newly_covered_people_est": 63
      }
    },
    {
      "type": "Feature",
      "geometry": {
        "type": "Point",
        "coordinates": [
          34.9560647994764,
          31.7383173006815
        ]
      },
      "properties": {
        "rank": 88,
        "distance_metric": "graph",
        "placement_mode": "exact",
        "placement_semantics": "exact_point",
        "shelter_id": 5912,
        "candidate_source": "network_nodes",
        "time_bucket": "5min",
        "time_seconds": 300,
        "coordinates": "31.738317,34.956065",
        "nearest_building_dist_m": 24.71,
        "newly_covered_buildings": 9,
        "newly_covered_people_est": 63
      }
    },
    {
      "type": "Feature",
      "geometry": {
        "type": "Point",
        "coordinates": [
          34.99035799947348,
          31.71364200068617
        ]
      },
      "properties": {
        "rank": 89,
        "distance_metric": "graph",
        "placement_mode": "exact",
        "placement_semantics": "exact_point",
        "shelter_id": 5963,
        "candidate_source": "network_nodes",
        "time_bucket": "5min",
        "time_seconds": 300,
        "coordinates": "31.713642,34.990358",
        "nearest_building_dist_m": 19.53,
        "newly_covered_buildings": 9,
        "newly_covered_people_est": 63
      }
    },
    {
      "type": "Feature",
      "geometry": {
        "type": "Point",
        "coordinates": [
          34.96123459947417,
          31.709746600684806
        ]
      },
      "properties": {
        "rank": 90,
        "distance_metric": "graph",
        "placement_mode": "exact",
        "placement_semantics": "exact_point",
        "shelter_id": 6031,
        "candidate_source": "network_nodes",
        "time_bucket": "5min",
        "time_seconds": 300,
        "coordinates": "31.709747,34.961235",
        "nearest_building_dist_m": 64.84,
        "newly_covered_buildings": 9,
        "newly_covered_people_est": 63
      }
    },
    {
      "type": "Feature",
      "geometry": {
        "type": "Point",
        "coordinates": [
          34.99187619947291,
          31.70662090068701
        ]
      },
      "properties": {
        "rank": 91,
        "distance_metric": "graph",
        "placement_mode": "exact",
        "placement_semantics": "exact_point",
        "shelter_id": 6439,
        "candidate_source": "network_nodes",
        "time_bucket": "5min",
        "time_seconds": 300,
        "coordinates": "31.706621,34.991876",
        "nearest_building_dist_m": 23.03,
        "newly_covered_buildings": 9,
        "newly_covered_people_est": 63
      }
    },
    {
      "type": "Feature",
      "geometry": {
        "type": "Point",
        "coordinates": [
          34.984390169036864,
          31.73725036314721
        ]
      },
      "properties": {
        "rank": 92,
        "distance_metric": "graph",
        "placement_mode": "exact",
        "placement_semantics": "exact_point",
        "shelter_id": 11409,
        "candidate_source": "network_nodes",
        "time_bucket": "5min",
        "time_seconds": 300,
        "coordinates": "31.737250,34.984390",
        "nearest_building_dist_m": 19.15,
        "newly_covered_buildings": 9,
        "newly_covered_people_est": 63
      }
    },
    {
      "type": "Feature",
      "geometry": {
        "type": "Point",
        "coordinates": [
          35.01502651616076,
          31.760486151233934
        ]
      },
      "properties": {
        "rank": 93,
        "distance_metric": "graph",
        "placement_mode": "exact",
        "placement_semantics": "exact_point",
        "shelter_id": 96,
        "candidate_source": "buildings",
        "time_bucket": "5min",
        "time_seconds": 300,
        "coordinates": "31.760486,35.015027",
        "nearest_building_dist_m": 0.0,
        "newly_covered_buildings": 8,
        "newly_covered_people_est": 56
      }
    },
    {
      "type": "Feature",
      "geometry": {
        "type": "Point",
        "coordinates": [
          34.986266393164854,
          31.751184881423356
        ]
      },
      "properties": {
        "rank": 94,
        "distance_metric": "graph",
        "placement_mode": "exact",
        "placement_semantics": "exact_point",
        "shelter_id": 261,
        "candidate_source": "buildings",
        "time_bucket": "5min",
        "time_seconds": 300,
        "coordinates": "31.751185,34.986266",
        "nearest_building_dist_m": 0.0,
        "newly_covered_buildings": 8,
        "newly_covered_people_est": 56
      }
    },
    {
      "type": "Feature",
      "geometry": {
        "type": "Point",
        "coordinates": [
          34.98440111777886,
          31.70168340116711
        ]
      },
      "properties": {
        "rank": 95,
        "distance_metric": "graph",
        "placement_mode": "exact",
        "placement_semantics": "exact_point",
        "shelter_id": 390,
        "candidate_source": "buildings",
        "time_bucket": "5min",
        "time_seconds": 300,
        "coordinates": "31.701683,34.984401",
        "nearest_building_dist_m": 0.0,
        "newly_covered_buildings": 8,
        "newly_covered_people_est": 56
      }
    },
    {
      "type": "Feature",
      "geometry": {
        "type": "Point",
        "coordinates": [
          34.99293984110141,
          31.72397663973247
        ]
      },
      "properties": {
        "rank": 96,
        "distance_metric": "graph",
        "placement_mode": "exact",
        "placement_semantics": "exact_point",
        "shelter_id": 1007,
        "candidate_source": "buildings",
        "time_bucket": "5min",
        "time_seconds": 300,
        "coordinates": "31.723977,34.992940",
        "nearest_building_dist_m": 0.0,
        "newly_covered_buildings": 8,
        "newly_covered_people_est": 56
      }
    },
    {
      "type": "Feature",
      "geometry": {
        "type": "Point",
        "coordinates": [
          34.980485315994976,
          31.73975336635156
        ]
      },
      "properties": {
        "rank": 97,
        "distance_metric": "graph",
        "placement_mode": "exact",
        "placement_semantics": "exact_point",
        "shelter_id": 1131,
        "candidate_source": "buildings",
        "time_bucket": "5min",
        "time_seconds": 300,
        "coordinates": "31.739753,34.980485",
        "nearest_building_dist_m": 0.0,
        "newly_covered_buildings": 8,
        "newly_covered_people_est": 56
      }
    },
    {
      "type": "Feature",
      "geometry": {
        "type": "Point",
        "coordinates": [
          34.99490170323029,
          31.761537615524222
        ]
      },
      "properties": {
        "rank": 98,
        "distance_metric": "graph",
        "placement_mode": "exact",
        "placement_semantics": "exact_point",
        "shelter_id": 1483,
        "candidate_source": "buildings",
        "time_bucket": "5min",
        "time_seconds": 300,
        "coordinates": "31.761538,34.994902",
        "nearest_building_dist_m": 0.0,
        "newly_covered_buildings": 8,
        "newly_covered_people_est": 56
      }
    },
    {
      "type": "Feature",
      "geometry": {
        "type": "Point",
        "coordinates": [
          34.993059884010336,
          31.71740462153465
        ]
      },
      "properties": {
        "rank": 99,
        "distance_metric": "graph",
        "placement_mode": "exact",
        "placement_semantics": "exact_point",
        "shelter_id": 2548,
        "candidate_source": "buildings",
        "time_bucket": "5min",
        "time_seconds": 300,
        "coordinates": "31.717405,34.993060",
        "nearest_building_dist_m": 0.0,
        "newly_covered_buildings": 8,
        "newly_covered_people_est": 56
      }
    },
    {
      "type": "Feature",
      "geometry": {
        "type": "Point",
        "coordinates": [
          34.98219982938167,
          31.735685951201425
        ]
      },
      "properties": {
        "rank": 100,
        "distance_metric": "graph",
        "placement_mode": "exact",
        "placement_semantics": "exact_point",
        "shelter_id": 2710,
        "candidate_source": "buildings",
        "time_bucket": "5min",
        "time_seconds": 300,
        "coordinates": "31.735686,34.982200",
        "nearest_building_dist_m": 0.0,
        "newly_covered_buildings": 8,
        "newly_covered_people_est": 56
      }
    },
    {
      "type": "Feature",
      "geometry": {
        "type": "Point",
        "coordinates": [
          34.9803086182928,
          31.74391804938691
        ]
      },
      "properties": {
        "rank": 101,
        "distance_metric": "graph",
        "placement_mode": "exact",
        "placement_semantics": "exact_point",
        "shelter_id": 3295,
        "candidate_source": "buildings",
        "time_bucket": "5min",
        "time_seconds": 300,
        "coordinates": "31.743918,34.980309",
        "nearest_building_dist_m": 0.0,
        "newly_covered_buildings": 8,
        "newly_covered_people_est": 56
      }
    },
    {
      "type": "Feature",
      "geometry": {
        "type": "Point",
        "coordinates": [
          34.98958470346684,
          31.705690281543614
        ]
      },
      "properties": {
        "rank": 102,
        "distance_metric": "graph",
        "placement_mode": "exact",
        "placement_semantics": "exact_point",
        "shelter_id": 4419,
        "candidate_source": "buildings",
        "time_bucket": "5min",
        "time_seconds": 300,
        "coordinates": "31.705690,34.989585",
        "nearest_building_dist_m": 0.0,
        "newly_covered_buildings": 8,
        "newly_covered_people_est": 56
      }
    },
    {
      "type": "Feature",
      "geometry": {
        "type": "Point",
        "coordinates": [
          34.99503619947575,
          31.74712820068296
        ]
      },
      "properties": {
        "rank": 103,
        "distance_metric": "graph",
        "placement_mode": "exact",
        "placement_semantics": "exact_point",
        "shelter_id": 4851,
        "candidate_source": "network_nodes",
        "time_bucket": "5min",
        "time_seconds": 300,
        "coordinates": "31.747128,34.995036",
        "nearest_building_dist_m": 17.51,
        "newly_covered_buildings": 8,
        "newly_covered_people_est": 56
      }
    },
    {
      "type": "Feature",
      "geometry": {
        "type": "Point",
        "coordinates": [
          34.98234619947627,
          31.748218700682074
        ]
      },
      "properties": {
        "rank": 104,
        "distance_metric": "graph",
        "placement_mode": "exact",
        "placement_semantics": "exact_point",
        "shelter_id": 5173,
        "candidate_source": "network_nodes",
        "time_bucket": "5min",
        "time_seconds": 300,
        "coordinates": "31.748219,34.982346",
        "nearest_building_dist_m": 26.04,
        "newly_covered_buildings": 8,
        "newly_covered_people_est": 56
      }
    },
    {
      "type": "Feature",
      "geometry": {
        "type": "Point",
        "coordinates": [
          34.988644099474214,
          31.72306020068507
        ]
      },
      "properties": {
        "rank": 105,
        "distance_metric": "graph",
        "placement_mode": "exact",
        "placement_semantics": "exact_point",
        "shelter_id": 5280,
        "candidate_source": "network_nodes",
        "time_bucket": "5min",
        "time_seconds": 300,
        "coordinates": "31.723060,34.988644",
        "nearest_building_dist_m": 29.07,
        "newly_covered_buildings": 8,
        "newly_covered_people_est": 56
      }
    },
    {
      "type": "Feature",
      "geometry": {
        "type": "Point",
        "coordinates": [
          34.96183679947399,
          31.707814800685018
        ]
      },
      "properties": {
        "rank": 106,
        "distance_metric": "graph",
        "placement_mode": "exact",
        "placement_semantics": "exact_point",
        "shelter_id": 6040,
        "candidate_source": "network_nodes",
        "time_bucket": "5min",
        "time_seconds": 300,
        "coordinates": "31.707815,34.961837",
        "nearest_building_dist_m": 70.29,
        "newly_covered_buildings": 8,
        "newly_covered_people_est": 56
      }
    },
    {
      "type": "Feature",
      "geometry": {
        "type": "Point",
        "coordinates": [
          34.99378519947324,
          31.711930100686544
        ]
      },
      "properties": {
        "rank": 107,
        "distance_metric": "graph",
        "placement_mode": "exact",
        "placement_semantics": "exact_point",
        "shelter_id": 7573,
        "candidate_source": "network_nodes",
        "time_bucket": "5min",
        "time_seconds": 300,
        "coordinates": "31.711930,34.993785",
        "nearest_building_dist_m": 37.99,
        "newly_covered_buildings": 8,
        "newly_covered_people_est": 56
      }
    },
    {
      "type": "Feature",
      "geometry": {
        "type": "Point",
        "coordinates": [
          34.99775689947284,
          31.7081152006872
        ]
      },
      "properties": {
        "rank": 108,
        "distance_metric": "graph",
        "placement_mode": "exact",
        "placement_semantics": "exact_point",
        "shelter_id": 7661,
        "candidate_source": "network_nodes",
        "time_bucket": "5min",
        "time_seconds": 300,
        "coordinates": "31.708115,34.997757",
        "nearest_building_dist_m": 20.56,
        "newly_covered_buildings": 8,
        "newly_covered_people_est": 56
      }
    },
    {
      "type": "Feature",
      "geometry": {
        "type": "Point",
        "coordinates": [
          34.98170027116756,
          31.73674836865188
        ]
      },
      "properties": {
        "rank": 109,
        "distance_metric": "graph",
        "placement_mode": "exact",
        "placement_semantics": "exact_point",
        "shelter_id": 11370,
        "candidate_source": "network_nodes",
        "time_bucket": "5min",
        "time_seconds": 300,
        "coordinates": "31.736748,34.981700",
        "nearest_building_dist_m": 20.83,
        "newly_covered_buildings": 8,
        "newly_covered_people_est": 56
      }
    },
    {
      "type": "Feature",
      "geometry": {
        "type": "Point",
        "coordinates": [
          34.97835714678823,
          31.736489448259967
        ]
      },
      "properties": {
        "rank": 110,
        "distance_metric": "graph",
        "placement_mode": "exact",
        "placement_semantics": "exact_point",
        "shelter_id": 384,
        "candidate_source": "buildings",
        "time_bucket": "5min",
        "time_seconds": 300,
        "coordinates": "31.736489,34.978357",
        "nearest_building_dist_m": 0.0,
        "newly_covered_buildings": 7,
        "newly_covered_people_est": 49
      }
    },
    {
      "type": "Feature",
      "geometry": {
        "type": "Point",
        "coordinates": [
          34.98984086683712,
          31.712537026859803
        ]
      },
      "properties": {
        "rank": 111,
        "distance_metric": "graph",
        "placement_mode": "exact",
        "placement_semantics": "exact_point",
        "shelter_id": 428,
        "candidate_source": "buildings",
        "time_bucket": "5min",
        "time_seconds": 300,
        "coordinates": "31.712537,34.989841",
        "nearest_building_dist_m": 0.0,
        "newly_covered_buildings": 7,
        "newly_covered_people_est": 49
      }
    },
    {
      "type": "Feature",
      "geometry": {
        "type": "Point",
        "coordinates": [
          34.99485457366931,
          31.70958060805445
        ]
      },
      "properties": {
        "rank": 112,
        "distance_metric": "graph",
        "placement_mode": "exact",
        "placement_semantics": "exact_point",
        "shelter_id": 1334,
        "candidate_source": "buildings",
        "time_bucket": "5min",
        "time_seconds": 300,
        "coordinates": "31.709581,34.994855",
        "nearest_building_dist_m": 0.0,
        "newly_covered_buildings": 7,
        "newly_covered_people_est": 49
      }
    },
    {
      "type": "Feature",
      "geometry": {
        "type": "Point",
        "coordinates": [
          34.97558433277934,
          31.74352521729239
        ]
      },
      "properties": {
        "rank": 113,
        "distance_metric": "graph",
        "placement_mode": "exact",
        "placement_semantics": "exact_point",
        "shelter_id": 1373,
        "candidate_source": "buildings",
        "time_bucket": "5min",
        "time_seconds": 300,
        "coordinates": "31.743525,34.975584",
        "nearest_building_dist_m": 0.0,
        "newly_covered_buildings": 7,
        "newly_covered_people_est": 49
      }
    },
    {
      "type": "Feature",
      "geometry": {
        "type": "Point",
        "coordinates": [
          34.98077529217979,
          31.701523762560768
        ]
      },
      "properties": {
        "rank": 114,
        "distance_metric": "graph",
        "placement_mode": "exact",
        "placement_semantics": "exact_point",
        "shelter_id": 1590,
        "candidate_source": "buildings",
        "time_bucket": "5min",
        "time_seconds": 300,
        "coordinates": "31.701524,34.980775",
        "nearest_building_dist_m": 0.0,
        "newly_covered_buildings": 7,
        "newly_covered_people_est": 49
      }
    },
    {
      "type": "Feature",
      "geometry": {
        "type": "Point",
        "coordinates": [
          35.00068935004634,
          31.737682453964194
        ]
      },
      "properties": {
        "rank": 115,
        "distance_metric": "graph",
        "placement_mode": "exact",
        "placement_semantics": "exact_point",
        "shelter_id": 1606,
        "candidate_source": "buildings",
        "time_bucket": "5min",
        "time_seconds": 300,
        "coordinates": "31.737682,35.000689",
        "nearest_building_dist_m": 0.0,
        "newly_covered_buildings": 7,
        "newly_covered_people_est": 49
      }
    },
    {
      "type": "Feature",
      "geometry": {
        "type": "Point",
        "coordinates": [
          34.983685258113546,
          31.70798233914512
        ]
      },
      "properties": {
        "rank": 116,
        "distance_metric": "graph",
        "placement_mode": "exact",
        "placement_semantics": "exact_point",
        "shelter_id": 1811,
        "candidate_source": "buildings",
        "time_bucket": "5min",
        "time_seconds": 300,
        "coordinates": "31.707982,34.983685",
        "nearest_building_dist_m": 0.0,
        "newly_covered_buildings": 7,
        "newly_covered_people_est": 49
      }
    },
    {
      "type": "Feature",
      "geometry": {
        "type": "Point",
        "coordinates": [
          34.97832345040978,
          31.703044488778986
        ]
      },
      "properties": {
        "rank": 117,
        "distance_metric": "graph",
        "placement_mode": "exact",
        "placement_semantics": "exact_point",
        "shelter_id": 1915,
        "candidate_source": "buildings",
        "time_bucket": "5min",
        "time_seconds": 300,
        "coordinates": "31.703044,34.978323",
        "nearest_building_dist_m": 0.0,
        "newly_covered_buildings": 7,
        "newly_covered_people_est": 49
      }
    },
    {
      "type": "Feature",
      "geometry": {
        "type": "Point",
        "coordinates": [
          35.00158923020402,
          31.70865088217965
        ]
      },
      "properties": {
        "rank": 118,
        "distance_metric": "graph",
        "placement_mode": "exact",
        "placement_semantics": "exact_point",
        "shelter_id": 2108,
        "candidate_source": "buildings",
        "time_bucket": "5min",
        "time_seconds": 300,
        "coordinates": "31.708651,35.001589",
        "nearest_building_dist_m": 0.0,
        "newly_covered_buildings": 7,
        "newly_covered_people_est": 49
      }
    },
    {
      "type": "Feature",
      "geometry": {
        "type": "Point",
        "coordinates": [
          35.00082237582225,
          31.712086327636676
        ]
      },
      "properties": {
        "rank": 119,
        "distance_metric": "graph",
        "placement_mode": "exact",
        "placement_semantics": "exact_point",
        "shelter_id": 2277,
        "candidate_source": "buildings",
        "time_bucket": "5min",
        "time_seconds": 300,
        "coordinates": "31.712086,35.000822",
        "nearest_building_dist_m": 0.0,
        "newly_covered_buildings": 7,
        "newly_covered_people_est": 49
      }
    },
    {
      "type": "Feature",
      "geometry": {
        "type": "Point",
        "coordinates": [
          34.98873646601219,
          31.733451123942526
        ]
      },
      "properties": {
        "rank": 120,
        "distance_metric": "graph",
        "placement_mode": "exact",
        "placement_semantics": "exact_point",
        "shelter_id": 2684,
        "candidate_source": "buildings",
        "time_bucket": "5min",
        "time_seconds": 300,
        "coordinates": "31.733451,34.988736",
        "nearest_building_dist_m": 0.0,
        "newly_covered_buildings": 7,
        "newly_covered_people_est": 49
      }
    },
    {
      "type": "Feature",
      "geometry": {
        "type": "Point",
        "coordinates": [
          34.99821946428689,
          31.736661123071297
        ]
      },
      "properties": {
        "rank": 121,
        "distance_metric": "graph",
        "placement_mode": "exact",
        "placement_semantics": "exact_point",
        "shelter_id": 2772,
        "candidate_source": "buildings",
        "time_bucket": "5min",
        "time_seconds": 300,
        "coordinates": "31.736661,34.998219",
        "nearest_building_dist_m": 0.0,
        "newly_covered_buildings": 7,
        "newly_covered_people_est": 49
      }
    },
    {
      "type": "Feature",
      "geometry": {
        "type": "Point",
        "coordinates": [
          34.982523604491725,
          31.75298848965258
        ]
      },
      "properties": {
        "rank": 122,
        "distance_metric": "graph",
        "placement_mode": "exact",
        "placement_semantics": "exact_point",
        "shelter_id": 4228,
        "candidate_source": "buildings",
        "time_bucket": "5min",
        "time_seconds": 300,
        "coordinates": "31.752988,34.982524",
        "nearest_building_dist_m": 0.0,
        "newly_covered_buildings": 7,
        "newly_covered_people_est": 49
      }
    },
    {
      "type": "Feature",
      "geometry": {
        "type": "Point",
        "coordinates": [
          34.97025476641974,
          31.70202799017992
        ]
      },
      "properties": {
        "rank": 123,
        "distance_metric": "graph",
        "placement_mode": "exact",
        "placement_semantics": "exact_point",
        "shelter_id": 4667,
        "candidate_source": "buildings",
        "time_bucket": "5min",
        "time_seconds": 300,
        "coordinates": "31.702028,34.970255",
        "nearest_building_dist_m": 0.0,
        "newly_covered_buildings": 7,
        "newly_covered_people_est": 49
      }
    },
    {
      "type": "Feature",
      "geometry": {
        "type": "Point",
        "coordinates": [
          34.986792799475666,
          31.742268800682965
        ]
      },
      "properties": {
        "rank": 124,
        "distance_metric": "graph",
        "placement_mode": "exact",
        "placement_semantics": "exact_point",
        "shelter_id": 4959,
        "candidate_source": "network_nodes",
        "time_bucket": "5min",
        "time_seconds": 300,
        "coordinates": "31.742269,34.986793",
        "nearest_building_dist_m": 32.66,
        "newly_covered_buildings": 7,
        "newly_covered_people_est": 49
      }
    },
    {
      "type": "Feature",
      "geometry": {
        "type": "Point",
        "coordinates": [
          34.9950026994741,
          31.72411510068538
        ]
      },
      "properties": {
        "rank": 125,
        "distance_metric": "graph",
        "placement_mode": "exact",
        "placement_semantics": "exact_point",
        "shelter_id": 5289,
        "candidate_source": "network_nodes",
        "time_bucket": "5min",
        "time_seconds": 300,
        "coordinates": "31.724115,34.995003",
        "nearest_building_dist_m": 31.9,
        "newly_covered_buildings": 7,
        "newly_covered_people_est": 49
      }
    },
    {
      "type": "Feature",
      "geometry": {
        "type": "Point",
        "coordinates": [
          34.99831599947635,
          31.756836500682148
        ]
      },
      "properties": {
        "rank": 126,
        "distance_metric": "graph",
        "placement_mode": "exact",
        "placement_semantics": "exact_point",
        "shelter_id": 5577,
        "candidate_source": "network_nodes",
        "time_bucket": "5min",
        "time_seconds": 300,
        "coordinates": "31.756837,34.998316",
        "nearest_building_dist_m": 46.36,
        "newly_covered_buildings": 7,
        "newly_covered_people_est": 49
      }
    },
    {
      "type": "Feature",
      "geometry": {
        "type": "Point",
        "coordinates": [
          34.97729649947328,
          31.704981300686274
        ]
      },
      "properties": {
        "rank": 127,
        "distance_metric": "graph",
        "placement_mode": "exact",
        "placement_semantics": "exact_point",
        "shelter_id": 6325,
        "candidate_source": "network_nodes",
        "time_bucket": "5min",
        "time_seconds": 300,
        "coordinates": "31.704981,34.977296",
        "nearest_building_dist_m": 13.09,
        "newly_covered_buildings": 7,
        "newly_covered_people_est": 49
      }
    },
    {
      "type": "Feature",
      "geometry": {
        "type": "Point",
        "coordinates": [
          34.99340799947279,
          31.705440000687226
        ]
      },
      "properties": {
        "rank": 128,
        "distance_metric": "graph",
        "placement_mode": "exact",
        "placement_semantics": "exact_point",
        "shelter_id": 6635,
        "candidate_source": "network_nodes",
        "time_bucket": "5min",
        "time_seconds": 300,
        "coordinates": "31.705440,34.993408",
        "nearest_building_dist_m": 38.19,
        "newly_covered_buildings": 7,
        "newly_covered_people_est": 49
      }
    },
    {
      "type": "Feature",
      "geometry": {
        "type": "Point",
        "coordinates": [
          34.97396499947323,
          31.702771200686293
        ]
      },
      "properties": {
        "rank": 129,
        "distance_metric": "graph",
        "placement_mode": "exact",
        "placement_semantics": "exact_point",
        "shelter_id": 7245,
        "candidate_source": "network_nodes",
        "time_bucket": "5min",
        "time_seconds": 300,
        "coordinates": "31.702771,34.973965",
        "nearest_building_dist_m": 34.29,
        "newly_covered_buildings": 7,
        "newly_covered_people_est": 49
      }
    },
    {
      "type": "Feature",
      "geometry": {
        "type": "Point",
        "coordinates": [
          34.96324389947435,
          31.71329590068455
        ]
      },
      "properties": {
        "rank": 130,
        "distance_metric": "graph",
        "placement_mode": "exact",
        "placement_semantics": "exact_point",
        "shelter_id": 7410,
        "candidate_source": "network_nodes",
        "time_bucket": "5min",
        "time_seconds": 300,
        "coordinates": "31.713296,34.963244",
        "nearest_building_dist_m": 40.26,
        "newly_covered_buildings": 7,
        "newly_covered_people_est": 49
      }
    },
    {
      "type": "Feature",
      "geometry": {
        "type": "Point",
        "coordinates": [
          34.98905883246136,
          31.753985632918514
        ]
      },
      "properties": {
        "rank": 131,
        "distance_metric": "graph",
        "placement_mode": "exact",
        "placement_semantics": "exact_point",
        "shelter_id": 31,
        "candidate_source": "buildings",
        "time_bucket": "5min",
        "time_seconds": 300,
        "coordinates": "31.753986,34.989059",
        "nearest_building_dist_m": 0.0,
        "newly_covered_buildings": 6,
        "newly_covered_people_est": 42
      }
    },
    {
      "type": "Feature",
      "geometry": {
        "type": "Point",
        "coordinates": [
          34.98898162428667,
          31.75488526317256
        ]
      },
      "properties": {
        "rank": 132,
        "distance_metric": "graph",
        "placement_mode": "exact",
        "placement_semantics": "exact_point",
        "shelter_id": 160,
        "candidate_source": "buildings",
        "time_bucket": "5min",
        "time_seconds": 300,
        "coordinates": "31.754885,34.988982",
        "nearest_building_dist_m": 0.0,
        "newly_covered_buildings": 6,
        "newly_covered_people_est": 42
      }
    },
    {
      "type": "Feature",
      "geometry": {
        "type": "Point",
        "coordinates": [
          34.99108171484064,
          31.769578485605624
        ]
      },
      "properties": {
        "rank": 133,
        "distance_metric": "graph",
        "placement_mode": "exact",
        "placement_semantics": "exact_point",
        "shelter_id": 197,
        "candidate_source": "buildings",
        "time_bucket": "5min",
        "time_seconds": 300,
        "coordinates": "31.769578,34.991082",
        "nearest_building_dist_m": 0.0,
        "newly_covered_buildings": 6,
        "newly_covered_people_est": 42
      }
    },
    {
      "type": "Feature",
      "geometry": {
        "type": "Point",
        "coordinates": [
          34.988684326137026,
          31.74805283206006
        ]
      },
      "properties": {
        "rank": 134,
        "distance_metric": "graph",
        "placement_mode": "exact",
        "placement_semantics": "exact_point",
        "shelter_id": 303,
        "candidate_source": "buildings",
        "time_bucket": "5min",
        "time_seconds": 300,
        "coordinates": "31.748053,34.988684",
        "nearest_building_dist_m": 0.0,
        "newly_covered_buildings": 6,
        "newly_covered_people_est": 42
      }
    },
    {
      "type": "Feature",
      "geometry": {
        "type": "Point",
        "coordinates": [
          34.98187776751565,
          31.742872995439768
        ]
      },
      "properties": {
        "rank": 135,
        "distance_metric": "graph",
        "placement_mode": "exact",
        "placement_semantics": "exact_point",
        "shelter_id": 552,
        "candidate_source": "buildings",
        "time_bucket": "5min",
        "time_seconds": 300,
        "coordinates": "31.742873,34.981878",
        "nearest_building_dist_m": 0.0,
        "newly_covered_buildings": 6,
        "newly_covered_people_est": 42
      }
    },
    {
      "type": "Feature",
      "geometry": {
        "type": "Point",
        "coordinates": [
          34.99041459526141,
          31.75054261845254
        ]
      },
      "properties": {
        "rank": 136,
        "distance_metric": "graph",
        "placement_mode": "exact",
        "placement_semantics": "exact_point",
        "shelter_id": 773,
        "candidate_source": "buildings",
        "time_bucket": "5min",
        "time_seconds": 300,
        "coordinates": "31.750543,34.990415",
        "nearest_building_dist_m": 0.0,
        "newly_covered_buildings": 6,
        "newly_covered_people_est": 42
      }
    },
    {
      "type": "Feature",
      "geometry": {
        "type": "Point",
        "coordinates": [
          34.99326767179984,
          31.73573155597032
        ]
      },
      "properties": {
        "rank": 137,
        "distance_metric": "graph",
        "placement_mode": "exact",
        "placement_semantics": "exact_point",
        "shelter_id": 776,
        "candidate_source": "buildings",
        "time_bucket": "5min",
        "time_seconds": 300,
        "coordinates": "31.735732,34.993268",
        "nearest_building_dist_m": 0.0,
        "newly_covered_buildings": 6,
        "newly_covered_people_est": 42
      }
    },
    {
      "type": "Feature",
      "geometry": {
        "type": "Point",
        "coordinates": [
          34.98059868090421,
          31.73917130214858
        ]
      },
      "properties": {
        "rank": 138,
        "distance_metric": "graph",
        "placement_mode": "exact",
        "placement_semantics": "exact_point",
        "shelter_id": 863,
        "candidate_source": "buildings",
        "time_bucket": "5min",
        "time_seconds": 300,
        "coordinates": "31.739171,34.980599",
        "nearest_building_dist_m": 0.0,
        "newly_covered_buildings": 6,
        "newly_covered_people_est": 42
      }
    },
    {
      "type": "Feature",
      "geometry": {
        "type": "Point",
        "coordinates": [
          34.99023746889249,
          31.74531170665046
        ]
      },
      "properties": {
        "rank": 139,
        "distance_metric": "graph",
        "placement_mode": "exact",
        "placement_semantics": "exact_point",
        "shelter_id": 941,
        "candidate_source": "buildings",
        "time_bucket": "5min",
        "time_seconds": 300,
        "coordinates": "31.745312,34.990237",
        "nearest_building_dist_m": 0.0,
        "newly_covered_buildings": 6,
        "newly_covered_people_est": 42
      }
    },
    {
      "type": "Feature",
      "geometry": {
        "type": "Point",
        "coordinates": [
          34.95594623149107,
          31.74048511748546
        ]
      },
      "properties": {
        "rank": 140,
        "distance_metric": "graph",
        "placement_mode": "exact",
        "placement_semantics": "exact_point",
        "shelter_id": 1146,
        "candidate_source": "buildings",
        "time_bucket": "5min",
        "time_seconds": 300,
        "coordinates": "31.740485,34.955946",
        "nearest_building_dist_m": 0.0,
        "newly_covered_buildings": 6,
        "newly_covered_people_est": 42
      }
    },
    {
      "type": "Feature",
      "geometry": {
        "type": "Point",
        "coordinates": [
          34.967014329321664,
          31.71332190068052
        ]
      },
      "properties": {
        "rank": 141,
        "distance_metric": "graph",
        "placement_mode": "exact",
        "placement_semantics": "exact_point",
        "shelter_id": 1814,
        "candidate_source": "buildings",
        "time_bucket": "5min",
        "time_seconds": 300,
        "coordinates": "31.713322,34.967014",
        "nearest_building_dist_m": 0.0,
        "newly_covered_buildings": 6,
        "newly_covered_people_est": 42
      }
    },
    {
      "type": "Feature",
      "geometry": {
        "type": "Point",
        "coordinates": [
          34.980758276792116,
          31.70251887975595
        ]
      },
      "properties": {
        "rank": 142,
        "distance_metric": "graph",
        "placement_mode": "exact",
        "placement_semantics": "exact_point",
        "shelter_id": 1896,
        "candidate_source": "buildings",
        "time_bucket": "5min",
        "time_seconds": 300,
        "coordinates": "31.702519,34.980758",
        "nearest_building_dist_m": 0.0,
        "newly_covered_buildings": 6,
        "newly_covered_people_est": 42
      }
    },
    {
      "type": "Feature",
      "geometry": {
        "type": "Point",
        "coordinates": [
          34.980100626190925,
          31.702649284712674
        ]
      },
      "properties": {
        "rank": 143,
        "distance_metric": "graph",
        "placement_mode": "exact",
        "placement_semantics": "exact_point",
        "shelter_id": 1901,
        "candidate_source": "buildings",
        "time_bucket": "5min",
        "time_seconds": 300,
        "coordinates": "31.702649,34.980101",
        "nearest_building_dist_m": 0.0,
        "newly_covered_buildings": 6,
        "newly_covered_people_est": 42
      }
    },
    {
      "type": "Feature",
      "geometry": {
        "type": "Point",
        "coordinates": [
          34.98503536091905,
          31.714441816716267
        ]
      },
      "properties": {
        "rank": 144,
        "distance_metric": "graph",
        "placement_mode": "exact",
        "placement_semantics": "exact_point",
        "shelter_id": 2413,
        "candidate_source": "buildings",
        "time_bucket": "5min",
        "time_seconds": 300,
        "coordinates": "31.714442,34.985035",
        "nearest_building_dist_m": 0.0,
        "newly_covered_buildings": 6,
        "newly_covered_people_est": 42
      }
    },
    {
      "type": "Feature",
      "geometry": {
        "type": "Point",
        "coordinates": [
          34.981537541180934,
          31.71577028755795
        ]
      },
      "properties": {
        "rank": 145,
        "distance_metric": "graph",
        "placement_mode": "exact",
        "placement_semantics": "exact_point",
        "shelter_id": 2482,
        "candidate_source": "buildings",
        "time_bucket": "5min",
        "time_seconds": 300,
        "coordinates": "31.715770,34.981538",
        "nearest_building_dist_m": 0.0,
        "newly_covered_buildings": 6,
        "newly_covered_people_est": 42
      }
    },
    {
      "type": "Feature",
      "geometry": {
        "type": "Point",
        "coordinates": [
          34.98302582269919,
          31.73608718454703
        ]
      },
      "properties": {
        "rank": 146,
        "distance_metric": "graph",
        "placement_mode": "exact",
        "placement_semantics": "exact_point",
        "shelter_id": 2732,
        "candidate_source": "buildings",
        "time_bucket": "5min",
        "time_seconds": 300,
        "coordinates": "31.736087,34.983026",
        "nearest_building_dist_m": 0.0,
        "newly_covered_buildings": 6,
        "newly_covered_people_est": 42
      }
    },
    {
      "type": "Feature",
      "geometry": {
        "type": "Point",
        "coordinates": [
          34.984812141734324,
          31.73909090591727
        ]
      },
      "properties": {
        "rank": 147,
        "distance_metric": "graph",
        "placement_mode": "exact",
        "placement_semantics": "exact_point",
        "shelter_id": 2973,
        "candidate_source": "buildings",
        "time_bucket": "5min",
        "time_seconds": 300,
        "coordinates": "31.739091,34.984812",
        "nearest_building_dist_m": 0.0,
        "newly_covered_buildings": 6,
        "newly_covered_people_est": 42
      }
    },
    {
      "type": "Feature",
      "geometry": {
        "type": "Point",
        "coordinates": [
          34.977058527235044,
          31.739094851504227
        ]
      },
      "properties": {
        "rank": 148,
        "distance_metric": "graph",
        "placement_mode": "exact",
        "placement_semantics": "exact_point",
        "shelter_id": 2987,
        "candidate_source": "buildings",
        "time_bucket": "5min",
        "time_seconds": 300,
        "coordinates": "31.739095,34.977059",
        "nearest_building_dist_m": 0.0,
        "newly_covered_buildings": 6,
        "newly_covered_people_est": 42
      }
    },
    {
      "type": "Feature",
      "geometry": {
        "type": "Point",
        "coordinates": [
          34.978240171239676,
          31.744106682679384
        ]
      },
      "properties": {
        "rank": 149,
        "distance_metric": "graph",
        "placement_mode": "exact",
        "placement_semantics": "exact_point",
        "shelter_id": 3314,
        "candidate_source": "buildings",
        "time_bucket": "5min",
        "time_seconds": 300,
        "coordinates": "31.744107,34.978240",
        "nearest_building_dist_m": 0.0,
        "newly_covered_buildings": 6,
        "newly_covered_people_est": 42
      }
    },
    {
      "type": "Feature",
      "geometry": {
        "type": "Point",
        "coordinates": [
          34.99704136690404,
          31.74972850086466
        ]
      },
      "properties": {
        "rank": 150,
        "distance_metric": "graph",
        "placement_mode": "exact",
        "placement_semantics": "exact_point",
        "shelter_id": 3879,
        "candidate_source": "buildings",
        "time_bucket": "5min",
        "time_seconds": 300,
        "coordinates": "31.749729,34.997041",
        "nearest_building_dist_m": 0.0,
        "newly_covered_buildings": 6,
        "newly_covered_people_est": 42
      }
    },
    {
      "type": "Feature",
      "geometry": {
        "type": "Point",
        "coordinates": [
          34.996627138244484,
          31.751627278964982
        ]
      },
      "properties": {
        "rank": 151,
        "distance_metric": "graph",
        "placement_mode": "exact",
        "placement_semantics": "exact_point",
        "shelter_id": 4085,
        "candidate_source": "buildings",
        "time_bucket": "5min",
        "time_seconds": 300,
        "coordinates": "31.751627,34.996627",
        "nearest_building_dist_m": 0.0,
        "newly_covered_buildings": 6,
        "newly_covered_people_est": 42
      }
    },
    {
      "type": "Feature",
      "geometry": {
        "type": "Point",
        "coordinates": [
          34.9940539913735,
          31.75167423262989
        ]
      },
      "properties": {
        "rank": 152,
        "distance_metric": "graph",
        "placement_mode": "exact",
        "placement_semantics": "exact_point",
        "shelter_id": 4093,
        "candidate_source": "buildings",
        "time_bucket": "5min",
        "time_seconds": 300,
        "coordinates": "31.751674,34.994054",
        "nearest_building_dist_m": 0.0,
        "newly_covered_buildings": 6,
        "newly_covered_people_est": 42
      }
    },
    {
      "type": "Feature",
      "geometry": {
        "type": "Point",
        "coordinates": [
          34.991739099476455,
          31.755204200681916
        ]
      },
      "properties": {
        "rank": 153,
        "distance_metric": "graph",
        "placement_mode": "exact",
        "placement_semantics": "exact_point",
        "shelter_id": 4701,
        "candidate_source": "network_nodes",
        "time_bucket": "5min",
        "time_seconds": 300,
        "coordinates": "31.755204,34.991739",
        "nearest_building_dist_m": 61.48,
        "newly_covered_buildings": 6,
        "newly_covered_people_est": 42
      }
    },
    {
      "type": "Feature",
      "geometry": {
        "type": "Point",
        "coordinates": [
          34.98894469947655,
          31.755396600681724
        ]
      },
      "properties": {
        "rank": 154,
        "distance_metric": "graph",
        "placement_mode": "exact",
        "placement_semantics": "exact_point",
        "shelter_id": 4710,
        "candidate_source": "network_nodes",
        "time_bucket": "5min",
        "time_seconds": 300,
        "coordinates": "31.755397,34.988945",
        "nearest_building_dist_m": 53.31,
        "newly_covered_buildings": 6,
        "newly_covered_people_est": 42
      }
    },
    {
      "type": "Feature",
      "geometry": {
        "type": "Point",
        "coordinates": [
          34.983223399473765,
          31.714489700685636
        ]
      },
      "properties": {
        "rank": 155,
        "distance_metric": "graph",
        "placement_mode": "exact",
        "placement_semantics": "exact_point",
        "shelter_id": 5267,
        "candidate_source": "network_nodes",
        "time_bucket": "5min",
        "time_seconds": 300,
        "coordinates": "31.714490,34.983223",
        "nearest_building_dist_m": 21.17,
        "newly_covered_buildings": 6,
        "newly_covered_people_est": 42
      }
    },
    {
      "type": "Feature",
      "geometry": {
        "type": "Point",
        "coordinates": [
          34.99644179947615,
          31.753322500682398
        ]
      },
      "properties": {
        "rank": 156,
        "distance_metric": "graph",
        "placement_mode": "exact",
        "placement_semantics": "exact_point",
        "shelter_id": 5876,
        "candidate_source": "network_nodes",
        "time_bucket": "5min",
        "time_seconds": 300,
        "coordinates": "31.753323,34.996442",
        "nearest_building_dist_m": 80.87,
        "newly_covered_buildings": 6,
        "newly_covered_people_est": 42
      }
    },
    {
      "type": "Feature",
      "geometry": {
        "type": "Point",
        "coordinates": [
          34.96570499947352,
          31.70288120068579
        ]
      },
      "properties": {
        "rank": 157,
        "distance_metric": "graph",
        "placement_mode": "exact",
        "placement_semantics": "exact_point",
        "shelter_id": 6172,
        "candidate_source": "network_nodes",
        "time_bucket": "5min",
        "time_seconds": 300,
        "coordinates": "31.702881,34.965705",
        "nearest_building_dist_m": 38.21,
        "newly_covered_buildings": 6,
        "newly_covered_people_est": 42
      }
    },
    {
      "type": "Feature",
      "geometry": {
        "type": "Point",
        "coordinates": [
          34.96540019947416,
          31.711701900684858
        ]
      },
      "properties": {
        "rank": 158,
        "distance_metric": "graph",
        "placement_mode": "exact",
        "placement_semantics": "exact_point",
        "shelter_id": 7386,
        "candidate_source": "network_nodes",
        "time_bucket": "5min",
        "time_seconds": 300,
        "coordinates": "31.711702,34.965400",
        "nearest_building_dist_m": 37.31,
        "newly_covered_buildings": 6,
        "newly_covered_people_est": 42
      }
    },
    {
      "type": "Feature",
      "geometry": {
        "type": "Point",
        "coordinates": [
          34.9849129458883,
          31.718992964316683
        ]
      },
      "properties": {
        "rank": 159,
        "distance_metric": "graph",
        "placement_mode": "exact",
        "placement_semantics": "exact_point",
        "shelter_id": 8525,
        "candidate_source": "network_nodes",
        "time_bucket": "5min",
        "time_seconds": 300,
        "coordinates": "31.718993,34.984913",
        "nearest_building_dist_m": 18.41,
        "newly_covered_buildings": 6,
        "newly_covered_people_est": 42
      }
    },
    {
      "type": "Feature",
      "geometry": {
        "type": "Point",
        "coordinates": [
          34.99923345228464,
          31.708805574466417
        ]
      },
      "properties": {
        "rank": 160,
        "distance_metric": "graph",
        "placement_mode": "exact",
        "placement_semantics": "exact_point",
        "shelter_id": 10727,
        "candidate_source": "network_nodes",
        "time_bucket": "5min",
        "time_seconds": 300,
        "coordinates": "31.708806,34.999233",
        "nearest_building_dist_m": 11.5,
        "newly_covered_buildings": 6,
        "newly_covered_people_est": 42
      }
    },
    {
      "type": "Feature",
      "geometry": {
        "type": "Point",
        "coordinates": [
          34.980776679102526,
          31.737828313018866
        ]
      },
      "properties": {
        "rank": 161,
        "distance_metric": "graph",
        "placement_mode": "exact",
        "placement_semantics": "exact_point",
        "shelter_id": 11462,
        "candidate_source": "network_nodes",
        "time_bucket": "5min",
        "time_seconds": 300,
        "coordinates": "31.737828,34.980777",
        "nearest_building_dist_m": 27.13,
        "newly_covered_buildings": 6,
        "newly_covered_people_est": 42
      }
    },
    {
      "type": "Feature",
      "geometry": {
        "type": "Point",
        "coordinates": [
          34.97733572111089,
          31.714278136478583
        ]
      },
      "properties": {
        "rank": 162,
        "distance_metric": "graph",
        "placement_mode": "exact",
        "placement_semantics": "exact_point",
        "shelter_id": 216,
        "candidate_source": "buildings",
        "time_bucket": "5min",
        "time_seconds": 300,
        "coordinates": "31.714278,34.977336",
        "nearest_building_dist_m": 0.0,
        "newly_covered_buildings": 5,
        "newly_covered_people_est": 35
      }
    },
    {
      "type": "Feature",
      "geometry": {
        "type": "Point",
        "coordinates": [
          34.958908538474866,
          31.729770072597603
        ]
      },
      "properties": {
        "rank": 163,
        "distance_metric": "graph",
        "placement_mode": "exact",
        "placement_semantics": "exact_point",
        "shelter_id": 224,
        "candidate_source": "buildings",
        "time_bucket": "5min",
        "time_seconds": 300,
        "coordinates": "31.729770,34.958909",
        "nearest_building_dist_m": 0.0,
        "newly_covered_buildings": 5,
        "newly_covered_people_est": 35
      }
    },
    {
      "type": "Feature",
      "geometry": {
        "type": "Point",
        "coordinates": [
          34.98967730719267,
          31.753468821397018
        ]
      },
      "properties": {
        "rank": 164,
        "distance_metric": "graph",
        "placement_mode": "exact",
        "placement_semantics": "exact_point",
        "shelter_id": 575,
        "candidate_source": "buildings",
        "time_bucket": "5min",
        "time_seconds": 300,
        "coordinates": "31.753469,34.989677",
        "nearest_building_dist_m": 0.0,
        "newly_covered_buildings": 5,
        "newly_covered_people_est": 35
      }
    },
    {
      "type": "Feature",
      "geometry": {
        "type": "Point",
        "coordinates": [
          34.98694828505294,
          31.75447372499027
        ]
      },
      "properties": {
        "rank": 165,
        "distance_metric": "graph",
        "placement_mode": "exact",
        "placement_semantics": "exact_point",
        "shelter_id": 780,
        "candidate_source": "buildings",
        "time_bucket": "5min",
        "time_seconds": 300,
        "coordinates": "31.754474,34.986948",
        "nearest_building_dist_m": 0.0,
        "newly_covered_buildings": 5,
        "newly_covered_people_est": 35
      }
    },
    {
      "type": "Feature",
      "geometry": {
        "type": "Point",
        "coordinates": [
          34.988732579027165,
          31.74642188143469
        ]
      },
      "properties": {
        "rank": 166,
        "distance_metric": "graph",
        "placement_mode": "exact",
        "placement_semantics": "exact_point",
        "shelter_id": 1032,
        "candidate_source": "buildings",
        "time_bucket": "5min",
        "time_seconds": 300,
        "coordinates": "31.746422,34.988733",
        "nearest_building_dist_m": 0.0,
        "newly_covered_buildings": 5,
        "newly_covered_people_est": 35
      }
    },
    {
      "type": "Feature",
      "geometry": {
        "type": "Point",
        "coordinates": [
          34.979950010401915,
          31.740472295472525
        ]
      },
      "properties": {
        "rank": 167,
        "distance_metric": "graph",
        "placement_mode": "exact",
        "placement_semantics": "exact_point",
        "shelter_id": 1338,
        "candidate_source": "buildings",
        "time_bucket": "5min",
        "time_seconds": 300,
        "coordinates": "31.740472,34.979950",
        "nearest_building_dist_m": 0.0,
        "newly_covered_buildings": 5,
        "newly_covered_people_est": 35
      }
    },
    {
      "type": "Feature",
      "geometry": {
        "type": "Point",
        "coordinates": [
          34.98513806535273,
          31.742891456368476
        ]
      },
      "properties": {
        "rank": 168,
        "distance_metric": "graph",
        "placement_mode": "exact",
        "placement_semantics": "exact_point",
        "shelter_id": 1422,
        "candidate_source": "buildings",
        "time_bucket": "5min",
        "time_seconds": 300,
        "coordinates": "31.742891,34.985138",
        "nearest_building_dist_m": 0.0,
        "newly_covered_buildings": 5,
        "newly_covered_people_est": 35
      }
    },
    {
      "type": "Feature",
      "geometry": {
        "type": "Point",
        "coordinates": [
          34.95621815488683,
          31.73701356796969
        ]
      },
      "properties": {
        "rank": 169,
        "distance_metric": "graph",
        "placement_mode": "exact",
        "placement_semantics": "exact_point",
        "shelter_id": 1478,
        "candidate_source": "buildings",
        "time_bucket": "5min",
        "time_seconds": 300,
        "coordinates": "31.737014,34.956218",
        "nearest_building_dist_m": 0.0,
        "newly_covered_buildings": 5,
        "newly_covered_people_est": 35
      }
    },
    {
      "type": "Feature",
      "geometry": {
        "type": "Point",
        "coordinates": [
          34.970069149506635,
          31.701470793629948
        ]
      },
      "properties": {
        "rank": 170,
        "distance_metric": "graph",
        "placement_mode": "exact",
        "placement_semantics": "exact_point",
        "shelter_id": 1694,
        "candidate_source": "buildings",
        "time_bucket": "5min",
        "time_seconds": 300,
        "coordinates": "31.701471,34.970069",
        "nearest_building_dist_m": 0.0,
        "newly_covered_buildings": 5,
        "newly_covered_people_est": 35
      }
    },
    {
      "type": "Feature",
      "geometry": {
        "type": "Point",
        "coordinates": [
          34.98675376020123,
          31.71879560728202
        ]
      },
      "properties": {
        "rank": 171,
        "distance_metric": "graph",
        "placement_mode": "exact",
        "placement_semantics": "exact_point",
        "shelter_id": 1857,
        "candidate_source": "buildings",
        "time_bucket": "5min",
        "time_seconds": 300,
        "coordinates": "31.718796,34.986754",
        "nearest_building_dist_m": 0.0,
        "newly_covered_buildings": 5,
        "newly_covered_people_est": 35
      }
    },
    {
      "type": "Feature",
      "geometry": {
        "type": "Point",
        "coordinates": [
          34.97765773709637,
          31.70357531134754
        ]
      },
      "properties": {
        "rank": 172,
        "distance_metric": "graph",
        "placement_mode": "exact",
        "placement_semantics": "exact_point",
        "shelter_id": 1933,
        "candidate_source": "buildings",
        "time_bucket": "5min",
        "time_seconds": 300,
        "coordinates": "31.703575,34.977658",
        "nearest_building_dist_m": 0.0,
        "newly_covered_buildings": 5,
        "newly_covered_people_est": 35
      }
    },
    {
      "type": "Feature",
      "geometry": {
        "type": "Point",
        "coordinates": [
          34.98451759043324,
          31.70502369999278
        ]
      },
      "properties": {
        "rank": 173,
        "distance_metric": "graph",
        "placement_mode": "exact",
        "placement_semantics": "exact_point",
        "shelter_id": 2005,
        "candidate_source": "buildings",
        "time_bucket": "5min",
        "time_seconds": 300,
        "coordinates": "31.705024,34.984518",
        "nearest_building_dist_m": 0.0,
        "newly_covered_buildings": 5,
        "newly_covered_people_est": 35
      }
    },
    {
      "type": "Feature",
      "geometry": {
        "type": "Point",
        "coordinates": [
          34.981672025811314,
          31.706850685353213
        ]
      },
      "properties": {
        "rank": 174,
        "distance_metric": "graph",
        "placement_mode": "exact",
        "placement_semantics": "exact_point",
        "shelter_id": 2045,
        "candidate_source": "buildings",
        "time_bucket": "5min",
        "time_seconds": 300,
        "coordinates": "31.706851,34.981672",
        "nearest_building_dist_m": 0.0,
        "newly_covered_buildings": 5,
        "newly_covered_people_est": 35
      }
    },
    {
      "type": "Feature",
      "geometry": {
        "type": "Point",
        "coordinates": [
          34.9974385390238,
          31.71193554748303
        ]
      },
      "properties": {
        "rank": 175,
        "distance_metric": "graph",
        "placement_mode": "exact",
        "placement_semantics": "exact_point",
        "shelter_id": 2275,
        "candidate_source": "buildings",
        "time_bucket": "5min",
        "time_seconds": 300,
        "coordinates": "31.711936,34.997439",
        "nearest_building_dist_m": 0.0,
        "newly_covered_buildings": 5,
        "newly_covered_people_est": 35
      }
    },
    {
      "type": "Feature",
      "geometry": {
        "type": "Point",
        "coordinates": [
          35.00112457523554,
          31.712416108331777
        ]
      },
      "properties": {
        "rank": 176,
        "distance_metric": "graph",
        "placement_mode": "exact",
        "placement_semantics": "exact_point",
        "shelter_id": 2291,
        "candidate_source": "buildings",
        "time_bucket": "5min",
        "time_seconds": 300,
        "coordinates": "31.712416,35.001125",
        "nearest_building_dist_m": 0.0,
        "newly_covered_buildings": 5,
        "newly_covered_people_est": 35
      }
    },
    {
      "type": "Feature",
      "geometry": {
        "type": "Point",
        "coordinates": [
          34.9993642167627,
          31.716279315221474
        ]
      },
      "properties": {
        "rank": 177,
        "distance_metric": "graph",
        "placement_mode": "exact",
        "placement_semantics": "exact_point",
        "shelter_id": 2501,
        "candidate_source": "buildings",
        "time_bucket": "5min",
        "time_seconds": 300,
        "coordinates": "31.716279,34.999364",
        "nearest_building_dist_m": 0.0,
        "newly_covered_buildings": 5,
        "newly_covered_people_est": 35
      }
    },
    {
      "type": "Feature",
      "geometry": {
        "type": "Point",
        "coordinates": [
          34.996208283346974,
          31.72609466984676
        ]
      },
      "properties": {
        "rank": 178,
        "distance_metric": "graph",
        "placement_mode": "exact",
        "placement_semantics": "exact_point",
        "shelter_id": 2608,
        "candidate_source": "buildings",
        "time_bucket": "5min",
        "time_seconds": 300,
        "coordinates": "31.726095,34.996208",
        "nearest_building_dist_m": 0.0,
        "newly_covered_buildings": 5,
        "newly_covered_people_est": 35
      }
    },
    {
      "type": "Feature",
      "geometry": {
        "type": "Point",
        "coordinates": [
          34.982885317280406,
          31.736311578693062
        ]
      },
      "properties": {
        "rank": 179,
        "distance_metric": "graph",
        "placement_mode": "exact",
        "placement_semantics": "exact_point",
        "shelter_id": 2753,
        "candidate_source": "buildings",
        "time_bucket": "5min",
        "time_seconds": 300,
        "coordinates": "31.736312,34.982885",
        "nearest_building_dist_m": 0.0,
        "newly_covered_buildings": 5,
        "newly_covered_people_est": 35
      }
    },
    {
      "type": "Feature",
      "geometry": {
        "type": "Point",
        "coordinates": [
          34.98385245674853,
          31.736785803753865
        ]
      },
      "properties": {
        "rank": 180,
        "distance_metric": "graph",
        "placement_mode": "exact",
        "placement_semantics": "exact_point",
        "shelter_id": 2781,
        "candidate_source": "buildings",
        "time_bucket": "5min",
        "time_seconds": 300,
        "coordinates": "31.736786,34.983852",
        "nearest_building_dist_m": 0.0,
        "newly_covered_buildings": 5,
        "newly_covered_people_est": 35
      }
    },
    {
      "type": "Feature",
      "geometry": {
        "type": "Point",
        "coordinates": [
          34.99149874357985,
          31.737259705688484
        ]
      },
      "properties": {
        "rank": 181,
        "distance_metric": "graph",
        "placement_mode": "exact",
        "placement_semantics": "exact_point",
        "shelter_id": 2799,
        "candidate_source": "buildings",
        "time_bucket": "5min",
        "time_seconds": 300,
        "coordinates": "31.737260,34.991499",
        "nearest_building_dist_m": 0.0,
        "newly_covered_buildings": 5,
        "newly_covered_people_est": 35
      }
    },
    {
      "type": "Feature",
      "geometry": {
        "type": "Point",
        "coordinates": [
          34.975523107948256,
          31.742604059172777
        ]
      },
      "properties": {
        "rank": 182,
        "distance_metric": "graph",
        "placement_mode": "exact",
        "placement_semantics": "exact_point",
        "shelter_id": 3192,
        "candidate_source": "buildings",
        "time_bucket": "5min",
        "time_seconds": 300,
        "coordinates": "31.742604,34.975523",
        "nearest_building_dist_m": 0.0,
        "newly_covered_buildings": 5,
        "newly_covered_people_est": 35
      }
    },
    {
      "type": "Feature",
      "geometry": {
        "type": "Point",
        "coordinates": [
          34.97609113820424,
          31.745758231953094
        ]
      },
      "properties": {
        "rank": 183,
        "distance_metric": "graph",
        "placement_mode": "exact",
        "placement_semantics": "exact_point",
        "shelter_id": 3459,
        "candidate_source": "buildings",
        "time_bucket": "5min",
        "time_seconds": 300,
        "coordinates": "31.745758,34.976091",
        "nearest_building_dist_m": 0.0,
        "newly_covered_buildings": 5,
        "newly_covered_people_est": 35
      }
    },
    {
      "type": "Feature",
      "geometry": {
        "type": "Point",
        "coordinates": [
          34.99338558422016,
          31.745681040374862
        ]
      },
      "properties": {
        "rank": 184,
        "distance_metric": "graph",
        "placement_mode": "exact",
        "placement_semantics": "exact_point",
        "shelter_id": 3464,
        "candidate_source": "buildings",
        "time_bucket": "5min",
        "time_seconds": 300,
        "coordinates": "31.745681,34.993386",
        "nearest_building_dist_m": 0.0,
        "newly_covered_buildings": 5,
        "newly_covered_people_est": 35
      }
    },
    {
      "type": "Feature",
      "geometry": {
        "type": "Point",
        "coordinates": [
          34.992512380509325,
          31.745863694179295
        ]
      },
      "properties": {
        "rank": 185,
        "distance_metric": "graph",
        "placement_mode": "exact",
        "placement_semantics": "exact_point",
        "shelter_id": 3486,
        "candidate_source": "buildings",
        "time_bucket": "5min",
        "time_seconds": 300,
        "coordinates": "31.745864,34.992512",
        "nearest_building_dist_m": 0.0,
        "newly_covered_buildings": 5,
        "newly_covered_people_est": 35
      }
    },
    {
      "type": "Feature",
      "geometry": {
        "type": "Point",
        "coordinates": [
          34.99280783474833,
          31.74670901462025
        ]
      },
      "properties": {
        "rank": 186,
        "distance_metric": "graph",
        "placement_mode": "exact",
        "placement_semantics": "exact_point",
        "shelter_id": 3544,
        "candidate_source": "buildings",
        "time_bucket": "5min",
        "time_seconds": 300,
        "coordinates": "31.746709,34.992808",
        "nearest_building_dist_m": 0.0,
        "newly_covered_buildings": 5,
        "newly_covered_people_est": 35
      }
    },
    {
      "type": "Feature",
      "geometry": {
        "type": "Point",
        "coordinates": [
          34.98539451393929,
          31.747736702694706
        ]
      },
      "properties": {
        "rank": 187,
        "distance_metric": "graph",
        "placement_mode": "exact",
        "placement_semantics": "exact_point",
        "shelter_id": 3670,
        "candidate_source": "buildings",
        "time_bucket": "5min",
        "time_seconds": 300,
        "coordinates": "31.747737,34.985395",
        "nearest_building_dist_m": 0.0,
        "newly_covered_buildings": 5,
        "newly_covered_people_est": 35
      }
    },
    {
      "type": "Feature",
      "geometry": {
        "type": "Point",
        "coordinates": [
          34.98061768679298,
          31.751125915191498
        ]
      },
      "properties": {
        "rank": 188,
        "distance_metric": "graph",
        "placement_mode": "exact",
        "placement_semantics": "exact_point",
        "shelter_id": 4038,
        "candidate_source": "buildings",
        "time_bucket": "5min",
        "time_seconds": 300,
        "coordinates": "31.751126,34.980618",
        "nearest_building_dist_m": 0.0,
        "newly_covered_buildings": 5,
        "newly_covered_people_est": 35
      }
    },
    {
      "type": "Feature",
      "geometry": {
        "type": "Point",
        "coordinates": [
          34.994157835119786,
          31.753114483445017
        ]
      },
      "properties": {
        "rank": 189,
        "distance_metric": "graph",
        "placement_mode": "exact",
        "placement_semantics": "exact_point",
        "shelter_id": 4251,
        "candidate_source": "buildings",
        "time_bucket": "5min",
        "time_seconds": 300,
        "coordinates": "31.753114,34.994158",
        "nearest_building_dist_m": 0.0,
        "newly_covered_buildings": 5,
        "newly_covered_people_est": 35
      }
    },
    {
      "type": "Feature",
      "geometry": {
        "type": "Point",
        "coordinates": [
          34.990096038622404,
          31.73710780091603
        ]
      },
      "properties": {
        "rank": 190,
        "distance_metric": "graph",
        "placement_mode": "exact",
        "placement_semantics": "exact_point",
        "shelter_id": 4451,
        "candidate_source": "buildings",
        "time_bucket": "5min",
        "time_seconds": 300,
        "coordinates": "31.737108,34.990096",
        "nearest_building_dist_m": 0.0,
        "newly_covered_buildings": 5,
        "newly_covered_people_est": 35
      }
    },
    {
      "type": "Feature",
      "geometry": {
        "type": "Point",
        "coordinates": [
          34.99099369947544,
          31.74094990068335
        ]
      },
      "properties": {
        "rank": 191,
        "distance_metric": "graph",
        "placement_mode": "exact",
        "placement_semantics": "exact_point",
        "shelter_id": 4915,
        "candidate_source": "network_nodes",
        "time_bucket": "5min",
        "time_seconds": 300,
        "coordinates": "31.740950,34.990994",
        "nearest_building_dist_m": 36.2,
        "newly_covered_buildings": 5,
        "newly_covered_people_est": 35
      }
    },
    {
      "type": "Feature",
      "geometry": {
        "type": "Point",
        "coordinates": [
          34.99484349947318,
          31.71141030068669
        ]
      },
      "properties": {
        "rank": 192,
        "distance_metric": "graph",
        "placement_mode": "exact",
        "placement_semantics": "exact_point",
        "shelter_id": 5425,
        "candidate_source": "network_nodes",
        "time_bucket": "5min",
        "time_seconds": 300,
        "coordinates": "31.711410,34.994843",
        "nearest_building_dist_m": 20.72,
        "newly_covered_buildings": 5,
        "newly_covered_people_est": 35
      }
    },
    {
      "type": "Feature",
      "geometry": {
        "type": "Point",
        "coordinates": [
          34.99533619947361,
          31.717636900686053
        ]
      },
      "properties": {
        "rank": 193,
        "distance_metric": "graph",
        "placement_mode": "exact",
        "placement_semantics": "exact_point",
        "shelter_id": 5962,
        "candidate_source": "network_nodes",
        "time_bucket": "5min",
        "time_seconds": 300,
        "coordinates": "31.717637,34.995336",
        "nearest_building_dist_m": 38.65,
        "newly_covered_buildings": 5,
        "newly_covered_people_est": 35
      }
    },
    {
      "type": "Feature",
      "geometry": {
        "type": "Point",
        "coordinates": [
          34.97226207322371,
          31.70198964417674
        ]
      },
      "properties": {
        "rank": 194,
        "distance_metric": "graph",
        "placement_mode": "exact",
        "placement_semantics": "exact_point",
        "shelter_id": 10285,
        "candidate_source": "network_nodes",
        "time_bucket": "5min",
        "time_seconds": 300,
        "coordinates": "31.701990,34.972262",
        "nearest_building_dist_m": 28.86,
        "newly_covered_buildings": 5,
        "newly_covered_people_est": 35
      }
    },
    {
      "type": "Feature",
      "geometry": {
        "type": "Point",
        "coordinates": [
          34.99900327513199,
          31.715532464127154
        ]
      },
      "properties": {
        "rank": 195,
        "distance_metric": "graph",
        "placement_mode": "exact",
        "placement_semantics": "exact_point",
        "shelter_id": 11064,
        "candidate_source": "network_nodes",
        "time_bucket": "5min",
        "time_seconds": 300,
        "coordinates": "31.715532,34.999003",
        "nearest_building_dist_m": 19.31,
        "newly_covered_buildings": 5,
        "newly_covered_people_est": 35
      }
    },
    {
      "type": "Feature",
      "geometry": {
        "type": "Point",
        "coordinates": [
          34.97961330630592,
          31.721391128453924
        ]
      },
      "properties": {
        "rank": 196,
        "distance_metric": "graph",
        "placement_mode": "exact",
        "placement_semantics": "exact_point",
        "shelter_id": 2,
        "candidate_source": "buildings",
        "time_bucket": "5min",
        "time_seconds": 300,
        "coordinates": "31.721391,34.979613",
        "nearest_building_dist_m": 0.0,
        "newly_covered_buildings": 4,
        "newly_covered_people_est": 28
      }
    },
    {
      "type": "Feature",
      "geometry": {
        "type": "Point",
        "coordinates": [
          34.98659128317619,
          31.74091887694046
        ]
      },
      "properties": {
        "rank": 197,
        "distance_metric": "graph",
        "placement_mode": "exact",
        "placement_semantics": "exact_point",
        "shelter_id": 54,
        "candidate_source": "buildings",
        "time_bucket": "5min",
        "time_seconds": 300,
        "coordinates": "31.740919,34.986591",
        "nearest_building_dist_m": 0.0,
        "newly_covered_buildings": 4,
        "newly_covered_people_est": 28
      }
    },
    {
      "type": "Feature",
      "geometry": {
        "type": "Point",
        "coordinates": [
          34.991985857582925,
          31.703577073232807
        ]
      },
      "properties": {
        "rank": 198,
        "distance_metric": "graph",
        "placement_mode": "exact",
        "placement_semantics": "exact_point",
        "shelter_id": 149,
        "candidate_source": "buildings",
        "time_bucket": "5min",
        "time_seconds": 300,
        "coordinates": "31.703577,34.991986",
        "nearest_building_dist_m": 0.0,
        "newly_covered_buildings": 4,
        "newly_covered_people_est": 28
      }
    },
    {
      "type": "Feature",
      "geometry": {
        "type": "Point",
        "coordinates": [
          34.98867597458928,
          31.70516882126948
        ]
      },
      "properties": {
        "rank": 199,
        "distance_metric": "graph",
        "placement_mode": "exact",
        "placement_semantics": "exact_point",
        "shelter_id": 153,
        "candidate_source": "buildings",
        "time_bucket": "5min",
        "time_seconds": 300,
        "coordinates": "31.705169,34.988676",
        "nearest_building_dist_m": 0.0,
        "newly_covered_buildings": 4,
        "newly_covered_people_est": 28
      }
    },
    {
      "type": "Feature",
      "geometry": {
        "type": "Point",
        "coordinates": [
          34.994080666328635,
          31.760858640829102
        ]
      },
      "properties": {
        "rank": 200,
        "distance_metric": "graph",
        "placement_mode": "exact",
        "placement_semantics": "exact_point",
        "shelter_id": 235,
        "candidate_source": "buildings",
        "time_bucket": "5min",
        "time_seconds": 300,
        "coordinates": "31.760859,34.994081",
        "nearest_building_dist_m": 0.0,
        "newly_covered_buildings": 4,
        "newly_covered_people_est": 28
      }
    }
  ]
}