{
  "type": "FeatureCollection",
  "features": [
    {
      "type": "Feature",
      "geometry": {
        "type": "Point",
        "coordinates": [
          34.97716035379527,
          31.74279923159729
        ]
      },
      "properties": {
        "rank": 1,
        "distance_metric": "graph",
        "placement_mode": "exact",
        "placement_semantics": "exact_point",
        "shelter_id": 4423,
        "candidate_source": "network_nodes",
        "time_bucket": "5min",
        "time_seconds": 300,
        "coordinates": "31.742799,34.977160",
        "nearest_building_dist_m": 17.97,
        "newly_covered_buildings": 48,
        "newly_covered_people_est": 336
      }
    },
    {
      "type": "Feature",
      "geometry": {
        "type": "Point",
        "coordinates": [
          34.97519024136774,
          31.74398864767384
        ]
      },
      "properties": {
        "rank": 2,
        "distance_metric": "graph",
        "placement_mode": "exact",
        "placement_semantics": "exact_point",
        "shelter_id": 5162,
        "candidate_source": "network_nodes",
        "time_bucket": "5min",
        "time_seconds": 300,
        "coordinates": "31.743989,34.975190",
        "nearest_building_dist_m": 20.24,
        "newly_covered_buildings": 35,
        "newly_covered_people_est": 245
      }
    },
    {
      "type": "Feature",
      "geometry": {
        "type": "Point",
        "coordinates": [
          34.98728140977671,
          31.748384686856046
        ]
      },
      "properties": {
        "rank": 3,
        "distance_metric": "graph",
        "placement_mode": "exact",
        "placement_semantics": "exact_point",
        "shelter_id": 5423,
        "candidate_source": "network_nodes",
        "time_bucket": "5min",
        "time_seconds": 300,
        "coordinates": "31.748385,34.987281",
        "nearest_building_dist_m": 16.46,
        "newly_covered_buildings": 33,
        "newly_covered_people_est": 231
      }
    },
    {
      "type": "Feature",
      "geometry": {
        "type": "Point",
        "coordinates": [
          34.978228999476116,
          31.74439500068222
        ]
      },
      "properties": {
        "rank": 4,
        "distance_metric": "graph",
        "placement_mode": "exact",
        "placement_semantics": "exact_point",
        "shelter_id": 1777,
        "candidate_source": "network_nodes",
        "time_bucket": "5min",
        "time_seconds": 300,
        "coordinates": "31.744395,34.978229",
        "nearest_building_dist_m": 29.49,
        "newly_covered_buildings": 27,
        "newly_covered_people_est": 189
      }
    },
    {
      "type": "Feature",
      "geometry": {
        "type": "Point",
        "coordinates": [
          34.97880404685186,
          31.741561761402647
        ]
      },
      "properties": {
        "rank": 5,
        "distance_metric": "graph",
        "placement_mode": "exact",
        "placement_semantics": "exact_point",
        "shelter_id": 416,
        "candidate_source": "buildings",
        "time_bucket": "5min",
        "time_seconds": 300,
        "coordinates": "31.741562,34.978804",
        "nearest_building_dist_m": 0.0,
        "newly_covered_buildings": 24,
        "newly_covered_people_est": 168
      }
    },
    {
      "type": "Feature",
      "geometry": {
        "type": "Point",
        "coordinates": [
          34.98665599947543,
          31.738835400683303
        ]
      },
      "properties": {
        "rank": 6,
        "distance_metric": "graph",
        "placement_mode": "exact",
        "placement_semantics": "exact_point",
        "shelter_id": 1797,
        "candidate_source": "network_nodes",
        "time_bucket": "5min",
        "time_seconds": 300,
        "coordinates": "31.738835,34.986656",
        "nearest_building_dist_m": 24.05,
        "newly_covered_buildings": 23,
        "newly_covered_people_est": 161
      }
    },
    {
      "type": "Feature",
      "geometry": {
        "type": "Point",
        "coordinates": [
          34.993792099476224,
          31.753039900682264
        ]
      },
      "properties": {
        "rank": 7,
        "distance_metric": "graph",
        "placement_mode": "exact",
        "placement_semantics": "exact_point",
        "shelter_id": 2022,
        "candidate_source": "network_nodes",
        "time_bucket": "5min",
        "time_seconds": 300,
        "coordinates": "31.753040,34.993792",
        "nearest_building_dist_m": 21.54,
        "newly_covered_buildings": 23,
        "newly_covered_people_est": 161
      }
    },
    {
      "type": "Feature",
      "geometry": {
        "type": "Point",
        "coordinates": [
          34.97817939430046,
          31.73914578513369
        ]
      },
      "properties": {
        "rank": 8,
        "distance_metric": "graph",
        "placement_mode": "exact",
        "placement_semantics": "exact_point",
        "shelter_id": 4379,
        "candidate_source": "network_nodes",
        "time_bucket": "5min",
        "time_seconds": 300,
        "coordinates": "31.739146,34.978179",
        "nearest_building_dist_m": 17.13,
        "newly_covered_buildings": 23,
        "newly_covered_people_est": 161
      }
    },
    {
      "type": "Feature",
      "geometry": {
        "type": "Point",
        "coordinates": [
          34.980947299476576,
          31.752045000681605
        ]
      },
      "properties": {
        "rank": 9,
        "distance_metric": "graph",
        "placement_mode": "exact",
        "placement_semantics": "exact_point",
        "shelter_id": 1669,
        "candidate_source": "network_nodes",
        "time_bucket": "5min",
        "time_seconds": 300,
        "coordinates": "31.752045,34.980947",
        "nearest_building_dist_m": 34.3,
        "newly_covered_buildings": 21,
        "newly_covered_people_est": 147
      }
    },
    {
      "type": "Feature",
      "geometry": {
        "type": "Point",
        "coordinates": [
          34.98450189947548,
          31.73873220068318
        ]
      },
      "properties": {
        "rank": 10,
        "distance_metric": "graph",
        "placement_mode": "exact",
        "placement_semantics": "exact_point",
        "shelter_id": 1796,
        "candidate_source": "network_nodes",
        "time_bucket": "5min",
        "time_seconds": 300,
        "coordinates": "31.738732,34.984502",
        "nearest_building_dist_m": 30.97,
        "newly_covered_buildings": 18,
        "newly_covered_people_est": 126
      }
    },
    {
      "type": "Feature",
      "geometry": {
        "type": "Point",
        "coordinates": [
          34.979569899273756,
          31.74773180420413
        ]
      },
      "properties": {
        "rank": 11,
        "distance_metric": "graph",
        "placement_mode": "exact",
        "placement_semantics": "exact_point",
        "shelter_id": 1181,
        "candidate_source": "buildings",
        "time_bucket": "5min",
        "time_seconds": 300,
        "coordinates": "31.747732,34.979570",
        "nearest_building_dist_m": 0.0,
        "newly_covered_buildings": 17,
        "newly_covered_people_est": 119
      }
    },
    {
      "type": "Feature",
      "geometry": {
        "type": "Point",
        "coordinates": [
          34.99792957419709,
          31.74826493925441
        ]
      },
      "properties": {
        "rank": 12,
        "distance_metric": "graph",
        "placement_mode": "exact",
        "placement_semantics": "exact_point",
        "shelter_id": 5417,
        "candidate_source": "network_nodes",
        "time_bucket": "5min",
        "time_seconds": 300,
        "coordinates": "31.748265,34.997930",
        "nearest_building_dist_m": 18.57,
        "newly_covered_buildings": 17,
        "newly_covered_people_est": 119
      }
    },
    {
      "type": "Feature",
      "geometry": {
        "type": "Point",
        "coordinates": [
          34.97942520637045,
          31.750744308783663
        ]
      },
      "properties": {
        "rank": 13,
        "distance_metric": "graph",
        "placement_mode": "exact",
        "placement_semantics": "exact_point",
        "shelter_id": 1370,
        "candidate_source": "buildings",
        "time_bucket": "5min",
        "time_seconds": 300,
        "coordinates": "31.750744,34.979425",
        "nearest_building_dist_m": 0.0,
        "newly_covered_buildings": 16,
        "newly_covered_people_est": 112
      }
    },
    {
      "type": "Feature",
      "geometry": {
        "type": "Point",
        "coordinates": [
          34.97865327632286,
          31.73798426385922
        ]
      },
      "properties": {
        "rank": 14,
        "distance_metric": "graph",
        "placement_mode": "exact",
        "placement_semantics": "exact_point",
        "shelter_id": 4940,
        "candidate_source": "network_nodes",
        "time_bucket": "5min",
        "time_seconds": 300,
        "coordinates": "31.737984,34.978653",
        "nearest_building_dist_m": 22.4,
        "newly_covered_buildings": 14,
        "newly_covered_people_est": 98
      }
    },
    {
      "type": "Feature",
      "geometry": {
        "type": "Point",
        "coordinates": [
          34.99652352076602,
          31.75206855679721
        ]
      },
      "properties": {
        "rank": 15,
        "distance_metric": "graph",
        "placement_mode": "exact",
        "placement_semantics": "exact_point",
        "shelter_id": 1436,
        "candidate_source": "buildings",
        "time_bucket": "5min",
        "time_seconds": 300,
        "coordinates": "31.752069,34.996524",
        "nearest_building_dist_m": 0.0,
        "newly_covered_buildings": 13,
        "newly_covered_people_est": 91
      }
    },
    {
      "type": "Feature",
      "geometry": {
        "type": "Point",
        "coordinates": [
          34.97777999947553,
          31.736109700683055
        ]
      },
      "properties": {
        "rank": 16,
        "distance_metric": "graph",
        "placement_mode": "exact",
        "placement_semantics": "exact_point",
        "shelter_id": 2047,
        "candidate_source": "network_nodes",
        "time_bucket": "5min",
        "time_seconds": 300,
        "coordinates": "31.736110,34.977780",
        "nearest_building_dist_m": 29.15,
        "newly_covered_buildings": 13,
        "newly_covered_people_est": 91
      }
    },
    {
      "type": "Feature",
      "geometry": {
        "type": "Point",
        "coordinates": [
          34.9978762660017,
          31.750457387199237
        ]
      },
      "properties": {
        "rank": 17,
        "distance_metric": "graph",
        "placement_mode": "exact",
        "placement_semantics": "exact_point",
        "shelter_id": 5512,
        "candidate_source": "network_nodes",
        "time_bucket": "5min",
        "time_seconds": 300,
        "coordinates": "31.750457,34.997876",
        "nearest_building_dist_m": 21.48,
        "newly_covered_buildings": 13,
        "newly_covered_people_est": 91
      }
    },
    {
      "type": "Feature",
      "geometry": {
        "type": "Point",
        "coordinates": [
          34.9880325204111,
          31.75392663472455
        ]
      },
      "properties": {
        "rank": 18,
        "distance_metric": "graph",
        "placement_mode": "exact",
        "placement_semantics": "exact_point",
        "shelter_id": 1557,
        "candidate_source": "buildings",
        "time_bucket": "5min",
        "time_seconds": 300,
        "coordinates": "31.753927,34.988033",
        "nearest_building_dist_m": 0.0,
        "newly_covered_buildings": 12,
        "newly_covered_people_est": 84
      }
    },
    {
      "type": "Feature",
      "geometry": {
        "type": "Point",
        "coordinates": [
          34.98906519947541,
          31.739799000683373
        ]
      },
      "properties": {
        "rank": 19,
        "distance_metric": "graph",
        "placement_mode": "exact",
        "placement_semantics": "exact_point",
        "shelter_id": 1872,
        "candidate_source": "network_nodes",
        "time_bucket": "5min",
        "time_seconds": 300,
        "coordinates": "31.739799,34.989065",
        "nearest_building_dist_m": 24.96,
        "newly_covered_buildings": 11,
        "newly_covered_people_est": 77
      }
    },
    {
      "type": "Feature",
      "geometry": {
        "type": "Point",
        "coordinates": [
          34.974754499475836,
          31.738916200682585
        ]
      },
      "properties": {
        "rank": 20,
        "distance_metric": "graph",
        "placement_mode": "exact",
        "placement_semantics": "exact_point",
        "shelter_id": 2041,
        "candidate_source": "network_nodes",
        "time_bucket": "5min",
        "time_seconds": 300,
        "coordinates": "31.738916,34.974754",
        "nearest_building_dist_m": 27.59,
        "newly_covered_buildings": 11,
        "newly_covered_people_est": 77
      }
    },
    {
      "type": "Feature",
      "geometry": {
        "type": "Point",
        "coordinates": [
          35.00354729947269,
          31.7086796006875
        ]
      },
      "properties": {
        "rank": 21,
        "distance_metric": "graph",
        "placement_mode": "exact",
        "placement_semantics": "exact_point",
        "shelter_id": 3224,
        "candidate_source": "network_nodes",
        "time_bucket": "5min",
        "time_seconds": 300,
        "coordinates": "31.708680,35.003547",
        "nearest_building_dist_m": 100.5,
        "newly_covered_buildings": 11,
        "newly_covered_people_est": 77
      }
    },
    {
      "type": "Feature",
      "geometry": {
        "type": "Point",
        "coordinates": [
          34.989708584664314,
          31.753992641455177
        ]
      },
      "properties": {
        "rank": 22,
        "distance_metric": "graph",
        "placement_mode": "exact",
        "placement_semantics": "exact_point",
        "shelter_id": 5706,
        "candidate_source": "network_nodes",
        "time_bucket": "5min",
        "time_seconds": 300,
        "coordinates": "31.753993,34.989709",
        "nearest_building_dist_m": 17.96,
        "newly_covered_buildings": 11,
        "newly_covered_people_est": 77
      }
    },
    {
      "type": "Feature",
      "geometry": {
        "type": "Point",
        "coordinates": [
          34.99286659852611,
          31.70805640683713
        ]
      },
      "properties": {
        "rank": 23,
        "distance_metric": "graph",
        "placement_mode": "exact",
        "placement_semantics": "exact_point",
        "shelter_id": 567,
        "candidate_source": "buildings",
        "time_bucket": "5min",
        "time_seconds": 300,
        "coordinates": "31.708056,34.992867",
        "nearest_building_dist_m": 0.0,
        "newly_covered_buildings": 10,
        "newly_covered_people_est": 70
      }
    },
    {
      "type": "Feature",
      "geometry": {
        "type": "Point",
        "coordinates": [
          34.98195119947331,
          31.707442900686292
        ]
      },
      "properties": {
        "rank": 24,
        "distance_metric": "graph",
        "placement_mode": "exact",
        "placement_semantics": "exact_point",
        "shelter_id": 2817,
        "candidate_source": "network_nodes",
        "time_bucket": "5min",
        "time_seconds": 300,
        "coordinates": "31.707443,34.981951",
        "nearest_building_dist_m": 39.12,
        "newly_covered_buildings": 10,
        "newly_covered_people_est": 70
      }
    },
    {
      "type": "Feature",
      "geometry": {
        "type": "Point",
        "coordinates": [
          34.98083365962302,
          31.75274565791337
        ]
      },
      "properties": {
        "rank": 25,
        "distance_metric": "graph",
        "placement_mode": "exact",
        "placement_semantics": "exact_point",
        "shelter_id": 5632,
        "candidate_source": "network_nodes",
        "time_bucket": "5min",
        "time_seconds": 300,
        "coordinates": "31.752746,34.980834",
        "nearest_building_dist_m": 15.84,
        "newly_covered_buildings": 10,
        "newly_covered_people_est": 70
      }
    },
    {
      "type": "Feature",
      "geometry": {
        "type": "Point",
        "coordinates": [
          35.00076617863639,
          31.709674105858397
        ]
      },
      "properties": {
        "rank": 26,
        "distance_metric": "graph",
        "placement_mode": "exact",
        "placement_semantics": "exact_point",
        "shelter_id": 599,
        "candidate_source": "buildings",
        "time_bucket": "5min",
        "time_seconds": 300,
        "coordinates": "31.709674,35.000766",
        "nearest_building_dist_m": 0.0,
        "newly_covered_buildings": 9,
        "newly_covered_people_est": 63
      }
    },
    {
      "type": "Feature",
      "geometry": {
        "type": "Point",
        "coordinates": [
          34.98255011741094,
          31.738928948347475
        ]
      },
      "properties": {
        "rank": 27,
        "distance_metric": "graph",
        "placement_mode": "exact",
        "placement_semantics": "exact_point",
        "shelter_id": 813,
        "candidate_source": "buildings",
        "time_bucket": "5min",
        "time_seconds": 300,
        "coordinates": "31.738929,34.982550",
        "nearest_building_dist_m": 0.0,
        "newly_covered_buildings": 9,
        "newly_covered_people_est": 63
      }
    },
    {
      "type": "Feature",
      "geometry": {
        "type": "Point",
        "coordinates": [
          34.99736053866029,
          31.750667928526884
        ]
      },
      "properties": {
        "rank": 28,
        "distance_metric": "graph",
        "placement_mode": "exact",
        "placement_semantics": "exact_point",
        "shelter_id": 1361,
        "candidate_source": "buildings",
        "time_bucket": "5min",
        "time_seconds": 300,
        "coordinates": "31.750668,34.997361",
        "nearest_building_dist_m": 0.0,
        "newly_covered_buildings": 9,
        "newly_covered_people_est": 63
      }
    },
    {
      "type": "Feature",
      "geometry": {
        "type": "Point",
        "coordinates": [
          34.998756299473506,
          31.718110400686214
        ]
      },
      "properties": {
        "rank": 29,
        "distance_metric": "graph",
        "placement_mode": "exact",
        "placement_semantics": "exact_point",
        "shelter_id": 2252,
        "candidate_source": "network_nodes",
        "time_bucket": "5min",
        "time_seconds": 300,
        "coordinates": "31.718110,34.998756",
        "nearest_building_dist_m": 44.75,
        "newly_covered_buildings": 9,
        "newly_covered_people_est": 63
      }
    },
    {
      "type": "Feature",
      "geometry": {
        "type": "Point",
        "coordinates": [
          34.987662858078245,
          31.747195404675157
        ]
      },
      "properties": {
        "rank": 30,
        "distance_metric": "graph",
        "placement_mode": "exact",
        "placement_semantics": "exact_point",
        "shelter_id": 3,
        "candidate_source": "buildings",
        "time_bucket": "5min",
        "time_seconds": 300,
        "coordinates": "31.747195,34.987663",
        "nearest_building_dist_m": 0.0,
        "newly_covered_buildings": 8,
        "newly_covered_people_est": 56
      }
    },
    {
      "type": "Feature",
      "geometry": {
        "type": "Point",
        "coordinates": [
          34.98219982938167,
          31.735685951201425
        ]
      },
      "properties": {
        "rank": 31,
        "distance_metric": "graph",
        "placement_mode": "exact",
        "placement_semantics": "exact_point",
        "shelter_id": 665,
        "candidate_source": "buildings",
        "time_bucket": "5min",
        "time_seconds": 300,
        "coordinates": "31.735686,34.982200",
        "nearest_building_dist_m": 0.0,
        "newly_covered_buildings": 8,
        "newly_covered_people_est": 56
      }
    },
    {
      "type": "Feature",
      "geometry": {
        "type": "Point",
        "coordinates": [
          34.98307139911848,
          31.736400876413267
        ]
      },
      "properties": {
        "rank": 32,
        "distance_metric": "graph",
        "placement_mode": "exact",
        "placement_semantics": "exact_point",
        "shelter_id": 690,
        "candidate_source": "buildings",
        "time_bucket": "5min",
        "time_seconds": 300,
        "coordinates": "31.736401,34.983071",
        "nearest_building_dist_m": 0.0,
        "newly_covered_buildings": 8,
        "newly_covered_people_est": 56
      }
    },
    {
      "type": "Feature",
      "geometry": {
        "type": "Point",
        "coordinates": [
          34.98842046670678,
          31.746243662725195
        ]
      },
      "properties": {
        "rank": 33,
        "distance_metric": "graph",
        "placement_mode": "exact",
        "placement_semantics": "exact_point",
        "shelter_id": 1092,
        "candidate_source": "buildings",
        "time_bucket": "5min",
        "time_seconds": 300,
        "coordinates": "31.746244,34.988420",
        "nearest_building_dist_m": 0.0,
        "newly_covered_buildings": 8,
        "newly_covered_people_est": 56
      }
    },
    {
      "type": "Feature",
      "geometry": {
        "type": "Point",
        "coordinates": [
          34.98995742474755,
          31.747911495231186
        ]
      },
      "properties": {
        "rank": 34,
        "distance_metric": "graph",
        "placement_mode": "exact",
        "placement_semantics": "exact_point",
        "shelter_id": 1204,
        "candidate_source": "buildings",
        "time_bucket": "5min",
        "time_seconds": 300,
        "coordinates": "31.747911,34.989957",
        "nearest_building_dist_m": 0.0,
        "newly_covered_buildings": 8,
        "newly_covered_people_est": 56
      }
    },
    {
      "type": "Feature",
      "geometry": {
        "type": "Point",
        "coordinates": [
          34.97947609947542,
          31.735474200683225
        ]
      },
      "properties": {
        "rank": 35,
        "distance_metric": "graph",
        "placement_mode": "exact",
        "placement_semantics": "exact_point",
        "shelter_id": 1644,
        "candidate_source": "network_nodes",
        "time_bucket": "5min",
        "time_seconds": 300,
        "coordinates": "31.735474,34.979476",
        "nearest_building_dist_m": 25.04,
        "newly_covered_buildings": 8,
        "newly_covered_people_est": 56
      }
    },
    {
      "type": "Feature",
      "geometry": {
        "type": "Point",
        "coordinates": [
          34.98156729947564,
          31.73956470068293
        ]
      },
      "properties": {
        "rank": 36,
        "distance_metric": "graph",
        "placement_mode": "exact",
        "placement_semantics": "exact_point",
        "shelter_id": 1827,
        "candidate_source": "network_nodes",
        "time_bucket": "5min",
        "time_seconds": 300,
        "coordinates": "31.739565,34.981567",
        "nearest_building_dist_m": 33.57,
        "newly_covered_buildings": 8,
        "newly_covered_people_est": 56
      }
    },
    {
      "type": "Feature",
      "geometry": {
        "type": "Point",
        "coordinates": [
          34.98043643784236,
          31.708698609329975
        ]
      },
      "properties": {
        "rank": 37,
        "distance_metric": "graph",
        "placement_mode": "exact",
        "placement_semantics": "exact_point",
        "shelter_id": 4774,
        "candidate_source": "network_nodes",
        "time_bucket": "5min",
        "time_seconds": 300,
        "coordinates": "31.708699,34.980436",
        "nearest_building_dist_m": 13.27,
        "newly_covered_buildings": 8,
        "newly_covered_people_est": 56
      }
    },
    {
      "type": "Feature",
      "geometry": {
        "type": "Point",
        "coordinates": [
          34.98440111777886,
          31.70168340116711
        ]
      },
      "properties": {
        "rank": 38,
        "distance_metric": "graph",
        "placement_mode": "exact",
        "placement_semantics": "exact_point",
        "shelter_id": 84,
        "candidate_source": "buildings",
        "time_bucket": "5min",
        "time_seconds": 300,
        "coordinates": "31.701683,34.984401",
        "nearest_building_dist_m": 0.0,
        "newly_covered_buildings": 7,
        "newly_covered_people_est": 49
      }
    },
    {
      "type": "Feature",
      "geometry": {
        "type": "Point",
        "coordinates": [
          34.97558433277934,
          31.74352521729239
        ]
      },
      "properties": {
        "rank": 39,
        "distance_metric": "graph",
        "placement_mode": "exact",
        "placement_semantics": "exact_point",
        "shelter_id": 475,
        "candidate_source": "buildings",
        "time_bucket": "5min",
        "time_seconds": 300,
        "coordinates": "31.743525,34.975584",
        "nearest_building_dist_m": 0.0,
        "newly_covered_buildings": 7,
        "newly_covered_people_est": 49
      }
    },
    {
      "type": "Feature",
      "geometry": {
        "type": "Point",
        "coordinates": [
          34.97797610390143,
          31.703290095814083
        ]
      },
      "properties": {
        "rank": 40,
        "distance_metric": "graph",
        "placement_mode": "exact",
        "placement_semantics": "exact_point",
        "shelter_id": 543,
        "candidate_source": "buildings",
        "time_bucket": "5min",
        "time_seconds": 300,
        "coordinates": "31.703290,34.977976",
        "nearest_building_dist_m": 0.0,
        "newly_covered_buildings": 7,
        "newly_covered_people_est": 49
      }
    },
    {
      "type": "Feature",
      "geometry": {
        "type": "Point",
        "coordinates": [
          34.979085968459344,
          31.744171328336478
        ]
      },
      "properties": {
        "rank": 41,
        "distance_metric": "graph",
        "placement_mode": "exact",
        "placement_semantics": "exact_point",
        "shelter_id": 987,
        "candidate_source": "buildings",
        "time_bucket": "5min",
        "time_seconds": 300,
        "coordinates": "31.744171,34.979086",
        "nearest_building_dist_m": 0.0,
        "newly_covered_buildings": 7,
        "newly_covered_people_est": 49
      }
    },
    {
      "type": "Feature",
      "geometry": {
        "type": "Point",
        "coordinates": [
          34.98956306929768,
          31.745364916263522
        ]
      },
      "properties": {
        "rank": 42,
        "distance_metric": "graph",
        "placement_mode": "exact",
        "placement_semantics": "exact_point",
        "shelter_id": 1042,
        "candidate_source": "buildings",
        "time_bucket": "5min",
        "time_seconds": 300,
        "coordinates": "31.745365,34.989563",
        "nearest_building_dist_m": 0.0,
        "newly_covered_buildings": 7,
        "newly_covered_people_est": 49
      }
    },
    {
      "type": "Feature",
      "geometry": {
        "type": "Point",
        "coordinates": [
          34.99015906861247,
          31.751273035717617
        ]
      },
      "properties": {
        "rank": 43,
        "distance_metric": "graph",
        "placement_mode": "exact",
        "placement_semantics": "exact_point",
        "shelter_id": 1401,
        "candidate_source": "buildings",
        "time_bucket": "5min",
        "time_seconds": 300,
        "coordinates": "31.751273,34.990159",
        "nearest_building_dist_m": 0.0,
        "newly_covered_buildings": 7,
        "newly_covered_people_est": 49
      }
    },
    {
      "type": "Feature",
      "geometry": {
        "type": "Point",
        "coordinates": [
          34.97740449947617,
          31.745085800682094
        ]
      },
      "properties": {
        "rank": 44,
        "distance_metric": "graph",
        "placement_mode": "exact",
        "placement_semantics": "exact_point",
        "shelter_id": 1781,
        "candidate_source": "network_nodes",
        "time_bucket": "5min",
        "time_seconds": 300,
        "coordinates": "31.745086,34.977404",
        "nearest_building_dist_m": 25.73,
        "newly_covered_buildings": 7,
        "newly_covered_people_est": 49
      }
    },
    {
      "type": "Feature",
      "geometry": {
        "type": "Point",
        "coordinates": [
          35.0017473645436,
          31.709112750720188
        ]
      },
      "properties": {
        "rank": 45,
        "distance_metric": "graph",
        "placement_mode": "exact",
        "placement_semantics": "exact_point",
        "shelter_id": 582,
        "candidate_source": "buildings",
        "time_bucket": "5min",
        "time_seconds": 300,
        "coordinates": "31.709113,35.001747",
        "nearest_building_dist_m": 0.0,
        "newly_covered_buildings": 6,
        "newly_covered_people_est": 42
      }
    },
    {
      "type": "Feature",
      "geometry": {
        "type": "Point",
        "coordinates": [
          34.9816753309306,
          31.750243924858193
        ]
      },
      "properties": {
        "rank": 46,
        "distance_metric": "graph",
        "placement_mode": "exact",
        "placement_semantics": "exact_point",
        "shelter_id": 5515,
        "candidate_source": "network_nodes",
        "time_bucket": "5min",
        "time_seconds": 300,
        "coordinates": "31.750244,34.981675",
        "nearest_building_dist_m": 22.66,
        "newly_covered_buildings": 6,
        "newly_covered_people_est": 42
      }
    },
    {
      "type": "Feature",
      "geometry": {
        "type": "Point",
        "coordinates": [
          34.98801721758494,
          31.753303388929183
        ]
      },
      "properties": {
        "rank": 47,
        "distance_metric": "graph",
        "placement_mode": "exact",
        "placement_semantics": "exact_point",
        "shelter_id": 5671,
        "candidate_source": "network_nodes",
        "time_bucket": "5min",
        "time_seconds": 300,
        "coordinates": "31.753303,34.988017",
        "nearest_building_dist_m": 17.96,
        "newly_covered_buildings": 6,
        "newly_covered_people_est": 42
      }
    },
    {
      "type": "Feature",
      "geometry": {
        "type": "Point",
        "coordinates": [
          34.993657140149125,
          31.746350657702532
        ]
      },
      "properties": {
        "rank": 48,
        "distance_metric": "graph",
        "placement_mode": "exact",
        "placement_semantics": "exact_point",
        "shelter_id": 0,
        "candidate_source": "buildings",
        "time_bucket": "5min",
        "time_seconds": 300,
        "coordinates": "31.746351,34.993657",
        "nearest_building_dist_m": 0.0,
        "newly_covered_buildings": 5,
        "newly_covered_people_est": 35
      }
    },
    {
      "type": "Feature",
      "geometry": {
        "type": "Point",
        "coordinates": [
          34.98391566192205,
          31.73893638450991
        ]
      },
      "properties": {
        "rank": 49,
        "distance_metric": "graph",
        "placement_mode": "exact",
        "placement_semantics": "exact_point",
        "shelter_id": 806,
        "candidate_source": "buildings",
        "time_bucket": "5min",
        "time_seconds": 300,
        "coordinates": "31.738936,34.983916",
        "nearest_building_dist_m": 0.0,
        "newly_covered_buildings": 5,
        "newly_covered_people_est": 35
      }
    },
    {
      "type": "Feature",
      "geometry": {
        "type": "Point",
        "coordinates": [
          34.996860791126444,
          31.74602386660797
        ]
      },
      "properties": {
        "rank": 50,
        "distance_metric": "graph",
        "placement_mode": "exact",
        "placement_semantics": "exact_point",
        "shelter_id": 1075,
        "candidate_source": "buildings",
        "time_bucket": "5min",
        "time_seconds": 300,
        "coordinates": "31.746024,34.996861",
        "nearest_building_dist_m": 0.0,
        "newly_covered_buildings": 5,
        "newly_covered_people_est": 35
      }
    },
    {
      "type": "Feature",
      "geometry": {
        "type": "Point",
        "coordinates": [
          34.9896390059986,
          31.7461467646619
        ]
      },
      "properties": {
        "rank": 51,
        "distance_metric": "graph",
        "placement_mode": "exact",
        "placement_semantics": "exact_point",
        "shelter_id": 1081,
        "candidate_source": "buildings",
        "time_bucket": "5min",
        "time_seconds": 300,
        "coordinates": "31.746147,34.989639",
        "nearest_building_dist_m": 0.0,
        "newly_covered_buildings": 5,
        "newly_covered_people_est": 35
      }
    },
    {
      "type": "Feature",
      "geometry": {
        "type": "Point",
        "coordinates": [
          34.99750163434035,
          31.74779429444359
        ]
      },
      "properties": {
        "rank": 52,
        "distance_metric": "graph",
        "placement_mode": "exact",
        "placement_semantics": "exact_point",
        "shelter_id": 1185,
        "candidate_source": "buildings",
        "time_bucket": "5min",
        "time_seconds": 300,
        "coordinates": "31.747794,34.997502",
        "nearest_building_dist_m": 0.0,
        "newly_covered_buildings": 5,
        "newly_covered_people_est": 35
      }
    },
    {
      "type": "Feature",
      "geometry": {
        "type": "Point",
        "coordinates": [
          34.99557459947602,
          31.75119310068256
        ]
      },
      "properties": {
        "rank": 53,
        "distance_metric": "graph",
        "placement_mode": "exact",
        "placement_semantics": "exact_point",
        "shelter_id": 2017,
        "candidate_source": "network_nodes",
        "time_bucket": "5min",
        "time_seconds": 300,
        "coordinates": "31.751193,34.995575",
        "nearest_building_dist_m": 17.08,
        "newly_covered_buildings": 5,
        "newly_covered_people_est": 35
      }
    },
    {
      "type": "Feature",
      "geometry": {
        "type": "Point",
        "coordinates": [
          34.97893400095185,
          31.73880250833294
        ]
      },
      "properties": {
        "rank": 54,
        "distance_metric": "graph",
        "placement_mode": "exact",
        "placement_semantics": "exact_point",
        "shelter_id": 225,
        "candidate_source": "buildings",
        "time_bucket": "5min",
        "time_seconds": 300,
        "coordinates": "31.738803,34.978934",
        "nearest_building_dist_m": 0.0,
        "newly_covered_buildings": 4,
        "newly_covered_people_est": 28
      }
    },
    {
      "type": "Feature",
      "geometry": {
        "type": "Point",
        "coordinates": [
          34.980485315994976,
          31.73975336635156
        ]
      },
      "properties": {
        "rank": 55,
        "distance_metric": "graph",
        "placement_mode": "exact",
        "placement_semantics": "exact_point",
        "shelter_id": 363,
        "candidate_source": "buildings",
        "time_bucket": "5min",
        "time_seconds": 300,
        "coordinates": "31.739753,34.980485",
        "nearest_building_dist_m": 0.0,
        "newly_covered_buildings": 4,
        "newly_covered_people_est": 28
      }
    },
    {
      "type": "Feature",
      "geometry": {
        "type": "Point",
        "coordinates": [
          34.97765773709637,
          31.70357531134754
        ]
      },
      "properties": {
        "rank": 56,
        "distance_metric": "graph",
        "placement_mode": "exact",
        "placement_semantics": "exact_point",
        "shelter_id": 546,
        "candidate_source": "buildings",
        "time_bucket": "5min",
        "time_seconds": 300,
        "coordinates": "31.703575,34.977658",
        "nearest_building_dist_m": 0.0,
        "newly_covered_buildings": 4,
        "newly_covered_people_est": 28
      }
    },
    {
      "type": "Feature",
      "geometry": {
        "type": "Point",
        "coordinates": [
          34.99859610831318,
          31.70984065254736
        ]
      },
      "properties": {
        "rank": 57,
        "distance_metric": "graph",
        "placement_mode": "exact",
        "placement_semantics": "exact_point",
        "shelter_id": 609,
        "candidate_source": "buildings",
        "time_bucket": "5min",
        "time_seconds": 300,
        "coordinates": "31.709841,34.998596",
        "nearest_building_dist_m": 0.0,
        "newly_covered_buildings": 4,
        "newly_covered_people_est": 28
      }
    },
    {
      "type": "Feature",
      "geometry": {
        "type": "Point",
        "coordinates": [
          34.982608483254246,
          31.735880484164642
        ]
      },
      "properties": {
        "rank": 58,
        "distance_metric": "graph",
        "placement_mode": "exact",
        "placement_semantics": "exact_point",
        "shelter_id": 672,
        "candidate_source": "buildings",
        "time_bucket": "5min",
        "time_seconds": 300,
        "coordinates": "31.735880,34.982608",
        "nearest_building_dist_m": 0.0,
        "newly_covered_buildings": 4,
        "newly_covered_people_est": 28
      }
    },
    {
      "type": "Feature",
      "geometry": {
        "type": "Point",
        "coordinates": [
          34.98335275923604,
          31.736535796020963
        ]
      },
      "properties": {
        "rank": 59,
        "distance_metric": "graph",
        "placement_mode": "exact",
        "placement_semantics": "exact_point",
        "shelter_id": 693,
        "candidate_source": "buildings",
        "time_bucket": "5min",
        "time_seconds": 300,
        "coordinates": "31.736536,34.983353",
        "nearest_building_dist_m": 0.0,
        "newly_covered_buildings": 4,
        "newly_covered_people_est": 28
      }
    },
    {
      "type": "Feature",
      "geometry": {
        "type": "Point",
        "coordinates": [
          34.98385245674853,
          31.736785803753865
        ]
      },
      "properties": {
        "rank": 60,
        "distance_metric": "graph",
        "placement_mode": "exact",
        "placement_semantics": "exact_point",
        "shelter_id": 696,
        "candidate_source": "buildings",
        "time_bucket": "5min",
        "time_seconds": 300,
        "coordinates": "31.736786,34.983852",
        "nearest_building_dist_m": 0.0,
        "newly_covered_buildings": 4,
        "newly_covered_people_est": 28
      }
    },
    {
      "type": "Feature",
      "geometry": {
        "type": "Point",
        "coordinates": [
          34.99086498525634,
          31.73743430231048
        ]
      },
      "properties": {
        "rank": 61,
        "distance_metric": "graph",
        "placement_mode": "exact",
        "placement_semantics": "exact_point",
        "shelter_id": 703,
        "candidate_source": "buildings",
        "time_bucket": "5min",
        "time_seconds": 300,
        "coordinates": "31.737434,34.990865",
        "nearest_building_dist_m": 0.0,
        "newly_covered_buildings": 4,
        "newly_covered_people_est": 28
      }
    },
    {
      "type": "Feature",
      "geometry": {
        "type": "Point",
        "coordinates": [
          34.97524497979418,
          31.745098652243215
        ]
      },
      "properties": {
        "rank": 62,
        "distance_metric": "graph",
        "placement_mode": "exact",
        "placement_semantics": "exact_point",
        "shelter_id": 1033,
        "candidate_source": "buildings",
        "time_bucket": "5min",
        "time_seconds": 300,
        "coordinates": "31.745099,34.975245",
        "nearest_building_dist_m": 0.0,
        "newly_covered_buildings": 4,
        "newly_covered_people_est": 28
      }
    },
    {
      "type": "Feature",
      "geometry": {
        "type": "Point",
        "coordinates": [
          34.98897467413692,
          31.746432143198227
        ]
      },
      "properties": {
        "rank": 63,
        "distance_metric": "graph",
        "placement_mode": "exact",
        "placement_semantics": "exact_point",
        "shelter_id": 1096,
        "candidate_source": "buildings",
        "time_bucket": "5min",
        "time_seconds": 300,
        "coordinates": "31.746432,34.988975",
        "nearest_building_dist_m": 0.0,
        "newly_covered_buildings": 4,
        "newly_covered_people_est": 28
      }
    },
    {
      "type": "Feature",
      "geometry": {
        "type": "Point",
        "coordinates": [
          34.980139348142814,
          31.747253890158348
        ]
      },
      "properties": {
        "rank": 64,
        "distance_metric": "graph",
        "placement_mode": "exact",
        "placement_semantics": "exact_point",
        "shelter_id": 1134,
        "candidate_source": "buildings",
        "time_bucket": "5min",
        "time_seconds": 300,
        "coordinates": "31.747254,34.980139",
        "nearest_building_dist_m": 0.0,
        "newly_covered_buildings": 4,
        "newly_covered_people_est": 28
      }
    },
    {
      "type": "Feature",
      "geometry": {
        "type": "Point",
        "coordinates": [
          34.98539451393929,
          31.747736702694706
        ]
      },
      "properties": {
        "rank": 65,
        "distance_metric": "graph",
        "placement_mode": "exact",
        "placement_semantics": "exact_point",
        "shelter_id": 1188,
        "candidate_source": "buildings",
        "time_bucket": "5min",
        "time_seconds": 300,
        "coordinates": "31.747737,34.985395",
        "nearest_building_dist_m": 0.0,
        "newly_covered_buildings": 4,
        "newly_covered_people_est": 28
      }
    },
    {
      "type": "Feature",
      "geometry": {
        "type": "Point",
        "coordinates": [
          34.982523604491725,
          31.75298848965258
        ]
      },
      "properties": {
        "rank": 66,
        "distance_metric": "graph",
        "placement_mode": "exact",
        "placement_semantics": "exact_point",
        "shelter_id": 1491,
        "candidate_source": "buildings",
        "time_bucket": "5min",
        "time_seconds": 300,
        "coordinates": "31.752988,34.982524",
        "nearest_building_dist_m": 0.0,
        "newly_covered_buildings": 4,
        "newly_covered_people_est": 28
      }
    },
    {
      "type": "Feature",
      "geometry": {
        "type": "Point",
        "coordinates": [
          34.98985274880674,
          31.75369846995719
        ]
      },
      "properties": {
        "rank": 67,
        "distance_metric": "graph",
        "placement_mode": "exact",
        "placement_semantics": "exact_point",
        "shelter_id": 1542,
        "candidate_source": "buildings",
        "time_bucket": "5min",
        "time_seconds": 300,
        "coordinates": "31.753698,34.989853",
        "nearest_building_dist_m": 0.0,
        "newly_covered_buildings": 4,
        "newly_covered_people_est": 28
      }
    },
    {
      "type": "Feature",
      "geometry": {
        "type": "Point",
        "coordinates": [
          34.98919198316051,
          31.75463374359049
        ]
      },
      "properties": {
        "rank": 68,
        "distance_metric": "graph",
        "placement_mode": "exact",
        "placement_semantics": "exact_point",
        "shelter_id": 1575,
        "candidate_source": "buildings",
        "time_bucket": "5min",
        "time_seconds": 300,
        "coordinates": "31.754634,34.989192",
        "nearest_building_dist_m": 0.0,
        "newly_covered_buildings": 4,
        "newly_covered_people_est": 28
      }
    },
    {
      "type": "Feature",
      "geometry": {
        "type": "Point",
        "coordinates": [
          34.99392074808798,
          31.760249676078264
        ]
      },
      "properties": {
        "rank": 69,
        "distance_metric": "graph",
        "placement_mode": "exact",
        "placement_semantics": "exact_point",
        "shelter_id": 1578,
        "candidate_source": "buildings",
        "time_bucket": "5min",
        "time_seconds": 300,
        "coordinates": "31.760250,34.993921",
        "nearest_building_dist_m": 0.0,
        "newly_covered_buildings": 4,
        "newly_covered_people_est": 28
      }
    },
    {
      "type": "Feature",
      "geometry": {
        "type": "Point",
        "coordinates": [
          34.97739579947333,
          31.705602500686215
        ]
      },
      "properties": {
        "rank": 70,
        "distance_metric": "graph",
        "placement_mode": "exact",
        "placement_semantics": "exact_point",
        "shelter_id": 2729,
        "candidate_source": "network_nodes",
        "time_bucket": "5min",
        "time_seconds": 300,
        "coordinates": "31.705603,34.977396",
        "nearest_building_dist_m": 67.2,
        "newly_covered_buildings": 4,
        "newly_covered_people_est": 28
      }
    },
    {
      "type": "Feature",
      "geometry": {
        "type": "Point",
        "coordinates": [
          34.995481499472874,
          31.707534100687127
        ]
      },
      "properties": {
        "rank": 71,
        "distance_metric": "graph",
        "placement_mode": "exact",
        "placement_semantics": "exact_point",
        "shelter_id": 2736,
        "candidate_source": "network_nodes",
        "time_bucket": "5min",
        "time_seconds": 300,
        "coordinates": "31.707534,34.995481",
        "nearest_building_dist_m": 65.21,
        "newly_covered_buildings": 4,
        "newly_covered_people_est": 28
      }
    },
    {
      "type": "Feature",
      "geometry": {
        "type": "Point",
        "coordinates": [
          34.99846361466621,
          31.707443002065553
        ]
      },
      "properties": {
        "rank": 72,
        "distance_metric": "graph",
        "placement_mode": "exact",
        "placement_semantics": "exact_point",
        "shelter_id": 34,
        "candidate_source": "buildings",
        "time_bucket": "5min",
        "time_seconds": 300,
        "coordinates": "31.707443,34.998464",
        "nearest_building_dist_m": 0.0,
        "newly_covered_buildings": 3,
        "newly_covered_people_est": 21
      }
    },
    {
      "type": "Feature",
      "geometry": {
        "type": "Point",
        "coordinates": [
          34.97925180062728,
          31.74080225484848
        ]
      },
      "properties": {
        "rank": 73,
        "distance_metric": "graph",
        "placement_mode": "exact",
        "placement_semantics": "exact_point",
        "shelter_id": 87,
        "candidate_source": "buildings",
        "time_bucket": "5min",
        "time_seconds": 300,
        "coordinates": "31.740802,34.979252",
        "nearest_building_dist_m": 0.0,
        "newly_covered_buildings": 3,
        "newly_covered_people_est": 21
      }
    },
    {
      "type": "Feature",
      "geometry": {
        "type": "Point",
        "coordinates": [
          34.98059868090421,
          31.73917130214858
        ]
      },
      "properties": {
        "rank": 74,
        "distance_metric": "graph",
        "placement_mode": "exact",
        "placement_semantics": "exact_point",
        "shelter_id": 245,
        "candidate_source": "buildings",
        "time_bucket": "5min",
        "time_seconds": 300,
        "coordinates": "31.739171,34.980599",
        "nearest_building_dist_m": 0.0,
        "newly_covered_buildings": 3,
        "newly_covered_people_est": 21
      }
    },
    {
      "type": "Feature",
      "geometry": {
        "type": "Point",
        "coordinates": [
          34.98685837757736,
          31.746214035081454
        ]
      },
      "properties": {
        "rank": 75,
        "distance_metric": "graph",
        "placement_mode": "exact",
        "placement_semantics": "exact_point",
        "shelter_id": 383,
        "candidate_source": "buildings",
        "time_bucket": "5min",
        "time_seconds": 300,
        "coordinates": "31.746214,34.986858",
        "nearest_building_dist_m": 0.0,
        "newly_covered_buildings": 3,
        "newly_covered_people_est": 21
      }
    },
    {
      "type": "Feature",
      "geometry": {
        "type": "Point",
        "coordinates": [
          34.99818747336469,
          31.740734819242693
        ]
      },
      "properties": {
        "rank": 76,
        "distance_metric": "graph",
        "placement_mode": "exact",
        "placement_semantics": "exact_point",
        "shelter_id": 474,
        "candidate_source": "buildings",
        "time_bucket": "5min",
        "time_seconds": 300,
        "coordinates": "31.740735,34.998187",
        "nearest_building_dist_m": 0.0,
        "newly_covered_buildings": 3,
        "newly_covered_people_est": 21
      }
    },
    {
      "type": "Feature",
      "geometry": {
        "type": "Point",
        "coordinates": [
          34.978668105103836,
          31.7029541590665
        ]
      },
      "properties": {
        "rank": 77,
        "distance_metric": "graph",
        "placement_mode": "exact",
        "placement_semantics": "exact_point",
        "shelter_id": 538,
        "candidate_source": "buildings",
        "time_bucket": "5min",
        "time_seconds": 300,
        "coordinates": "31.702954,34.978668",
        "nearest_building_dist_m": 0.0,
        "newly_covered_buildings": 3,
        "newly_covered_people_est": 21
      }
    },
    {
      "type": "Feature",
      "geometry": {
        "type": "Point",
        "coordinates": [
          34.98300498120806,
          31.70802497803626
        ]
      },
      "properties": {
        "rank": 78,
        "distance_metric": "graph",
        "placement_mode": "exact",
        "placement_semantics": "exact_point",
        "shelter_id": 570,
        "candidate_source": "buildings",
        "time_bucket": "5min",
        "time_seconds": 300,
        "coordinates": "31.708025,34.983005",
        "nearest_building_dist_m": 0.0,
        "newly_covered_buildings": 3,
        "newly_covered_people_est": 21
      }
    },
    {
      "type": "Feature",
      "geometry": {
        "type": "Point",
        "coordinates": [
          34.97980592462533,
          31.709693071171266
        ]
      },
      "properties": {
        "rank": 79,
        "distance_metric": "graph",
        "placement_mode": "exact",
        "placement_semantics": "exact_point",
        "shelter_id": 601,
        "candidate_source": "buildings",
        "time_bucket": "5min",
        "time_seconds": 300,
        "coordinates": "31.709693,34.979806",
        "nearest_building_dist_m": 0.0,
        "newly_covered_buildings": 3,
        "newly_covered_people_est": 21
      }
    },
    {
      "type": "Feature",
      "geometry": {
        "type": "Point",
        "coordinates": [
          35.00160733184848,
          31.709709211868223
        ]
      },
      "properties": {
        "rank": 80,
        "distance_metric": "graph",
        "placement_mode": "exact",
        "placement_semantics": "exact_point",
        "shelter_id": 604,
        "candidate_source": "buildings",
        "time_bucket": "5min",
        "time_seconds": 300,
        "coordinates": "31.709709,35.001607",
        "nearest_building_dist_m": 0.0,
        "newly_covered_buildings": 3,
        "newly_covered_people_est": 21
      }
    },
    {
      "type": "Feature",
      "geometry": {
        "type": "Point",
        "coordinates": [
          34.979252993463064,
          31.73751988169472
        ]
      },
      "properties": {
        "rank": 81,
        "distance_metric": "graph",
        "placement_mode": "exact",
        "placement_semantics": "exact_point",
        "shelter_id": 705,
        "candidate_source": "buildings",
        "time_bucket": "5min",
        "time_seconds": 300,
        "coordinates": "31.737520,34.979253",
        "nearest_building_dist_m": 0.0,
        "newly_covered_buildings": 3,
        "newly_covered_people_est": 21
      }
    },
    {
      "type": "Feature",
      "geometry": {
        "type": "Point",
        "coordinates": [
          34.97451350347084,
          31.739444503103428
        ]
      },
      "properties": {
        "rank": 82,
        "distance_metric": "graph",
        "placement_mode": "exact",
        "placement_semantics": "exact_point",
        "shelter_id": 856,
        "candidate_source": "buildings",
        "time_bucket": "5min",
        "time_seconds": 300,
        "coordinates": "31.739445,34.974514",
        "nearest_building_dist_m": 0.0,
        "newly_covered_buildings": 3,
        "newly_covered_people_est": 21
      }
    },
    {
      "type": "Feature",
      "geometry": {
        "type": "Point",
        "coordinates": [
          34.99778804590386,
          31.747502587291514
        ]
      },
      "properties": {
        "rank": 83,
        "distance_metric": "graph",
        "placement_mode": "exact",
        "placement_semantics": "exact_point",
        "shelter_id": 1143,
        "candidate_source": "buildings",
        "time_bucket": "5min",
        "time_seconds": 300,
        "coordinates": "31.747503,34.997788",
        "nearest_building_dist_m": 0.0,
        "newly_covered_buildings": 3,
        "newly_covered_people_est": 21
      }
    },
    {
      "type": "Feature",
      "geometry": {
        "type": "Point",
        "coordinates": [
          34.988570369023435,
          31.75125530525419
        ]
      },
      "properties": {
        "rank": 84,
        "distance_metric": "graph",
        "placement_mode": "exact",
        "placement_semantics": "exact_point",
        "shelter_id": 1399,
        "candidate_source": "buildings",
        "time_bucket": "5min",
        "time_seconds": 300,
        "coordinates": "31.751255,34.988570",
        "nearest_building_dist_m": 0.0,
        "newly_covered_buildings": 3,
        "newly_covered_people_est": 21
      }
    },
    {
      "type": "Feature",
      "geometry": {
        "type": "Point",
        "coordinates": [
          35.00076129947555,
          31.747181900683298
        ]
      },
      "properties": {
        "rank": 85,
        "distance_metric": "graph",
        "placement_mode": "exact",
        "placement_semantics": "exact_point",
        "shelter_id": 2430,
        "candidate_source": "network_nodes",
        "time_bucket": "5min",
        "time_seconds": 300,
        "coordinates": "31.747182,35.000761",
        "nearest_building_dist_m": 82.1,
        "newly_covered_buildings": 3,
        "newly_covered_people_est": 21
      }
    },
    {
      "type": "Feature",
      "geometry": {
        "type": "Point",
        "coordinates": [
          34.98201427517761,
          31.73609690277334
        ]
      },
      "properties": {
        "rank": 86,
        "distance_metric": "graph",
        "placement_mode": "exact",
        "placement_semantics": "exact_point",
        "shelter_id": 4876,
        "candidate_source": "network_nodes",
        "time_bucket": "5min",
        "time_seconds": 300,
        "coordinates": "31.736097,34.982014",
        "nearest_building_dist_m": 20.5,
        "newly_covered_buildings": 3,
        "newly_covered_people_est": 21
      }
    },
    {
      "type": "Feature",
      "geometry": {
        "type": "Point",
        "coordinates": [
          34.995147609185146,
          31.75290417883012
        ]
      },
      "properties": {
        "rank": 87,
        "distance_metric": "graph",
        "placement_mode": "exact",
        "placement_semantics": "exact_point",
        "shelter_id": 5656,
        "candidate_source": "network_nodes",
        "time_bucket": "5min",
        "time_seconds": 300,
        "coordinates": "31.752904,34.995148",
        "nearest_building_dist_m": 20.14,
        "newly_covered_buildings": 3,
        "newly_covered_people_est": 21
      }
    },
    {
      "type": "Feature",
      "geometry": {
        "type": "Point",
        "coordinates": [
          34.979891270426904,
          31.752604252008027
        ]
      },
      "properties": {
        "rank": 88,
        "distance_metric": "graph",
        "placement_mode": "exact",
        "placement_semantics": "exact_point",
        "shelter_id": 99,
        "candidate_source": "buildings",
        "time_bucket": "5min",
        "time_seconds": 300,
        "coordinates": "31.752604,34.979891",
        "nearest_building_dist_m": 0.0,
        "newly_covered_buildings": 2,
        "newly_covered_people_est": 14
      }
    },
    {
      "type": "Feature",
      "geometry": {
        "type": "Point",
        "coordinates": [
          34.97836804912187,
          31.74358927019025
        ]
      },
      "properties": {
        "rank": 89,
        "distance_metric": "graph",
        "placement_mode": "exact",
        "placement_semantics": "exact_point",
        "shelter_id": 115,
        "candidate_source": "buildings",
        "time_bucket": "5min",
        "time_seconds": 300,
        "coordinates": "31.743589,34.978368",
        "nearest_building_dist_m": 0.0,
        "newly_covered_buildings": 2,
        "newly_covered_people_est": 14
      }
    },
    {
      "type": "Feature",
      "geometry": {
        "type": "Point",
        "coordinates": [
          34.98188494005533,
          31.71596984196833
        ]
      },
      "properties": {
        "rank": 90,
        "distance_metric": "graph",
        "placement_mode": "exact",
        "placement_semantics": "exact_point",
        "shelter_id": 311,
        "candidate_source": "buildings",
        "time_bucket": "5min",
        "time_seconds": 300,
        "coordinates": "31.715970,34.981885",
        "nearest_building_dist_m": 0.0,
        "newly_covered_buildings": 2,
        "newly_covered_people_est": 14
      }
    },
    {
      "type": "Feature",
      "geometry": {
        "type": "Point",
        "coordinates": [
          34.97680767348531,
          31.742124146127964
        ]
      },
      "properties": {
        "rank": 91,
        "distance_metric": "graph",
        "placement_mode": "exact",
        "placement_semantics": "exact_point",
        "shelter_id": 316,
        "candidate_source": "buildings",
        "time_bucket": "5min",
        "time_seconds": 300,
        "coordinates": "31.742124,34.976808",
        "nearest_building_dist_m": 0.0,
        "newly_covered_buildings": 2,
        "newly_covered_people_est": 14
      }
    },
    {
      "type": "Feature",
      "geometry": {
        "type": "Point",
        "coordinates": [
          34.991587036730444,
          31.741035236474932
        ]
      },
      "properties": {
        "rank": 92,
        "distance_metric": "graph",
        "placement_mode": "exact",
        "placement_semantics": "exact_point",
        "shelter_id": 325,
        "candidate_source": "buildings",
        "time_bucket": "5min",
        "time_seconds": 300,
        "coordinates": "31.741035,34.991587",
        "nearest_building_dist_m": 0.0,
        "newly_covered_buildings": 2,
        "newly_covered_people_est": 14
      }
    },
    {
      "type": "Feature",
      "geometry": {
        "type": "Point",
        "coordinates": [
          34.98725433202511,
          31.753192796788124
        ]
      },
      "properties": {
        "rank": 93,
        "distance_metric": "graph",
        "placement_mode": "exact",
        "placement_semantics": "exact_point",
        "shelter_id": 400,
        "candidate_source": "buildings",
        "time_bucket": "5min",
        "time_seconds": 300,
        "coordinates": "31.753193,34.987254",
        "nearest_building_dist_m": 0.0,
        "newly_covered_buildings": 2,
        "newly_covered_people_est": 14
      }
    },
    {
      "type": "Feature",
      "geometry": {
        "type": "Point",
        "coordinates": [
          34.99396683986814,
          31.744693136813225
        ]
      },
      "properties": {
        "rank": 94,
        "distance_metric": "graph",
        "placement_mode": "exact",
        "placement_semantics": "exact_point",
        "shelter_id": 444,
        "candidate_source": "buildings",
        "time_bucket": "5min",
        "time_seconds": 300,
        "coordinates": "31.744693,34.993967",
        "nearest_building_dist_m": 0.0,
        "newly_covered_buildings": 2,
        "newly_covered_people_est": 14
      }
    },
    {
      "type": "Feature",
      "geometry": {
        "type": "Point",
        "coordinates": [
          34.97602249136379,
          31.742502296834356
        ]
      },
      "properties": {
        "rank": 95,
        "distance_metric": "graph",
        "placement_mode": "exact",
        "placement_semantics": "exact_point",
        "shelter_id": 451,
        "candidate_source": "buildings",
        "time_bucket": "5min",
        "time_seconds": 300,
        "coordinates": "31.742502,34.976022",
        "nearest_building_dist_m": 0.0,
        "newly_covered_buildings": 2,
        "newly_covered_people_est": 14
      }
    },
    {
      "type": "Feature",
      "geometry": {
        "type": "Point",
        "coordinates": [
          34.9759302188611,
          31.736725560726924
        ]
      },
      "properties": {
        "rank": 96,
        "distance_metric": "graph",
        "placement_mode": "exact",
        "placement_semantics": "exact_point",
        "shelter_id": 493,
        "candidate_source": "buildings",
        "time_bucket": "5min",
        "time_seconds": 300,
        "coordinates": "31.736726,34.975930",
        "nearest_building_dist_m": 0.0,
        "newly_covered_buildings": 2,
        "newly_covered_people_est": 14
      }
    },
    {
      "type": "Feature",
      "geometry": {
        "type": "Point",
        "coordinates": [
          35.002835288587804,
          31.71179134256606
        ]
      },
      "properties": {
        "rank": 97,
        "distance_metric": "graph",
        "placement_mode": "exact",
        "placement_semantics": "exact_point",
        "shelter_id": 521,
        "candidate_source": "buildings",
        "time_bucket": "5min",
        "time_seconds": 300,
        "coordinates": "31.711791,35.002835",
        "nearest_building_dist_m": 0.0,
        "newly_covered_buildings": 2,
        "newly_covered_people_est": 14
      }
    },
    {
      "type": "Feature",
      "geometry": {
        "type": "Point",
        "coordinates": [
          34.981550900169836,
          31.707006312198082
        ]
      },
      "properties": {
        "rank": 98,
        "distance_metric": "graph",
        "placement_mode": "exact",
        "placement_semantics": "exact_point",
        "shelter_id": 554,
        "candidate_source": "buildings",
        "time_bucket": "5min",
        "time_seconds": 300,
        "coordinates": "31.707006,34.981551",
        "nearest_building_dist_m": 0.0,
        "newly_covered_buildings": 2,
        "newly_covered_people_est": 14
      }
    },
    {
      "type": "Feature",
      "geometry": {
        "type": "Point",
        "coordinates": [
          34.99949784840702,
          31.708598491143107
        ]
      },
      "properties": {
        "rank": 99,
        "distance_metric": "graph",
        "placement_mode": "exact",
        "placement_semantics": "exact_point",
        "shelter_id": 576,
        "candidate_source": "buildings",
        "time_bucket": "5min",
        "time_seconds": 300,
        "coordinates": "31.708598,34.999498",
        "nearest_building_dist_m": 0.0,
        "newly_covered_buildings": 2,
        "newly_covered_people_est": 14
      }
    },
    {
      "type": "Feature",
      "geometry": {
        "type": "Point",
        "coordinates": [
          34.98692421288356,
          31.739524891348204
        ]
      },
      "properties": {
        "rank": 100,
        "distance_metric": "graph",
        "placement_mode": "exact",
        "placement_semantics": "exact_point",
        "shelter_id": 858,
        "candidate_source": "buildings",
        "time_bucket": "5min",
        "time_seconds": 300,
        "coordinates": "31.739525,34.986924",
        "nearest_building_dist_m": 0.0,
        "newly_covered_buildings": 2,
        "newly_covered_people_est": 14
      }
    },
    {
      "type": "Feature",
      "geometry": {
        "type": "Point",
        "coordinates": [
          34.974561096572515,
          31.739667389475585
        ]
      },
      "properties": {
        "rank": 101,
        "distance_metric": "graph",
        "placement_mode": "exact",
        "placement_semantics": "exact_point",
        "shelter_id": 872,
        "candidate_source": "buildings",
        "time_bucket": "5min",
        "time_seconds": 300,
        "coordinates": "31.739667,34.974561",
        "nearest_building_dist_m": 0.0,
        "newly_covered_buildings": 2,
        "newly_covered_people_est": 14
      }
    },
    {
      "type": "Feature",
      "geometry": {
        "type": "Point",
        "coordinates": [
          34.98899529955196,
          31.74544790849071
        ]
      },
      "properties": {
        "rank": 102,
        "distance_metric": "graph",
        "placement_mode": "exact",
        "placement_semantics": "exact_point",
        "shelter_id": 1048,
        "candidate_source": "buildings",
        "time_bucket": "5min",
        "time_seconds": 300,
        "coordinates": "31.745448,34.988995",
        "nearest_building_dist_m": 0.0,
        "newly_covered_buildings": 2,
        "newly_covered_people_est": 14
      }
    },
    {
      "type": "Feature",
      "geometry": {
        "type": "Point",
        "coordinates": [
          34.97627342964707,
          31.745704906979537
        ]
      },
      "properties": {
        "rank": 103,
        "distance_metric": "graph",
        "placement_mode": "exact",
        "placement_semantics": "exact_point",
        "shelter_id": 1066,
        "candidate_source": "buildings",
        "time_bucket": "5min",
        "time_seconds": 300,
        "coordinates": "31.745705,34.976273",
        "nearest_building_dist_m": 0.0,
        "newly_covered_buildings": 2,
        "newly_covered_people_est": 14
      }
    },
    {
      "type": "Feature",
      "geometry": {
        "type": "Point",
        "coordinates": [
          34.98558757404729,
          31.747507732498377
        ]
      },
      "properties": {
        "rank": 104,
        "distance_metric": "graph",
        "placement_mode": "exact",
        "placement_semantics": "exact_point",
        "shelter_id": 1148,
        "candidate_source": "buildings",
        "time_bucket": "5min",
        "time_seconds": 300,
        "coordinates": "31.747508,34.985588",
        "nearest_building_dist_m": 0.0,
        "newly_covered_buildings": 2,
        "newly_covered_people_est": 14
      }
    },
    {
      "type": "Feature",
      "geometry": {
        "type": "Point",
        "coordinates": [
          34.98091249767936,
          31.7492435714157
        ]
      },
      "properties": {
        "rank": 105,
        "distance_metric": "graph",
        "placement_mode": "exact",
        "placement_semantics": "exact_point",
        "shelter_id": 1305,
        "candidate_source": "buildings",
        "time_bucket": "5min",
        "time_seconds": 300,
        "coordinates": "31.749244,34.980912",
        "nearest_building_dist_m": 0.0,
        "newly_covered_buildings": 2,
        "newly_covered_people_est": 14
      }
    },
    {
      "type": "Feature",
      "geometry": {
        "type": "Point",
        "coordinates": [
          34.9977197547795,
          31.749850378282446
        ]
      },
      "properties": {
        "rank": 106,
        "distance_metric": "graph",
        "placement_mode": "exact",
        "placement_semantics": "exact_point",
        "shelter_id": 1317,
        "candidate_source": "buildings",
        "time_bucket": "5min",
        "time_seconds": 300,
        "coordinates": "31.749850,34.997720",
        "nearest_building_dist_m": 0.0,
        "newly_covered_buildings": 2,
        "newly_covered_people_est": 14
      }
    },
    {
      "type": "Feature",
      "geometry": {
        "type": "Point",
        "coordinates": [
          34.98061768679298,
          31.751125915191498
        ]
      },
      "properties": {
        "rank": 107,
        "distance_metric": "graph",
        "placement_mode": "exact",
        "placement_semantics": "exact_point",
        "shelter_id": 1392,
        "candidate_source": "buildings",
        "time_bucket": "5min",
        "time_seconds": 300,
        "coordinates": "31.751126,34.980618",
        "nearest_building_dist_m": 0.0,
        "newly_covered_buildings": 2,
        "newly_covered_people_est": 14
      }
    },
    {
      "type": "Feature",
      "geometry": {
        "type": "Point",
        "coordinates": [
          34.995106802176025,
          31.752181004790195
        ]
      },
      "properties": {
        "rank": 108,
        "distance_metric": "graph",
        "placement_mode": "exact",
        "placement_semantics": "exact_point",
        "shelter_id": 1443,
        "candidate_source": "buildings",
        "time_bucket": "5min",
        "time_seconds": 300,
        "coordinates": "31.752181,34.995107",
        "nearest_building_dist_m": 0.0,
        "newly_covered_buildings": 2,
        "newly_covered_people_est": 14
      }
    },
    {
      "type": "Feature",
      "geometry": {
        "type": "Point",
        "coordinates": [
          34.98357439947317,
          31.706334600686517
        ]
      },
      "properties": {
        "rank": 109,
        "distance_metric": "graph",
        "placement_mode": "exact",
        "placement_semantics": "exact_point",
        "shelter_id": 2970,
        "candidate_source": "network_nodes",
        "time_bucket": "5min",
        "time_seconds": 300,
        "coordinates": "31.706335,34.983574",
        "nearest_building_dist_m": 46.42,
        "newly_covered_buildings": 2,
        "newly_covered_people_est": 14
      }
    },
    {
      "type": "Feature",
      "geometry": {
        "type": "Point",
        "coordinates": [
          34.99013894480092,
          31.754317128077197
        ]
      },
      "properties": {
        "rank": 110,
        "distance_metric": "graph",
        "placement_mode": "exact",
        "placement_semantics": "exact_point",
        "shelter_id": 5733,
        "candidate_source": "network_nodes",
        "time_bucket": "5min",
        "time_seconds": 300,
        "coordinates": "31.754317,34.990139",
        "nearest_building_dist_m": 17.76,
        "newly_covered_buildings": 2,
        "newly_covered_people_est": 14
      }
    },
    {
      "type": "Feature",
      "geometry": {
        "type": "Point",
        "coordinates": [
          34.987585405586216,
          31.70091321460619
        ]
      },
      "properties": {
        "rank": 111,
        "distance_metric": "graph",
        "placement_mode": "exact",
        "placement_semantics": "exact_point",
        "shelter_id": 9,
        "candidate_source": "buildings",
        "time_bucket": "5min",
        "time_seconds": 300,
        "coordinates": "31.700913,34.987585",
        "nearest_building_dist_m": 0.0,
        "newly_covered_buildings": 1,
        "newly_covered_people_est": 7
      }
    },
    {
      "type": "Feature",
      "geometry": {
        "type": "Point",
        "coordinates": [
          34.990403044912696,
          31.732477574184973
        ]
      },
      "properties": {
        "rank": 112,
        "distance_metric": "graph",
        "placement_mode": "exact",
        "placement_semantics": "exact_point",
        "shelter_id": 18,
        "candidate_source": "buildings",
        "time_bucket": "5min",
        "time_seconds": 300,
        "coordinates": "31.732478,34.990403",
        "nearest_building_dist_m": 0.0,
        "newly_covered_buildings": 1,
        "newly_covered_people_est": 7
      }
    },
    {
      "type": "Feature",
      "geometry": {
        "type": "Point",
        "coordinates": [
          35.002294660102685,
          31.708015404919877
        ]
      },
      "properties": {
        "rank": 113,
        "distance_metric": "graph",
        "placement_mode": "exact",
        "placement_semantics": "exact_point",
        "shelter_id": 23,
        "candidate_source": "buildings",
        "time_bucket": "5min",
        "time_seconds": 300,
        "coordinates": "31.708015,35.002295",
        "nearest_building_dist_m": 0.0,
        "newly_covered_buildings": 1,
        "newly_covered_people_est": 7
      }
    },
    {
      "type": "Feature",
      "geometry": {
        "type": "Point",
        "coordinates": [
          34.99727488174892,
          31.70724721487646
        ]
      },
      "properties": {
        "rank": 114,
        "distance_metric": "graph",
        "placement_mode": "exact",
        "placement_semantics": "exact_point",
        "shelter_id": 33,
        "candidate_source": "buildings",
        "time_bucket": "5min",
        "time_seconds": 300,
        "coordinates": "31.707247,34.997275",
        "nearest_building_dist_m": 0.0,
        "newly_covered_buildings": 1,
        "newly_covered_people_est": 7
      }
    },
    {
      "type": "Feature",
      "geometry": {
        "type": "Point",
        "coordinates": [
          34.98388363959569,
          31.707918613249046
        ]
      },
      "properties": {
        "rank": 115,
        "distance_metric": "graph",
        "placement_mode": "exact",
        "placement_semantics": "exact_point",
        "shelter_id": 48,
        "candidate_source": "buildings",
        "time_bucket": "5min",
        "time_seconds": 300,
        "coordinates": "31.707919,34.983884",
        "nearest_building_dist_m": 0.0,
        "newly_covered_buildings": 1,
        "newly_covered_people_est": 7
      }
    },
    {
      "type": "Feature",
      "geometry": {
        "type": "Point",
        "coordinates": [
          34.989557947072704,
          31.71162540622002
        ]
      },
      "properties": {
        "rank": 116,
        "distance_metric": "graph",
        "placement_mode": "exact",
        "placement_semantics": "exact_point",
        "shelter_id": 50,
        "candidate_source": "buildings",
        "time_bucket": "5min",
        "time_seconds": 300,
        "coordinates": "31.711625,34.989558",
        "nearest_building_dist_m": 0.0,
        "newly_covered_buildings": 1,
        "newly_covered_people_est": 7
      }
    },
    {
      "type": "Feature",
      "geometry": {
        "type": "Point",
        "coordinates": [
          34.95185930856143,
          31.735009814688574
        ]
      },
      "properties": {
        "rank": 117,
        "distance_metric": "graph",
        "placement_mode": "exact",
        "placement_semantics": "exact_point",
        "shelter_id": 52,
        "candidate_source": "buildings",
        "time_bucket": "5min",
        "time_seconds": 300,
        "coordinates": "31.735010,34.951859",
        "nearest_building_dist_m": 0.0,
        "newly_covered_buildings": 1,
        "newly_covered_people_est": 7
      }
    },
    {
      "type": "Feature",
      "geometry": {
        "type": "Point",
        "coordinates": [
          34.998772037807335,
          31.752494085848486
        ]
      },
      "properties": {
        "rank": 118,
        "distance_metric": "graph",
        "placement_mode": "exact",
        "placement_semantics": "exact_point",
        "shelter_id": 53,
        "candidate_source": "buildings",
        "time_bucket": "5min",
        "time_seconds": 300,
        "coordinates": "31.752494,34.998772",
        "nearest_building_dist_m": 0.0,
        "newly_covered_buildings": 1,
        "newly_covered_people_est": 7
      }
    },
    {
      "type": "Feature",
      "geometry": {
        "type": "Point",
        "coordinates": [
          35.00028167999501,
          31.74477646818496
        ]
      },
      "properties": {
        "rank": 119,
        "distance_metric": "graph",
        "placement_mode": "exact",
        "placement_semantics": "exact_point",
        "shelter_id": 57,
        "candidate_source": "buildings",
        "time_bucket": "5min",
        "time_seconds": 300,
        "coordinates": "31.744776,35.000282",
        "nearest_building_dist_m": 0.0,
        "newly_covered_buildings": 1,
        "newly_covered_people_est": 7
      }
    },
    {
      "type": "Feature",
      "geometry": {
        "type": "Point",
        "coordinates": [
          34.98333091984083,
          31.755124756460948
        ]
      },
      "properties": {
        "rank": 120,
        "distance_metric": "graph",
        "placement_mode": "exact",
        "placement_semantics": "exact_point",
        "shelter_id": 59,
        "candidate_source": "buildings",
        "time_bucket": "5min",
        "time_seconds": 300,
        "coordinates": "31.755125,34.983331",
        "nearest_building_dist_m": 0.0,
        "newly_covered_buildings": 1,
        "newly_covered_people_est": 7
      }
    },
    {
      "type": "Feature",
      "geometry": {
        "type": "Point",
        "coordinates": [
          34.997587354590294,
          31.7428546040443
        ]
      },
      "properties": {
        "rank": 121,
        "distance_metric": "graph",
        "placement_mode": "exact",
        "placement_semantics": "exact_point",
        "shelter_id": 65,
        "candidate_source": "buildings",
        "time_bucket": "5min",
        "time_seconds": 300,
        "coordinates": "31.742855,34.997587",
        "nearest_building_dist_m": 0.0,
        "newly_covered_buildings": 1,
        "newly_covered_people_est": 7
      }
    },
    {
      "type": "Feature",
      "geometry": {
        "type": "Point",
        "coordinates": [
          34.97370713728961,
          31.70369972445237
        ]
      },
      "properties": {
        "rank": 122,
        "distance_metric": "graph",
        "placement_mode": "exact",
        "placement_semantics": "exact_point",
        "shelter_id": 71,
        "candidate_source": "buildings",
        "time_bucket": "5min",
        "time_seconds": 300,
        "coordinates": "31.703700,34.973707",
        "nearest_building_dist_m": 0.0,
        "newly_covered_buildings": 1,
        "newly_covered_people_est": 7
      }
    },
    {
      "type": "Feature",
      "geometry": {
        "type": "Point",
        "coordinates": [
          34.99086430743614,
          31.70372891917499
        ]
      },
      "properties": {
        "rank": 123,
        "distance_metric": "graph",
        "placement_mode": "exact",
        "placement_semantics": "exact_point",
        "shelter_id": 72,
        "candidate_source": "buildings",
        "time_bucket": "5min",
        "time_seconds": 300,
        "coordinates": "31.703729,34.990864",
        "nearest_building_dist_m": 0.0,
        "newly_covered_buildings": 1,
        "newly_covered_people_est": 7
      }
    },
    {
      "type": "Feature",
      "geometry": {
        "type": "Point",
        "coordinates": [
          34.98427566977641,
          31.70161340265247
        ]
      },
      "properties": {
        "rank": 124,
        "distance_metric": "graph",
        "placement_mode": "exact",
        "placement_semantics": "exact_point",
        "shelter_id": 83,
        "candidate_source": "buildings",
        "time_bucket": "5min",
        "time_seconds": 300,
        "coordinates": "31.701613,34.984276",
        "nearest_building_dist_m": 0.0,
        "newly_covered_buildings": 1,
        "newly_covered_people_est": 7
      }
    },
    {
      "type": "Feature",
      "geometry": {
        "type": "Point",
        "coordinates": [
          34.98990141035895,
          31.753040639771655
        ]
      },
      "properties": {
        "rank": 125,
        "distance_metric": "graph",
        "placement_mode": "exact",
        "placement_semantics": "exact_point",
        "shelter_id": 90,
        "candidate_source": "buildings",
        "time_bucket": "5min",
        "time_seconds": 300,
        "coordinates": "31.753041,34.989901",
        "nearest_building_dist_m": 0.0,
        "newly_covered_buildings": 1,
        "newly_covered_people_est": 7
      }
    },
    {
      "type": "Feature",
      "geometry": {
        "type": "Point",
        "coordinates": [
          34.99002206413294,
          31.71771316413069
        ]
      },
      "properties": {
        "rank": 126,
        "distance_metric": "graph",
        "placement_mode": "exact",
        "placement_semantics": "exact_point",
        "shelter_id": 132,
        "candidate_source": "buildings",
        "time_bucket": "5min",
        "time_seconds": 300,
        "coordinates": "31.717713,34.990022",
        "nearest_building_dist_m": 0.0,
        "newly_covered_buildings": 1,
        "newly_covered_people_est": 7
      }
    },
    {
      "type": "Feature",
      "geometry": {
        "type": "Point",
        "coordinates": [
          34.976149246434524,
          31.736602665753157
        ]
      },
      "properties": {
        "rank": 127,
        "distance_metric": "graph",
        "placement_mode": "exact",
        "placement_semantics": "exact_point",
        "shelter_id": 138,
        "candidate_source": "buildings",
        "time_bucket": "5min",
        "time_seconds": 300,
        "coordinates": "31.736603,34.976149",
        "nearest_building_dist_m": 0.0,
        "newly_covered_buildings": 1,
        "newly_covered_people_est": 7
      }
    },
    {
      "type": "Feature",
      "geometry": {
        "type": "Point",
        "coordinates": [
          34.99085830306973,
          31.736351992429054
        ]
      },
      "properties": {
        "rank": 128,
        "distance_metric": "graph",
        "placement_mode": "exact",
        "placement_semantics": "exact_point",
        "shelter_id": 140,
        "candidate_source": "buildings",
        "time_bucket": "5min",
        "time_seconds": 300,
        "coordinates": "31.736352,34.990858",
        "nearest_building_dist_m": 0.0,
        "newly_covered_buildings": 1,
        "newly_covered_people_est": 7
      }
    },
    {
      "type": "Feature",
      "geometry": {
        "type": "Point",
        "coordinates": [
          34.99950557134919,
          31.75037207439417
        ]
      },
      "properties": {
        "rank": 129,
        "distance_metric": "graph",
        "placement_mode": "exact",
        "placement_semantics": "exact_point",
        "shelter_id": 165,
        "candidate_source": "buildings",
        "time_bucket": "5min",
        "time_seconds": 300,
        "coordinates": "31.750372,34.999506",
        "nearest_building_dist_m": 0.0,
        "newly_covered_buildings": 1,
        "newly_covered_people_est": 7
      }
    },
    {
      "type": "Feature",
      "geometry": {
        "type": "Point",
        "coordinates": [
          34.99164251615943,
          31.757837448331962
        ]
      },
      "properties": {
        "rank": 130,
        "distance_metric": "graph",
        "placement_mode": "exact",
        "placement_semantics": "exact_point",
        "shelter_id": 166,
        "candidate_source": "buildings",
        "time_bucket": "5min",
        "time_seconds": 300,
        "coordinates": "31.757837,34.991643",
        "nearest_building_dist_m": 0.0,
        "newly_covered_buildings": 1,
        "newly_covered_people_est": 7
      }
    },
    {
      "type": "Feature",
      "geometry": {
        "type": "Point",
        "coordinates": [
          35.00008404755026,
          31.712230307766426
        ]
      },
      "properties": {
        "rank": 131,
        "distance_metric": "graph",
        "placement_mode": "exact",
        "placement_semantics": "exact_point",
        "shelter_id": 176,
        "candidate_source": "buildings",
        "time_bucket": "5min",
        "time_seconds": 300,
        "coordinates": "31.712230,35.000084",
        "nearest_building_dist_m": 0.0,
        "newly_covered_buildings": 1,
        "newly_covered_people_est": 7
      }
    },
    {
      "type": "Feature",
      "geometry": {
        "type": "Point",
        "coordinates": [
          34.99117780473121,
          31.768157361321283
        ]
      },
      "properties": {
        "rank": 132,
        "distance_metric": "graph",
        "placement_mode": "exact",
        "placement_semantics": "exact_point",
        "shelter_id": 191,
        "candidate_source": "buildings",
        "time_bucket": "5min",
        "time_seconds": 300,
        "coordinates": "31.768157,34.991178",
        "nearest_building_dist_m": 0.0,
        "newly_covered_buildings": 1,
        "newly_covered_people_est": 7
      }
    },
    {
      "type": "Feature",
      "geometry": {
        "type": "Point",
        "coordinates": [
          34.99544963193127,
          31.74019871410125
        ]
      },
      "properties": {
        "rank": 133,
        "distance_metric": "graph",
        "placement_mode": "exact",
        "placement_semantics": "exact_point",
        "shelter_id": 204,
        "candidate_source": "buildings",
        "time_bucket": "5min",
        "time_seconds": 300,
        "coordinates": "31.740199,34.995450",
        "nearest_building_dist_m": 0.0,
        "newly_covered_buildings": 1,
        "newly_covered_people_est": 7
      }
    },
    {
      "type": "Feature",
      "geometry": {
        "type": "Point",
        "coordinates": [
          34.98496764672879,
          31.713164194710878
        ]
      },
      "properties": {
        "rank": 134,
        "distance_metric": "graph",
        "placement_mode": "exact",
        "placement_semantics": "exact_point",
        "shelter_id": 206,
        "candidate_source": "buildings",
        "time_bucket": "5min",
        "time_seconds": 300,
        "coordinates": "31.713164,34.984968",
        "nearest_building_dist_m": 0.0,
        "newly_covered_buildings": 1,
        "newly_covered_people_est": 7
      }
    },
    {
      "type": "Feature",
      "geometry": {
        "type": "Point",
        "coordinates": [
          34.9944974174095,
          31.738160214939164
        ]
      },
      "properties": {
        "rank": 135,
        "distance_metric": "graph",
        "placement_mode": "exact",
        "placement_semantics": "exact_point",
        "shelter_id": 210,
        "candidate_source": "buildings",
        "time_bucket": "5min",
        "time_seconds": 300,
        "coordinates": "31.738160,34.994497",
        "nearest_building_dist_m": 0.0,
        "newly_covered_buildings": 1,
        "newly_covered_people_est": 7
      }
    },
    {
      "type": "Feature",
      "geometry": {
        "type": "Point",
        "coordinates": [
          34.99480568003944,
          31.712121471447457
        ]
      },
      "properties": {
        "rank": 136,
        "distance_metric": "graph",
        "placement_mode": "exact",
        "placement_semantics": "exact_point",
        "shelter_id": 249,
        "candidate_source": "buildings",
        "time_bucket": "5min",
        "time_seconds": 300,
        "coordinates": "31.712121,34.994806",
        "nearest_building_dist_m": 0.0,
        "newly_covered_buildings": 1,
        "newly_covered_people_est": 7
      }
    },
    {
      "type": "Feature",
      "geometry": {
        "type": "Point",
        "coordinates": [
          34.988046827650145,
          31.756305996655783
        ]
      },
      "properties": {
        "rank": 137,
        "distance_metric": "graph",
        "placement_mode": "exact",
        "placement_semantics": "exact_point",
        "shelter_id": 258,
        "candidate_source": "buildings",
        "time_bucket": "5min",
        "time_seconds": 300,
        "coordinates": "31.756306,34.988047",
        "nearest_building_dist_m": 0.0,
        "newly_covered_buildings": 1,
        "newly_covered_people_est": 7
      }
    },
    {
      "type": "Feature",
      "geometry": {
        "type": "Point",
        "coordinates": [
          35.001007232923556,
          31.709569841051064
        ]
      },
      "properties": {
        "rank": 138,
        "distance_metric": "graph",
        "placement_mode": "exact",
        "placement_semantics": "exact_point",
        "shelter_id": 268,
        "candidate_source": "buildings",
        "time_bucket": "5min",
        "time_seconds": 300,
        "coordinates": "31.709570,35.001007",
        "nearest_building_dist_m": 0.0,
        "newly_covered_buildings": 1,
        "newly_covered_people_est": 7
      }
    },
    {
      "type": "Feature",
      "geometry": {
        "type": "Point",
        "coordinates": [
          35.00042090653303,
          31.71401056104109
        ]
      },
      "properties": {
        "rank": 139,
        "distance_metric": "graph",
        "placement_mode": "exact",
        "placement_semantics": "exact_point",
        "shelter_id": 281,
        "candidate_source": "buildings",
        "time_bucket": "5min",
        "time_seconds": 300,
        "coordinates": "31.714011,35.000421",
        "nearest_building_dist_m": 0.0,
        "newly_covered_buildings": 1,
        "newly_covered_people_est": 7
      }
    },
    {
      "type": "Feature",
      "geometry": {
        "type": "Point",
        "coordinates": [
          34.97887317292956,
          31.73917737165328
        ]
      },
      "properties": {
        "rank": 140,
        "distance_metric": "graph",
        "placement_mode": "exact",
        "placement_semantics": "exact_point",
        "shelter_id": 294,
        "candidate_source": "buildings",
        "time_bucket": "5min",
        "time_seconds": 300,
        "coordinates": "31.739177,34.978873",
        "nearest_building_dist_m": 0.0,
        "newly_covered_buildings": 1,
        "newly_covered_people_est": 7
      }
    },
    {
      "type": "Feature",
      "geometry": {
        "type": "Point",
        "coordinates": [
          34.978499484267374,
          31.741111885645815
        ]
      },
      "properties": {
        "rank": 141,
        "distance_metric": "graph",
        "placement_mode": "exact",
        "placement_semantics": "exact_point",
        "shelter_id": 317,
        "candidate_source": "buildings",
        "time_bucket": "5min",
        "time_seconds": 300,
        "coordinates": "31.741112,34.978499",
        "nearest_building_dist_m": 0.0,
        "newly_covered_buildings": 1,
        "newly_covered_people_est": 7
      }
    },
    {
      "type": "Feature",
      "geometry": {
        "type": "Point",
        "coordinates": [
          34.9791599250564,
          31.738223489285154
        ]
      },
      "properties": {
        "rank": 142,
        "distance_metric": "graph",
        "placement_mode": "exact",
        "placement_semantics": "exact_point",
        "shelter_id": 321,
        "candidate_source": "buildings",
        "time_bucket": "5min",
        "time_seconds": 300,
        "coordinates": "31.738223,34.979160",
        "nearest_building_dist_m": 0.0,
        "newly_covered_buildings": 1,
        "newly_covered_people_est": 7
      }
    },
    {
      "type": "Feature",
      "geometry": {
        "type": "Point",
        "coordinates": [
          34.99712128530045,
          31.751963703409654
        ]
      },
      "properties": {
        "rank": 143,
        "distance_metric": "graph",
        "placement_mode": "exact",
        "placement_semantics": "exact_point",
        "shelter_id": 344,
        "candidate_source": "buildings",
        "time_bucket": "5min",
        "time_seconds": 300,
        "coordinates": "31.751964,34.997121",
        "nearest_building_dist_m": 0.0,
        "newly_covered_buildings": 1,
        "newly_covered_people_est": 7
      }
    },
    {
      "type": "Feature",
      "geometry": {
        "type": "Point",
        "coordinates": [
          34.998756779835254,
          31.736066838568636
        ]
      },
      "properties": {
        "rank": 144,
        "distance_metric": "graph",
        "placement_mode": "exact",
        "placement_semantics": "exact_point",
        "shelter_id": 362,
        "candidate_source": "buildings",
        "time_bucket": "5min",
        "time_seconds": 300,
        "coordinates": "31.736067,34.998757",
        "nearest_building_dist_m": 0.0,
        "newly_covered_buildings": 1,
        "newly_covered_people_est": 7
      }
    },
    {
      "type": "Feature",
      "geometry": {
        "type": "Point",
        "coordinates": [
          34.9947988089358,
          31.750440107460516
        ]
      },
      "properties": {
        "rank": 145,
        "distance_metric": "graph",
        "placement_mode": "exact",
        "placement_semantics": "exact_point",
        "shelter_id": 387,
        "candidate_source": "buildings",
        "time_bucket": "5min",
        "time_seconds": 300,
        "coordinates": "31.750440,34.994799",
        "nearest_building_dist_m": 0.0,
        "newly_covered_buildings": 1,
        "newly_covered_people_est": 7
      }
    },
    {
      "type": "Feature",
      "geometry": {
        "type": "Point",
        "coordinates": [
          34.993535555367686,
          31.71450394050007
        ]
      },
      "properties": {
        "rank": 146,
        "distance_metric": "graph",
        "placement_mode": "exact",
        "placement_semantics": "exact_point",
        "shelter_id": 442,
        "candidate_source": "buildings",
        "time_bucket": "5min",
        "time_seconds": 300,
        "coordinates": "31.714504,34.993536",
        "nearest_building_dist_m": 0.0,
        "newly_covered_buildings": 1,
        "newly_covered_people_est": 7
      }
    },
    {
      "type": "Feature",
      "geometry": {
        "type": "Point",
        "coordinates": [
          34.99810263685512,
          31.738632994245595
        ]
      },
      "properties": {
        "rank": 147,
        "distance_metric": "graph",
        "placement_mode": "exact",
        "placement_semantics": "exact_point",
        "shelter_id": 470,
        "candidate_source": "buildings",
        "time_bucket": "5min",
        "time_seconds": 300,
        "coordinates": "31.738633,34.998103",
        "nearest_building_dist_m": 0.0,
        "newly_covered_buildings": 1,
        "newly_covered_people_est": 7
      }
    },
    {
      "type": "Feature",
      "geometry": {
        "type": "Point",
        "coordinates": [
          34.97923472499773,
          31.74202560123534
        ]
      },
      "properties": {
        "rank": 148,
        "distance_metric": "graph",
        "placement_mode": "exact",
        "placement_semantics": "exact_point",
        "shelter_id": 487,
        "candidate_source": "buildings",
        "time_bucket": "5min",
        "time_seconds": 300,
        "coordinates": "31.742026,34.979235",
        "nearest_building_dist_m": 0.0,
        "newly_covered_buildings": 1,
        "newly_covered_people_est": 7
      }
    },
    {
      "type": "Feature",
      "geometry": {
        "type": "Point",
        "coordinates": [
          34.98112708927066,
          31.73579773590084
        ]
      },
      "properties": {
        "rank": 149,
        "distance_metric": "graph",
        "placement_mode": "exact",
        "placement_semantics": "exact_point",
        "shelter_id": 495,
        "candidate_source": "buildings",
        "time_bucket": "5min",
        "time_seconds": 300,
        "coordinates": "31.735798,34.981127",
        "nearest_building_dist_m": 0.0,
        "newly_covered_buildings": 1,
        "newly_covered_people_est": 7
      }
    },
    {
      "type": "Feature",
      "geometry": {
        "type": "Point",
        "coordinates": [
          34.99427536873608,
          31.761458813433507
        ]
      },
      "properties": {
        "rank": 150,
        "distance_metric": "graph",
        "placement_mode": "exact",
        "placement_semantics": "exact_point",
        "shelter_id": 503,
        "candidate_source": "buildings",
        "time_bucket": "5min",
        "time_seconds": 300,
        "coordinates": "31.761459,34.994275",
        "nearest_building_dist_m": 0.0,
        "newly_covered_buildings": 1,
        "newly_covered_people_est": 7
      }
    },
    {
      "type": "Feature",
      "geometry": {
        "type": "Point",
        "coordinates": [
          34.9781324970606,
          31.73957500540884
        ]
      },
      "properties": {
        "rank": 151,
        "distance_metric": "graph",
        "placement_mode": "exact",
        "placement_semantics": "exact_point",
        "shelter_id": 505,
        "candidate_source": "buildings",
        "time_bucket": "5min",
        "time_seconds": 300,
        "coordinates": "31.739575,34.978132",
        "nearest_building_dist_m": 0.0,
        "newly_covered_buildings": 1,
        "newly_covered_people_est": 7
      }
    },
    {
      "type": "Feature",
      "geometry": {
        "type": "Point",
        "coordinates": [
          34.99034893212112,
          31.768304748479203
        ]
      },
      "properties": {
        "rank": 152,
        "distance_metric": "graph",
        "placement_mode": "exact",
        "placement_semantics": "exact_point",
        "shelter_id": 528,
        "candidate_source": "buildings",
        "time_bucket": "5min",
        "time_seconds": 300,
        "coordinates": "31.768305,34.990349",
        "nearest_building_dist_m": 0.0,
        "newly_covered_buildings": 1,
        "newly_covered_people_est": 7
      }
    },
    {
      "type": "Feature",
      "geometry": {
        "type": "Point",
        "coordinates": [
          34.994693830357186,
          31.70166175295681
        ]
      },
      "properties": {
        "rank": 153,
        "distance_metric": "graph",
        "placement_mode": "exact",
        "placement_semantics": "exact_point",
        "shelter_id": 531,
        "candidate_source": "buildings",
        "time_bucket": "5min",
        "time_seconds": 300,
        "coordinates": "31.701662,34.994694",
        "nearest_building_dist_m": 0.0,
        "newly_covered_buildings": 1,
        "newly_covered_people_est": 7
      }
    },
    {
      "type": "Feature",
      "geometry": {
        "type": "Point",
        "coordinates": [
          34.964634855570736,
          31.708117038973942
        ]
      },
      "properties": {
        "rank": 154,
        "distance_metric": "graph",
        "placement_mode": "exact",
        "placement_semantics": "exact_point",
        "shelter_id": 534,
        "candidate_source": "buildings",
        "time_bucket": "5min",
        "time_seconds": 300,
        "coordinates": "31.708117,34.964635",
        "nearest_building_dist_m": 0.0,
        "newly_covered_buildings": 1,
        "newly_covered_people_est": 7
      }
    },
    {
      "type": "Feature",
      "geometry": {
        "type": "Point",
        "coordinates": [
          34.977169731885255,
          31.705028063160405
        ]
      },
      "properties": {
        "rank": 155,
        "distance_metric": "graph",
        "placement_mode": "exact",
        "placement_semantics": "exact_point",
        "shelter_id": 549,
        "candidate_source": "buildings",
        "time_bucket": "5min",
        "time_seconds": 300,
        "coordinates": "31.705028,34.977170",
        "nearest_building_dist_m": 0.0,
        "newly_covered_buildings": 1,
        "newly_covered_people_est": 7
      }
    },
    {
      "type": "Feature",
      "geometry": {
        "type": "Point",
        "coordinates": [
          34.98196764422987,
          31.706139511781526
        ]
      },
      "properties": {
        "rank": 156,
        "distance_metric": "graph",
        "placement_mode": "exact",
        "placement_semantics": "exact_point",
        "shelter_id": 551,
        "candidate_source": "buildings",
        "time_bucket": "5min",
        "time_seconds": 300,
        "coordinates": "31.706140,34.981968",
        "nearest_building_dist_m": 0.0,
        "newly_covered_buildings": 1,
        "newly_covered_people_est": 7
      }
    },
    {
      "type": "Feature",
      "geometry": {
        "type": "Point",
        "coordinates": [
          34.981234208446324,
          31.707340236788145
        ]
      },
      "properties": {
        "rank": 157,
        "distance_metric": "graph",
        "placement_mode": "exact",
        "placement_semantics": "exact_point",
        "shelter_id": 559,
        "candidate_source": "buildings",
        "time_bucket": "5min",
        "time_seconds": 300,
        "coordinates": "31.707340,34.981234",
        "nearest_building_dist_m": 0.0,
        "newly_covered_buildings": 1,
        "newly_covered_people_est": 7
      }
    },
    {
      "type": "Feature",
      "geometry": {
        "type": "Point",
        "coordinates": [
          34.980751108111996,
          31.708206336551125
        ]
      },
      "properties": {
        "rank": 158,
        "distance_metric": "graph",
        "placement_mode": "exact",
        "placement_semantics": "exact_point",
        "shelter_id": 572,
        "candidate_source": "buildings",
        "time_bucket": "5min",
        "time_seconds": 300,
        "coordinates": "31.708206,34.980751",
        "nearest_building_dist_m": 0.0,
        "newly_covered_buildings": 1,
        "newly_covered_people_est": 7
      }
    },
    {
      "type": "Feature",
      "geometry": {
        "type": "Point",
        "coordinates": [
          34.98026502359942,
          31.708596781995706
        ]
      },
      "properties": {
        "rank": 159,
        "distance_metric": "graph",
        "placement_mode": "exact",
        "placement_semantics": "exact_point",
        "shelter_id": 575,
        "candidate_source": "buildings",
        "time_bucket": "5min",
        "time_seconds": 300,
        "coordinates": "31.708597,34.980265",
        "nearest_building_dist_m": 0.0,
        "newly_covered_buildings": 1,
        "newly_covered_people_est": 7
      }
    },
    {
      "type": "Feature",
      "geometry": {
        "type": "Point",
        "coordinates": [
          35.00419648715016,
          31.709396186095496
        ]
      },
      "properties": {
        "rank": 160,
        "distance_metric": "graph",
        "placement_mode": "exact",
        "placement_semantics": "exact_point",
        "shelter_id": 587,
        "candidate_source": "buildings",
        "time_bucket": "5min",
        "time_seconds": 300,
        "coordinates": "31.709396,35.004196",
        "nearest_building_dist_m": 0.0,
        "newly_covered_buildings": 1,
        "newly_covered_people_est": 7
      }
    },
    {
      "type": "Feature",
      "geometry": {
        "type": "Point",
        "coordinates": [
          35.00037410817765,
          31.71024007509534
        ]
      },
      "properties": {
        "rank": 161,
        "distance_metric": "graph",
        "placement_mode": "exact",
        "placement_semantics": "exact_point",
        "shelter_id": 620,
        "candidate_source": "buildings",
        "time_bucket": "5min",
        "time_seconds": 300,
        "coordinates": "31.710240,35.000374",
        "nearest_building_dist_m": 0.0,
        "newly_covered_buildings": 1,
        "newly_covered_people_est": 7
      }
    },
    {
      "type": "Feature",
      "geometry": {
        "type": "Point",
        "coordinates": [
          35.000642404419956,
          31.71407380565736
        ]
      },
      "properties": {
        "rank": 162,
        "distance_metric": "graph",
        "placement_mode": "exact",
        "placement_semantics": "exact_point",
        "shelter_id": 635,
        "candidate_source": "buildings",
        "time_bucket": "5min",
        "time_seconds": 300,
        "coordinates": "31.714074,35.000642",
        "nearest_building_dist_m": 0.0,
        "newly_covered_buildings": 1,
        "newly_covered_people_est": 7
      }
    },
    {
      "type": "Feature",
      "geometry": {
        "type": "Point",
        "coordinates": [
          34.9993642167627,
          31.716279315221474
        ]
      },
      "properties": {
        "rank": 163,
        "distance_metric": "graph",
        "placement_mode": "exact",
        "placement_semantics": "exact_point",
        "shelter_id": 643,
        "candidate_source": "buildings",
        "time_bucket": "5min",
        "time_seconds": 300,
        "coordinates": "31.716279,34.999364",
        "nearest_building_dist_m": 0.0,
        "newly_covered_buildings": 1,
        "newly_covered_people_est": 7
      }
    },
    {
      "type": "Feature",
      "geometry": {
        "type": "Point",
        "coordinates": [
          34.98335198552792,
          31.73626348205452
        ]
      },
      "properties": {
        "rank": 164,
        "distance_metric": "graph",
        "placement_mode": "exact",
        "placement_semantics": "exact_point",
        "shelter_id": 683,
        "candidate_source": "buildings",
        "time_bucket": "5min",
        "time_seconds": 300,
        "coordinates": "31.736263,34.983352",
        "nearest_building_dist_m": 0.0,
        "newly_covered_buildings": 1,
        "newly_covered_people_est": 7
      }
    },
    {
      "type": "Feature",
      "geometry": {
        "type": "Point",
        "coordinates": [
          34.98270089878875,
          31.736223078804272
        ]
      },
      "properties": {
        "rank": 165,
        "distance_metric": "graph",
        "placement_mode": "exact",
        "placement_semantics": "exact_point",
        "shelter_id": 686,
        "candidate_source": "buildings",
        "time_bucket": "5min",
        "time_seconds": 300,
        "coordinates": "31.736223,34.982701",
        "nearest_building_dist_m": 0.0,
        "newly_covered_buildings": 1,
        "newly_covered_people_est": 7
      }
    },
    {
      "type": "Feature",
      "geometry": {
        "type": "Point",
        "coordinates": [
          34.99088341370718,
          31.73771188947604
        ]
      },
      "properties": {
        "rank": 166,
        "distance_metric": "graph",
        "placement_mode": "exact",
        "placement_semantics": "exact_point",
        "shelter_id": 711,
        "candidate_source": "buildings",
        "time_bucket": "5min",
        "time_seconds": 300,
        "coordinates": "31.737712,34.990883",
        "nearest_building_dist_m": 0.0,
        "newly_covered_buildings": 1,
        "newly_covered_people_est": 7
      }
    },
    {
      "type": "Feature",
      "geometry": {
        "type": "Point",
        "coordinates": [
          34.980182435058346,
          31.737760184736622
        ]
      },
      "properties": {
        "rank": 167,
        "distance_metric": "graph",
        "placement_mode": "exact",
        "placement_semantics": "exact_point",
        "shelter_id": 714,
        "candidate_source": "buildings",
        "time_bucket": "5min",
        "time_seconds": 300,
        "coordinates": "31.737760,34.980182",
        "nearest_building_dist_m": 0.0,
        "newly_covered_buildings": 1,
        "newly_covered_people_est": 7
      }
    },
    {
      "type": "Feature",
      "geometry": {
        "type": "Point",
        "coordinates": [
          34.9855478082411,
          31.738153610825346
        ]
      },
      "properties": {
        "rank": 168,
        "distance_metric": "graph",
        "placement_mode": "exact",
        "placement_semantics": "exact_point",
        "shelter_id": 732,
        "candidate_source": "buildings",
        "time_bucket": "5min",
        "time_seconds": 300,
        "coordinates": "31.738154,34.985548",
        "nearest_building_dist_m": 0.0,
        "newly_covered_buildings": 1,
        "newly_covered_people_est": 7
      }
    },
    {
      "type": "Feature",
      "geometry": {
        "type": "Point",
        "coordinates": [
          34.981208347736455,
          31.738201478860326
        ]
      },
      "properties": {
        "rank": 169,
        "distance_metric": "graph",
        "placement_mode": "exact",
        "placement_semantics": "exact_point",
        "shelter_id": 742,
        "candidate_source": "buildings",
        "time_bucket": "5min",
        "time_seconds": 300,
        "coordinates": "31.738201,34.981208",
        "nearest_building_dist_m": 0.0,
        "newly_covered_buildings": 1,
        "newly_covered_people_est": 7
      }
    },
    {
      "type": "Feature",
      "geometry": {
        "type": "Point",
        "coordinates": [
          34.984216682355054,
          31.73886857947901
        ]
      },
      "properties": {
        "rank": 170,
        "distance_metric": "graph",
        "placement_mode": "exact",
        "placement_semantics": "exact_point",
        "shelter_id": 807,
        "candidate_source": "buildings",
        "time_bucket": "5min",
        "time_seconds": 300,
        "coordinates": "31.738869,34.984217",
        "nearest_building_dist_m": 0.0,
        "newly_covered_buildings": 1,
        "newly_covered_people_est": 7
      }
    },
    {
      "type": "Feature",
      "geometry": {
        "type": "Point",
        "coordinates": [
          34.9777218903345,
          31.741783347557778
        ]
      },
      "properties": {
        "rank": 171,
        "distance_metric": "graph",
        "placement_mode": "exact",
        "placement_semantics": "exact_point",
        "shelter_id": 893,
        "candidate_source": "buildings",
        "time_bucket": "5min",
        "time_seconds": 300,
        "coordinates": "31.741783,34.977722",
        "nearest_building_dist_m": 0.0,
        "newly_covered_buildings": 1,
        "newly_covered_people_est": 7
      }
    },
    {
      "type": "Feature",
      "geometry": {
        "type": "Point",
        "coordinates": [
          34.97743551007066,
          31.741787739044472
        ]
      },
      "properties": {
        "rank": 172,
        "distance_metric": "graph",
        "placement_mode": "exact",
        "placement_semantics": "exact_point",
        "shelter_id": 894,
        "candidate_source": "buildings",
        "time_bucket": "5min",
        "time_seconds": 300,
        "coordinates": "31.741788,34.977436",
        "nearest_building_dist_m": 0.0,
        "newly_covered_buildings": 1,
        "newly_covered_people_est": 7
      }
    },
    {
      "type": "Feature",
      "geometry": {
        "type": "Point",
        "coordinates": [
          34.975523107948256,
          31.742604059172777
        ]
      },
      "properties": {
        "rank": 173,
        "distance_metric": "graph",
        "placement_mode": "exact",
        "placement_semantics": "exact_point",
        "shelter_id": 915,
        "candidate_source": "buildings",
        "time_bucket": "5min",
        "time_seconds": 300,
        "coordinates": "31.742604,34.975523",
        "nearest_building_dist_m": 0.0,
        "newly_covered_buildings": 1,
        "newly_covered_people_est": 7
      }
    },
    {
      "type": "Feature",
      "geometry": {
        "type": "Point",
        "coordinates": [
          34.975198056704876,
          31.74286713997684
        ]
      },
      "properties": {
        "rank": 174,
        "distance_metric": "graph",
        "placement_mode": "exact",
        "placement_semantics": "exact_point",
        "shelter_id": 929,
        "candidate_source": "buildings",
        "time_bucket": "5min",
        "time_seconds": 300,
        "coordinates": "31.742867,34.975198",
        "nearest_building_dist_m": 0.0,
        "newly_covered_buildings": 1,
        "newly_covered_people_est": 7
      }
    },
    {
      "type": "Feature",
      "geometry": {
        "type": "Point",
        "coordinates": [
          34.97959185952606,
          31.744571867869393
        ]
      },
      "properties": {
        "rank": 175,
        "distance_metric": "graph",
        "placement_mode": "exact",
        "placement_semantics": "exact_point",
        "shelter_id": 1006,
        "candidate_source": "buildings",
        "time_bucket": "5min",
        "time_seconds": 300,
        "coordinates": "31.744572,34.979592",
        "nearest_building_dist_m": 0.0,
        "newly_covered_buildings": 1,
        "newly_covered_people_est": 7
      }
    },
    {
      "type": "Feature",
      "geometry": {
        "type": "Point",
        "coordinates": [
          34.988958601635815,
          31.745662955408996
        ]
      },
      "properties": {
        "rank": 176,
        "distance_metric": "graph",
        "placement_mode": "exact",
        "placement_semantics": "exact_point",
        "shelter_id": 1062,
        "candidate_source": "buildings",
        "time_bucket": "5min",
        "time_seconds": 300,
        "coordinates": "31.745663,34.988959",
        "nearest_building_dist_m": 0.0,
        "newly_covered_buildings": 1,
        "newly_covered_people_est": 7
      }
    },
    {
      "type": "Feature",
      "geometry": {
        "type": "Point",
        "coordinates": [
          34.97574927366732,
          31.745756792882236
        ]
      },
      "properties": {
        "rank": 177,
        "distance_metric": "graph",
        "placement_mode": "exact",
        "placement_semantics": "exact_point",
        "shelter_id": 1068,
        "candidate_source": "buildings",
        "time_bucket": "5min",
        "time_seconds": 300,
        "coordinates": "31.745757,34.975749",
        "nearest_building_dist_m": 0.0,
        "newly_covered_buildings": 1,
        "newly_covered_people_est": 7
      }
    },
    {
      "type": "Feature",
      "geometry": {
        "type": "Point",
        "coordinates": [
          34.99749356627503,
          31.74808012345514
        ]
      },
      "properties": {
        "rank": 178,
        "distance_metric": "graph",
        "placement_mode": "exact",
        "placement_semantics": "exact_point",
        "shelter_id": 1237,
        "candidate_source": "buildings",
        "time_bucket": "5min",
        "time_seconds": 300,
        "coordinates": "31.748080,34.997494",
        "nearest_building_dist_m": 0.0,
        "newly_covered_buildings": 1,
        "newly_covered_people_est": 7
      }
    },
    {
      "type": "Feature",
      "geometry": {
        "type": "Point",
        "coordinates": [
          34.98819680763431,
          31.748262237818594
        ]
      },
      "properties": {
        "rank": 179,
        "distance_metric": "graph",
        "placement_mode": "exact",
        "placement_semantics": "exact_point",
        "shelter_id": 1249,
        "candidate_source": "buildings",
        "time_bucket": "5min",
        "time_seconds": 300,
        "coordinates": "31.748262,34.988197",
        "nearest_building_dist_m": 0.0,
        "newly_covered_buildings": 1,
        "newly_covered_people_est": 7
      }
    },
    {
      "type": "Feature",
      "geometry": {
        "type": "Point",
        "coordinates": [
          34.99670345551728,
          31.749704135165093
        ]
      },
      "properties": {
        "rank": 180,
        "distance_metric": "graph",
        "placement_mode": "exact",
        "placement_semantics": "exact_point",
        "shelter_id": 1312,
        "candidate_source": "buildings",
        "time_bucket": "5min",
        "time_seconds": 300,
        "coordinates": "31.749704,34.996703",
        "nearest_building_dist_m": 0.0,
        "newly_covered_buildings": 1,
        "newly_covered_people_est": 7
      }
    },
    {
      "type": "Feature",
      "geometry": {
        "type": "Point",
        "coordinates": [
          34.996213918484685,
          31.74975395284655
        ]
      },
      "properties": {
        "rank": 181,
        "distance_metric": "graph",
        "placement_mode": "exact",
        "placement_semantics": "exact_point",
        "shelter_id": 1314,
        "candidate_source": "buildings",
        "time_bucket": "5min",
        "time_seconds": 300,
        "coordinates": "31.749754,34.996214",
        "nearest_building_dist_m": 0.0,
        "newly_covered_buildings": 1,
        "newly_covered_people_est": 7
      }
    },
    {
      "type": "Feature",
      "geometry": {
        "type": "Point",
        "coordinates": [
          34.98854744366546,
          31.749917937680127
        ]
      },
      "properties": {
        "rank": 182,
        "distance_metric": "graph",
        "placement_mode": "exact",
        "placement_semantics": "exact_point",
        "shelter_id": 1320,
        "candidate_source": "buildings",
        "time_bucket": "5min",
        "time_seconds": 300,
        "coordinates": "31.749918,34.988547",
        "nearest_building_dist_m": 0.0,
        "newly_covered_buildings": 1,
        "newly_covered_people_est": 7
      }
    },
    {
      "type": "Feature",
      "geometry": {
        "type": "Point",
        "coordinates": [
          34.98099326339157,
          31.752788195449472
        ]
      },
      "properties": {
        "rank": 183,
        "distance_metric": "graph",
        "placement_mode": "exact",
        "placement_semantics": "exact_point",
        "shelter_id": 1485,
        "candidate_source": "buildings",
        "time_bucket": "5min",
        "time_seconds": 300,
        "coordinates": "31.752788,34.980993",
        "nearest_building_dist_m": 0.0,
        "newly_covered_buildings": 1,
        "newly_covered_people_est": 7
      }
    },
    {
      "type": "Feature",
      "geometry": {
        "type": "Point",
        "coordinates": [
          34.99241837622008,
          31.753157167526698
        ]
      },
      "properties": {
        "rank": 184,
        "distance_metric": "graph",
        "placement_mode": "exact",
        "placement_semantics": "exact_point",
        "shelter_id": 1507,
        "candidate_source": "buildings",
        "time_bucket": "5min",
        "time_seconds": 300,
        "coordinates": "31.753157,34.992418",
        "nearest_building_dist_m": 0.0,
        "newly_covered_buildings": 1,
        "newly_covered_people_est": 7
      }
    },
    {
      "type": "Feature",
      "geometry": {
        "type": "Point",
        "coordinates": [
          34.99291758800323,
          31.75324050478664
        ]
      },
      "properties": {
        "rank": 185,
        "distance_metric": "graph",
        "placement_mode": "exact",
        "placement_semantics": "exact_point",
        "shelter_id": 1512,
        "candidate_source": "buildings",
        "time_bucket": "5min",
        "time_seconds": 300,
        "coordinates": "31.753241,34.992918",
        "nearest_building_dist_m": 0.0,
        "newly_covered_buildings": 1,
        "newly_covered_people_est": 7
      }
    },
    {
      "type": "Feature",
      "geometry": {
        "type": "Point",
        "coordinates": [
          34.98791027597121,
          31.75391199398161
        ]
      },
      "properties": {
        "rank": 186,
        "distance_metric": "graph",
        "placement_mode": "exact",
        "placement_semantics": "exact_point",
        "shelter_id": 1549,
        "candidate_source": "buildings",
        "time_bucket": "5min",
        "time_seconds": 300,
        "coordinates": "31.753912,34.987910",
        "nearest_building_dist_m": 0.0,
        "newly_covered_buildings": 1,
        "newly_covered_people_est": 7
      }
    },
    {
      "type": "Feature",
      "geometry": {
        "type": "Point",
        "coordinates": [
          34.987109319537076,
          31.754464180900644
        ]
      },
      "properties": {
        "rank": 187,
        "distance_metric": "graph",
        "placement_mode": "exact",
        "placement_semantics": "exact_point",
        "shelter_id": 1572,
        "candidate_source": "buildings",
        "time_bucket": "5min",
        "time_seconds": 300,
        "coordinates": "31.754464,34.987109",
        "nearest_building_dist_m": 0.0,
        "newly_covered_buildings": 1,
        "newly_covered_people_est": 7
      }
    },
    {
      "type": "Feature",
      "geometry": {
        "type": "Point",
        "coordinates": [
          34.987445233925484,
          31.75454112957616
        ]
      },
      "properties": {
        "rank": 188,
        "distance_metric": "graph",
        "placement_mode": "exact",
        "placement_semantics": "exact_point",
        "shelter_id": 1574,
        "candidate_source": "buildings",
        "time_bucket": "5min",
        "time_seconds": 300,
        "coordinates": "31.754541,34.987445",
        "nearest_building_dist_m": 0.0,
        "newly_covered_buildings": 1,
        "newly_covered_people_est": 7
      }
    }
  ]
}