{
  "type": "FeatureCollection",
  "features": [
    {
      "type": "Feature",
      "geometry": {
        "type": "Point",
        "coordinates": [
          34.94948236492858,
          31.738189507897573
        ]
      },
      "properties": {
        "rank": 1,
        "distance_metric": "euclidean",
        "placement_mode": "exact",
        "placement_semantics": "exact_point",
        "shelter_id": 759,
        "candidate_source": "buildings",
        "time_bucket": "5min",
        "time_seconds": 300,
        "coordinates": "31.738190,34.949482",
        "nearest_building_dist_m": 0.0,
        "newly_covered_buildings": 36,
        "newly_covered_people_est": 252
      }
    },
    {
      "type": "Feature",
      "geometry": {
        "type": "Point",
        "coordinates": [
          34.99972885043004,
          31.737847859906374
        ]
      },
      "properties": {
        "rank": 2,
        "distance_metric": "euclidean",
        "placement_mode": "exact",
        "placement_semantics": "exact_point",
        "shelter_id": 175,
        "candidate_source": "buildings",
        "time_bucket": "5min",
        "time_seconds": 300,
        "coordinates": "31.737848,34.999729",
        "nearest_building_dist_m": 0.0,
        "newly_covered_buildings": 32,
        "newly_covered_people_est": 224
      }
    },
    {
      "type": "Feature",
      "geometry": {
        "type": "Point",
        "coordinates": [
          34.990239999473495,
          31.713682800686172
        ]
      },
      "properties": {
        "rank": 3,
        "distance_metric": "euclidean",
        "placement_mode": "exact",
        "placement_semantics": "exact_point",
        "shelter_id": 1347,
        "candidate_source": "network_nodes",
        "time_bucket": "5min",
        "time_seconds": 300,
        "coordinates": "31.713683,34.990240",
        "nearest_building_dist_m": 19.27,
        "newly_covered_buildings": 28,
        "newly_covered_people_est": 196
      }
    },
    {
      "type": "Feature",
      "geometry": {
        "type": "Point",
        "coordinates": [
          34.98876014579161,
          31.716336290462078
        ]
      },
      "properties": {
        "rank": 4,
        "distance_metric": "euclidean",
        "placement_mode": "exact",
        "placement_semantics": "exact_point",
        "shelter_id": 354,
        "candidate_source": "buildings",
        "time_bucket": "5min",
        "time_seconds": 300,
        "coordinates": "31.716336,34.988760",
        "nearest_building_dist_m": 0.0,
        "newly_covered_buildings": 24,
        "newly_covered_people_est": 168
      }
    },
    {
      "type": "Feature",
      "geometry": {
        "type": "Point",
        "coordinates": [
          34.9932097611267,
          31.70920471228659
        ]
      },
      "properties": {
        "rank": 5,
        "distance_metric": "euclidean",
        "placement_mode": "exact",
        "placement_semantics": "exact_point",
        "shelter_id": 533,
        "candidate_source": "buildings",
        "time_bucket": "5min",
        "time_seconds": 300,
        "coordinates": "31.709205,34.993210",
        "nearest_building_dist_m": 0.0,
        "newly_covered_buildings": 24,
        "newly_covered_people_est": 168
      }
    },
    {
      "type": "Feature",
      "geometry": {
        "type": "Point",
        "coordinates": [
          35.00511669947288,
          31.711860600687267
        ]
      },
      "properties": {
        "rank": 6,
        "distance_metric": "euclidean",
        "placement_mode": "exact",
        "placement_semantics": "exact_point",
        "shelter_id": 1047,
        "candidate_source": "network_nodes",
        "time_bucket": "5min",
        "time_seconds": 300,
        "coordinates": "31.711861,35.005117",
        "nearest_building_dist_m": 13.67,
        "newly_covered_buildings": 24,
        "newly_covered_people_est": 168
      }
    },
    {
      "type": "Feature",
      "geometry": {
        "type": "Point",
        "coordinates": [
          34.99678951479438,
          31.70902988568791
        ]
      },
      "properties": {
        "rank": 7,
        "distance_metric": "euclidean",
        "placement_mode": "exact",
        "placement_semantics": "exact_point",
        "shelter_id": 377,
        "candidate_source": "buildings",
        "time_bucket": "5min",
        "time_seconds": 300,
        "coordinates": "31.709030,34.996790",
        "nearest_building_dist_m": 0.0,
        "newly_covered_buildings": 23,
        "newly_covered_people_est": 161
      }
    },
    {
      "type": "Feature",
      "geometry": {
        "type": "Point",
        "coordinates": [
          34.98633643275477,
          31.713482136417255
        ]
      },
      "properties": {
        "rank": 8,
        "distance_metric": "euclidean",
        "placement_mode": "exact",
        "placement_semantics": "exact_point",
        "shelter_id": 745,
        "candidate_source": "buildings",
        "time_bucket": "5min",
        "time_seconds": 300,
        "coordinates": "31.713482,34.986336",
        "nearest_building_dist_m": 0.0,
        "newly_covered_buildings": 21,
        "newly_covered_people_est": 147
      }
    },
    {
      "type": "Feature",
      "geometry": {
        "type": "Point",
        "coordinates": [
          34.99850915828584,
          31.743030863640847
        ]
      },
      "properties": {
        "rank": 9,
        "distance_metric": "euclidean",
        "placement_mode": "exact",
        "placement_semantics": "exact_point",
        "shelter_id": 89,
        "candidate_source": "buildings",
        "time_bucket": "5min",
        "time_seconds": 300,
        "coordinates": "31.743031,34.998509",
        "nearest_building_dist_m": 0.0,
        "newly_covered_buildings": 20,
        "newly_covered_people_est": 140
      }
    },
    {
      "type": "Feature",
      "geometry": {
        "type": "Point",
        "coordinates": [
          34.994650567330076,
          31.739283967080187
        ]
      },
      "properties": {
        "rank": 10,
        "distance_metric": "euclidean",
        "placement_mode": "exact",
        "placement_semantics": "exact_point",
        "shelter_id": 195,
        "candidate_source": "buildings",
        "time_bucket": "5min",
        "time_seconds": 300,
        "coordinates": "31.739284,34.994651",
        "nearest_building_dist_m": 0.0,
        "newly_covered_buildings": 20,
        "newly_covered_people_est": 140
      }
    },
    {
      "type": "Feature",
      "geometry": {
        "type": "Point",
        "coordinates": [
          34.999825133066025,
          31.74792260905651
        ]
      },
      "properties": {
        "rank": 11,
        "distance_metric": "euclidean",
        "placement_mode": "exact",
        "placement_semantics": "exact_point",
        "shelter_id": 228,
        "candidate_source": "buildings",
        "time_bucket": "5min",
        "time_seconds": 300,
        "coordinates": "31.747923,34.999825",
        "nearest_building_dist_m": 0.0,
        "newly_covered_buildings": 20,
        "newly_covered_people_est": 140
      }
    },
    {
      "type": "Feature",
      "geometry": {
        "type": "Point",
        "coordinates": [
          34.99455470611368,
          31.72858891988727
        ]
      },
      "properties": {
        "rank": 12,
        "distance_metric": "euclidean",
        "placement_mode": "exact",
        "placement_semantics": "exact_point",
        "shelter_id": 337,
        "candidate_source": "buildings",
        "time_bucket": "5min",
        "time_seconds": 300,
        "coordinates": "31.728589,34.994555",
        "nearest_building_dist_m": 0.0,
        "newly_covered_buildings": 20,
        "newly_covered_people_est": 140
      }
    },
    {
      "type": "Feature",
      "geometry": {
        "type": "Point",
        "coordinates": [
          34.99172786586551,
          31.732167326562312
        ]
      },
      "properties": {
        "rank": 13,
        "distance_metric": "euclidean",
        "placement_mode": "exact",
        "placement_semantics": "exact_point",
        "shelter_id": 27,
        "candidate_source": "buildings",
        "time_bucket": "5min",
        "time_seconds": 300,
        "coordinates": "31.732167,34.991728",
        "nearest_building_dist_m": 0.0,
        "newly_covered_buildings": 19,
        "newly_covered_people_est": 133
      }
    },
    {
      "type": "Feature",
      "geometry": {
        "type": "Point",
        "coordinates": [
          34.99450778651747,
          31.75161582381823
        ]
      },
      "properties": {
        "rank": 14,
        "distance_metric": "euclidean",
        "placement_mode": "exact",
        "placement_semantics": "exact_point",
        "shelter_id": 74,
        "candidate_source": "buildings",
        "time_bucket": "5min",
        "time_seconds": 300,
        "coordinates": "31.751616,34.994508",
        "nearest_building_dist_m": 0.0,
        "newly_covered_buildings": 18,
        "newly_covered_people_est": 126
      }
    },
    {
      "type": "Feature",
      "geometry": {
        "type": "Point",
        "coordinates": [
          34.993296438041575,
          31.742379597648192
        ]
      },
      "properties": {
        "rank": 15,
        "distance_metric": "euclidean",
        "placement_mode": "exact",
        "placement_semantics": "exact_point",
        "shelter_id": 196,
        "candidate_source": "buildings",
        "time_bucket": "5min",
        "time_seconds": 300,
        "coordinates": "31.742380,34.993296",
        "nearest_building_dist_m": 0.0,
        "newly_covered_buildings": 18,
        "newly_covered_people_est": 126
      }
    },
    {
      "type": "Feature",
      "geometry": {
        "type": "Point",
        "coordinates": [
          34.99945249947582,
          31.75031690068289
        ]
      },
      "properties": {
        "rank": 16,
        "distance_metric": "euclidean",
        "placement_mode": "exact",
        "placement_semantics": "exact_point",
        "shelter_id": 1541,
        "candidate_source": "network_nodes",
        "time_bucket": "5min",
        "time_seconds": 300,
        "coordinates": "31.750317,34.999452",
        "nearest_building_dist_m": 7.92,
        "newly_covered_buildings": 18,
        "newly_covered_people_est": 126
      }
    },
    {
      "type": "Feature",
      "geometry": {
        "type": "Point",
        "coordinates": [
          34.97953362128184,
          31.704525515718924
        ]
      },
      "properties": {
        "rank": 17,
        "distance_metric": "euclidean",
        "placement_mode": "exact",
        "placement_semantics": "exact_point",
        "shelter_id": 114,
        "candidate_source": "buildings",
        "time_bucket": "5min",
        "time_seconds": 300,
        "coordinates": "31.704526,34.979534",
        "nearest_building_dist_m": 0.0,
        "newly_covered_buildings": 17,
        "newly_covered_people_est": 119
      }
    },
    {
      "type": "Feature",
      "geometry": {
        "type": "Point",
        "coordinates": [
          34.97607574418406,
          31.724639276462618
        ]
      },
      "properties": {
        "rank": 18,
        "distance_metric": "euclidean",
        "placement_mode": "exact",
        "placement_semantics": "exact_point",
        "shelter_id": 263,
        "candidate_source": "buildings",
        "time_bucket": "5min",
        "time_seconds": 300,
        "coordinates": "31.724639,34.976076",
        "nearest_building_dist_m": 0.0,
        "newly_covered_buildings": 17,
        "newly_covered_people_est": 119
      }
    },
    {
      "type": "Feature",
      "geometry": {
        "type": "Point",
        "coordinates": [
          34.993774399476756,
          31.760602400681474
        ]
      },
      "properties": {
        "rank": 19,
        "distance_metric": "euclidean",
        "placement_mode": "exact",
        "placement_semantics": "exact_point",
        "shelter_id": 1445,
        "candidate_source": "network_nodes",
        "time_bucket": "5min",
        "time_seconds": 300,
        "coordinates": "31.760602,34.993774",
        "nearest_building_dist_m": 7.49,
        "newly_covered_buildings": 17,
        "newly_covered_people_est": 119
      }
    },
    {
      "type": "Feature",
      "geometry": {
        "type": "Point",
        "coordinates": [
          34.98726424468476,
          31.753627876402295
        ]
      },
      "properties": {
        "rank": 20,
        "distance_metric": "euclidean",
        "placement_mode": "exact",
        "placement_semantics": "exact_point",
        "shelter_id": 295,
        "candidate_source": "buildings",
        "time_bucket": "5min",
        "time_seconds": 300,
        "coordinates": "31.753628,34.987264",
        "nearest_building_dist_m": 0.0,
        "newly_covered_buildings": 16,
        "newly_covered_people_est": 112
      }
    },
    {
      "type": "Feature",
      "geometry": {
        "type": "Point",
        "coordinates": [
          34.99059561914284,
          31.735596439376387
        ]
      },
      "properties": {
        "rank": 21,
        "distance_metric": "euclidean",
        "placement_mode": "exact",
        "placement_semantics": "exact_point",
        "shelter_id": 687,
        "candidate_source": "buildings",
        "time_bucket": "5min",
        "time_seconds": 300,
        "coordinates": "31.735596,34.990596",
        "nearest_building_dist_m": 0.0,
        "newly_covered_buildings": 16,
        "newly_covered_people_est": 112
      }
    },
    {
      "type": "Feature",
      "geometry": {
        "type": "Point",
        "coordinates": [
          34.9931419012053,
          31.71538400562354
        ]
      },
      "properties": {
        "rank": 22,
        "distance_metric": "euclidean",
        "placement_mode": "exact",
        "placement_semantics": "exact_point",
        "shelter_id": 692,
        "candidate_source": "buildings",
        "time_bucket": "5min",
        "time_seconds": 300,
        "coordinates": "31.715384,34.993142",
        "nearest_building_dist_m": 0.0,
        "newly_covered_buildings": 16,
        "newly_covered_people_est": 112
      }
    },
    {
      "type": "Feature",
      "geometry": {
        "type": "Point",
        "coordinates": [
          34.99639854220206,
          31.71064574501772
        ]
      },
      "properties": {
        "rank": 23,
        "distance_metric": "euclidean",
        "placement_mode": "exact",
        "placement_semantics": "exact_point",
        "shelter_id": 338,
        "candidate_source": "buildings",
        "time_bucket": "5min",
        "time_seconds": 300,
        "coordinates": "31.710646,34.996399",
        "nearest_building_dist_m": 0.0,
        "newly_covered_buildings": 15,
        "newly_covered_people_est": 105
      }
    },
    {
      "type": "Feature",
      "geometry": {
        "type": "Point",
        "coordinates": [
          34.98814390968466,
          31.73676152109395
        ]
      },
      "properties": {
        "rank": 24,
        "distance_metric": "euclidean",
        "placement_mode": "exact",
        "placement_semantics": "exact_point",
        "shelter_id": 4,
        "candidate_source": "buildings",
        "time_bucket": "5min",
        "time_seconds": 300,
        "coordinates": "31.736762,34.988144",
        "nearest_building_dist_m": 0.0,
        "newly_covered_buildings": 14,
        "newly_covered_people_est": 98
      }
    },
    {
      "type": "Feature",
      "geometry": {
        "type": "Point",
        "coordinates": [
          34.990163404063644,
          31.74660919848301
        ]
      },
      "properties": {
        "rank": 25,
        "distance_metric": "euclidean",
        "placement_mode": "exact",
        "placement_semantics": "exact_point",
        "shelter_id": 20,
        "candidate_source": "buildings",
        "time_bucket": "5min",
        "time_seconds": 300,
        "coordinates": "31.746609,34.990163",
        "nearest_building_dist_m": 0.0,
        "newly_covered_buildings": 14,
        "newly_covered_people_est": 98
      }
    },
    {
      "type": "Feature",
      "geometry": {
        "type": "Point",
        "coordinates": [
          34.994846003071515,
          31.75329755072876
        ]
      },
      "properties": {
        "rank": 26,
        "distance_metric": "euclidean",
        "placement_mode": "exact",
        "placement_semantics": "exact_point",
        "shelter_id": 191,
        "candidate_source": "buildings",
        "time_bucket": "5min",
        "time_seconds": 300,
        "coordinates": "31.753298,34.994846",
        "nearest_building_dist_m": 0.0,
        "newly_covered_buildings": 14,
        "newly_covered_people_est": 98
      }
    },
    {
      "type": "Feature",
      "geometry": {
        "type": "Point",
        "coordinates": [
          34.99141421158817,
          31.70240641377891
        ]
      },
      "properties": {
        "rank": 27,
        "distance_metric": "euclidean",
        "placement_mode": "exact",
        "placement_semantics": "exact_point",
        "shelter_id": 706,
        "candidate_source": "buildings",
        "time_bucket": "5min",
        "time_seconds": 300,
        "coordinates": "31.702406,34.991414",
        "nearest_building_dist_m": 0.0,
        "newly_covered_buildings": 14,
        "newly_covered_people_est": 98
      }
    },
    {
      "type": "Feature",
      "geometry": {
        "type": "Point",
        "coordinates": [
          34.981980786118676,
          31.71508051401677
        ]
      },
      "properties": {
        "rank": 28,
        "distance_metric": "euclidean",
        "placement_mode": "exact",
        "placement_semantics": "exact_point",
        "shelter_id": 740,
        "candidate_source": "buildings",
        "time_bucket": "5min",
        "time_seconds": 300,
        "coordinates": "31.715081,34.981981",
        "nearest_building_dist_m": 0.0,
        "newly_covered_buildings": 14,
        "newly_covered_people_est": 98
      }
    },
    {
      "type": "Feature",
      "geometry": {
        "type": "Point",
        "coordinates": [
          34.992811184900056,
          31.751211048651953
        ]
      },
      "properties": {
        "rank": 29,
        "distance_metric": "euclidean",
        "placement_mode": "exact",
        "placement_semantics": "exact_point",
        "shelter_id": 182,
        "candidate_source": "buildings",
        "time_bucket": "5min",
        "time_seconds": 300,
        "coordinates": "31.751211,34.992811",
        "nearest_building_dist_m": 0.0,
        "newly_covered_buildings": 13,
        "newly_covered_people_est": 91
      }
    },
    {
      "type": "Feature",
      "geometry": {
        "type": "Point",
        "coordinates": [
          34.99220670947712,
          31.728512268756912
        ]
      },
      "properties": {
        "rank": 30,
        "distance_metric": "euclidean",
        "placement_mode": "exact",
        "placement_semantics": "exact_point",
        "shelter_id": 218,
        "candidate_source": "buildings",
        "time_bucket": "5min",
        "time_seconds": 300,
        "coordinates": "31.728512,34.992207",
        "nearest_building_dist_m": 0.0,
        "newly_covered_buildings": 13,
        "newly_covered_people_est": 91
      }
    },
    {
      "type": "Feature",
      "geometry": {
        "type": "Point",
        "coordinates": [
          34.996199539324465,
          31.748513988142058
        ]
      },
      "properties": {
        "rank": 31,
        "distance_metric": "euclidean",
        "placement_mode": "exact",
        "placement_semantics": "exact_point",
        "shelter_id": 483,
        "candidate_source": "buildings",
        "time_bucket": "5min",
        "time_seconds": 300,
        "coordinates": "31.748514,34.996200",
        "nearest_building_dist_m": 0.0,
        "newly_covered_buildings": 13,
        "newly_covered_people_est": 91
      }
    },
    {
      "type": "Feature",
      "geometry": {
        "type": "Point",
        "coordinates": [
          34.97603219947619,
          31.74448860068208
        ]
      },
      "properties": {
        "rank": 32,
        "distance_metric": "euclidean",
        "placement_mode": "exact",
        "placement_semantics": "exact_point",
        "shelter_id": 781,
        "candidate_source": "network_nodes",
        "time_bucket": "5min",
        "time_seconds": 300,
        "coordinates": "31.744489,34.976032",
        "nearest_building_dist_m": 42.94,
        "newly_covered_buildings": 13,
        "newly_covered_people_est": 91
      }
    },
    {
      "type": "Feature",
      "geometry": {
        "type": "Point",
        "coordinates": [
          34.99391857510285,
          31.716635003914334
        ]
      },
      "properties": {
        "rank": 33,
        "distance_metric": "euclidean",
        "placement_mode": "exact",
        "placement_semantics": "exact_point",
        "shelter_id": 1583,
        "candidate_source": "network_nodes",
        "time_bucket": "5min",
        "time_seconds": 300,
        "coordinates": "31.716635,34.993919",
        "nearest_building_dist_m": 20.62,
        "newly_covered_buildings": 13,
        "newly_covered_people_est": 91
      }
    },
    {
      "type": "Feature",
      "geometry": {
        "type": "Point",
        "coordinates": [
          34.98346014989716,
          31.747226260158662
        ]
      },
      "properties": {
        "rank": 34,
        "distance_metric": "euclidean",
        "placement_mode": "exact",
        "placement_semantics": "exact_point",
        "shelter_id": 96,
        "candidate_source": "buildings",
        "time_bucket": "5min",
        "time_seconds": 300,
        "coordinates": "31.747226,34.983460",
        "nearest_building_dist_m": 0.0,
        "newly_covered_buildings": 12,
        "newly_covered_people_est": 84
      }
    },
    {
      "type": "Feature",
      "geometry": {
        "type": "Point",
        "coordinates": [
          34.99000543674255,
          31.74455035625679
        ]
      },
      "properties": {
        "rank": 35,
        "distance_metric": "euclidean",
        "placement_mode": "exact",
        "placement_semantics": "exact_point",
        "shelter_id": 101,
        "candidate_source": "buildings",
        "time_bucket": "5min",
        "time_seconds": 300,
        "coordinates": "31.744550,34.990005",
        "nearest_building_dist_m": 0.0,
        "newly_covered_buildings": 12,
        "newly_covered_people_est": 84
      }
    },
    {
      "type": "Feature",
      "geometry": {
        "type": "Point",
        "coordinates": [
          34.99624402301152,
          31.728744667157763
        ]
      },
      "properties": {
        "rank": 36,
        "distance_metric": "euclidean",
        "placement_mode": "exact",
        "placement_semantics": "exact_point",
        "shelter_id": 135,
        "candidate_source": "buildings",
        "time_bucket": "5min",
        "time_seconds": 300,
        "coordinates": "31.728745,34.996244",
        "nearest_building_dist_m": 0.0,
        "newly_covered_buildings": 12,
        "newly_covered_people_est": 84
      }
    },
    {
      "type": "Feature",
      "geometry": {
        "type": "Point",
        "coordinates": [
          34.9918753708562,
          31.723055515049513
        ]
      },
      "properties": {
        "rank": 37,
        "distance_metric": "euclidean",
        "placement_mode": "exact",
        "placement_semantics": "exact_point",
        "shelter_id": 189,
        "candidate_source": "buildings",
        "time_bucket": "5min",
        "time_seconds": 300,
        "coordinates": "31.723056,34.991875",
        "nearest_building_dist_m": 0.0,
        "newly_covered_buildings": 12,
        "newly_covered_people_est": 84
      }
    },
    {
      "type": "Feature",
      "geometry": {
        "type": "Point",
        "coordinates": [
          34.993103233085655,
          31.72549981969116
        ]
      },
      "properties": {
        "rank": 38,
        "distance_metric": "euclidean",
        "placement_mode": "exact",
        "placement_semantics": "exact_point",
        "shelter_id": 326,
        "candidate_source": "buildings",
        "time_bucket": "5min",
        "time_seconds": 300,
        "coordinates": "31.725500,34.993103",
        "nearest_building_dist_m": 0.0,
        "newly_covered_buildings": 12,
        "newly_covered_people_est": 84
      }
    },
    {
      "type": "Feature",
      "geometry": {
        "type": "Point",
        "coordinates": [
          34.99548074772772,
          31.750462601512535
        ]
      },
      "properties": {
        "rank": 39,
        "distance_metric": "euclidean",
        "placement_mode": "exact",
        "placement_semantics": "exact_point",
        "shelter_id": 626,
        "candidate_source": "buildings",
        "time_bucket": "5min",
        "time_seconds": 300,
        "coordinates": "31.750463,34.995481",
        "nearest_building_dist_m": 0.0,
        "newly_covered_buildings": 12,
        "newly_covered_people_est": 84
      }
    },
    {
      "type": "Feature",
      "geometry": {
        "type": "Point",
        "coordinates": [
          34.998498699473174,
          31.713155700686716
        ]
      },
      "properties": {
        "rank": 40,
        "distance_metric": "euclidean",
        "placement_mode": "exact",
        "placement_semantics": "exact_point",
        "shelter_id": 1119,
        "candidate_source": "network_nodes",
        "time_bucket": "5min",
        "time_seconds": 300,
        "coordinates": "31.713156,34.998499",
        "nearest_building_dist_m": 41.88,
        "newly_covered_buildings": 12,
        "newly_covered_people_est": 84
      }
    },
    {
      "type": "Feature",
      "geometry": {
        "type": "Point",
        "coordinates": [
          34.993346115223716,
          31.740113741597206
        ]
      },
      "properties": {
        "rank": 41,
        "distance_metric": "euclidean",
        "placement_mode": "exact",
        "placement_semantics": "exact_point",
        "shelter_id": 1611,
        "candidate_source": "network_nodes",
        "time_bucket": "5min",
        "time_seconds": 300,
        "coordinates": "31.740114,34.993346",
        "nearest_building_dist_m": 21.11,
        "newly_covered_buildings": 12,
        "newly_covered_people_est": 84
      }
    },
    {
      "type": "Feature",
      "geometry": {
        "type": "Point",
        "coordinates": [
          34.99776772629801,
          31.737764112553982
        ]
      },
      "properties": {
        "rank": 42,
        "distance_metric": "euclidean",
        "placement_mode": "exact",
        "placement_semantics": "exact_point",
        "shelter_id": 285,
        "candidate_source": "buildings",
        "time_bucket": "5min",
        "time_seconds": 300,
        "coordinates": "31.737764,34.997768",
        "nearest_building_dist_m": 0.0,
        "newly_covered_buildings": 11,
        "newly_covered_people_est": 77
      }
    },
    {
      "type": "Feature",
      "geometry": {
        "type": "Point",
        "coordinates": [
          34.99877619947283,
          31.708399300687233
        ]
      },
      "properties": {
        "rank": 43,
        "distance_metric": "euclidean",
        "placement_mode": "exact",
        "placement_semantics": "exact_point",
        "shelter_id": 1246,
        "candidate_source": "network_nodes",
        "time_bucket": "5min",
        "time_seconds": 300,
        "coordinates": "31.708399,34.998776",
        "nearest_building_dist_m": 40.89,
        "newly_covered_buildings": 11,
        "newly_covered_people_est": 77
      }
    },
    {
      "type": "Feature",
      "geometry": {
        "type": "Point",
        "coordinates": [
          34.99923359947294,
          31.71030150068706
        ]
      },
      "properties": {
        "rank": 44,
        "distance_metric": "euclidean",
        "placement_mode": "exact",
        "placement_semantics": "exact_point",
        "shelter_id": 1318,
        "candidate_source": "network_nodes",
        "time_bucket": "5min",
        "time_seconds": 300,
        "coordinates": "31.710302,34.999234",
        "nearest_building_dist_m": 15.2,
        "newly_covered_buildings": 11,
        "newly_covered_people_est": 77
      }
    },
    {
      "type": "Feature",
      "geometry": {
        "type": "Point",
        "coordinates": [
          34.98415456322325,
          31.740312503883533
        ]
      },
      "properties": {
        "rank": 45,
        "distance_metric": "euclidean",
        "placement_mode": "exact",
        "placement_semantics": "exact_point",
        "shelter_id": 21,
        "candidate_source": "buildings",
        "time_bucket": "5min",
        "time_seconds": 300,
        "coordinates": "31.740313,34.984155",
        "nearest_building_dist_m": 0.0,
        "newly_covered_buildings": 10,
        "newly_covered_people_est": 70
      }
    },
    {
      "type": "Feature",
      "geometry": {
        "type": "Point",
        "coordinates": [
          34.98304759562012,
          31.707071805696824
        ]
      },
      "properties": {
        "rank": 46,
        "distance_metric": "euclidean",
        "placement_mode": "exact",
        "placement_semantics": "exact_point",
        "shelter_id": 60,
        "candidate_source": "buildings",
        "time_bucket": "5min",
        "time_seconds": 300,
        "coordinates": "31.707072,34.983048",
        "nearest_building_dist_m": 0.0,
        "newly_covered_buildings": 10,
        "newly_covered_people_est": 70
      }
    },
    {
      "type": "Feature",
      "geometry": {
        "type": "Point",
        "coordinates": [
          34.98786296946813,
          31.735414371064877
        ]
      },
      "properties": {
        "rank": 47,
        "distance_metric": "euclidean",
        "placement_mode": "exact",
        "placement_semantics": "exact_point",
        "shelter_id": 280,
        "candidate_source": "buildings",
        "time_bucket": "5min",
        "time_seconds": 300,
        "coordinates": "31.735414,34.987863",
        "nearest_building_dist_m": 0.0,
        "newly_covered_buildings": 10,
        "newly_covered_people_est": 70
      }
    },
    {
      "type": "Feature",
      "geometry": {
        "type": "Point",
        "coordinates": [
          34.98466358207173,
          31.749585662649846
        ]
      },
      "properties": {
        "rank": 48,
        "distance_metric": "euclidean",
        "placement_mode": "exact",
        "placement_semantics": "exact_point",
        "shelter_id": 426,
        "candidate_source": "buildings",
        "time_bucket": "5min",
        "time_seconds": 300,
        "coordinates": "31.749586,34.984664",
        "nearest_building_dist_m": 0.0,
        "newly_covered_buildings": 10,
        "newly_covered_people_est": 70
      }
    },
    {
      "type": "Feature",
      "geometry": {
        "type": "Point",
        "coordinates": [
          34.98679594972962,
          31.749333920783926
        ]
      },
      "properties": {
        "rank": 49,
        "distance_metric": "euclidean",
        "placement_mode": "exact",
        "placement_semantics": "exact_point",
        "shelter_id": 472,
        "candidate_source": "buildings",
        "time_bucket": "5min",
        "time_seconds": 300,
        "coordinates": "31.749334,34.986796",
        "nearest_building_dist_m": 0.0,
        "newly_covered_buildings": 10,
        "newly_covered_people_est": 70
      }
    },
    {
      "type": "Feature",
      "geometry": {
        "type": "Point",
        "coordinates": [
          34.98141743482001,
          31.751802058629814
        ]
      },
      "properties": {
        "rank": 50,
        "distance_metric": "euclidean",
        "placement_mode": "exact",
        "placement_semantics": "exact_point",
        "shelter_id": 529,
        "candidate_source": "buildings",
        "time_bucket": "5min",
        "time_seconds": 300,
        "coordinates": "31.751802,34.981417",
        "nearest_building_dist_m": 0.0,
        "newly_covered_buildings": 10,
        "newly_covered_people_est": 70
      }
    },
    {
      "type": "Feature",
      "geometry": {
        "type": "Point",
        "coordinates": [
          34.99340949406987,
          31.73107896838737
        ]
      },
      "properties": {
        "rank": 51,
        "distance_metric": "euclidean",
        "placement_mode": "exact",
        "placement_semantics": "exact_point",
        "shelter_id": 690,
        "candidate_source": "buildings",
        "time_bucket": "5min",
        "time_seconds": 300,
        "coordinates": "31.731079,34.993409",
        "nearest_building_dist_m": 0.0,
        "newly_covered_buildings": 10,
        "newly_covered_people_est": 70
      }
    },
    {
      "type": "Feature",
      "geometry": {
        "type": "Point",
        "coordinates": [
          34.993156218528746,
          31.752579711988563
        ]
      },
      "properties": {
        "rank": 52,
        "distance_metric": "euclidean",
        "placement_mode": "exact",
        "placement_semantics": "exact_point",
        "shelter_id": 166,
        "candidate_source": "buildings",
        "time_bucket": "5min",
        "time_seconds": 300,
        "coordinates": "31.752580,34.993156",
        "nearest_building_dist_m": 0.0,
        "newly_covered_buildings": 9,
        "newly_covered_people_est": 63
      }
    },
    {
      "type": "Feature",
      "geometry": {
        "type": "Point",
        "coordinates": [
          34.99548985116378,
          31.74163466243523
        ]
      },
      "properties": {
        "rank": 53,
        "distance_metric": "euclidean",
        "placement_mode": "exact",
        "placement_semantics": "exact_point",
        "shelter_id": 582,
        "candidate_source": "buildings",
        "time_bucket": "5min",
        "time_seconds": 300,
        "coordinates": "31.741635,34.995490",
        "nearest_building_dist_m": 0.0,
        "newly_covered_buildings": 9,
        "newly_covered_people_est": 63
      }
    },
    {
      "type": "Feature",
      "geometry": {
        "type": "Point",
        "coordinates": [
          34.99547789525602,
          31.715159474511523
        ]
      },
      "properties": {
        "rank": 54,
        "distance_metric": "euclidean",
        "placement_mode": "exact",
        "placement_semantics": "exact_point",
        "shelter_id": 598,
        "candidate_source": "buildings",
        "time_bucket": "5min",
        "time_seconds": 300,
        "coordinates": "31.715159,34.995478",
        "nearest_building_dist_m": 0.0,
        "newly_covered_buildings": 9,
        "newly_covered_people_est": 63
      }
    },
    {
      "type": "Feature",
      "geometry": {
        "type": "Point",
        "coordinates": [
          34.98657618189653,
          31.719000483749664
        ]
      },
      "properties": {
        "rank": 55,
        "distance_metric": "euclidean",
        "placement_mode": "exact",
        "placement_semantics": "exact_point",
        "shelter_id": 748,
        "candidate_source": "buildings",
        "time_bucket": "5min",
        "time_seconds": 300,
        "coordinates": "31.719000,34.986576",
        "nearest_building_dist_m": 0.0,
        "newly_covered_buildings": 9,
        "newly_covered_people_est": 63
      }
    },
    {
      "type": "Feature",
      "geometry": {
        "type": "Point",
        "coordinates": [
          34.97453295140168,
          31.69867223549347
        ]
      },
      "properties": {
        "rank": 56,
        "distance_metric": "euclidean",
        "placement_mode": "exact",
        "placement_semantics": "exact_point",
        "shelter_id": 755,
        "candidate_source": "buildings",
        "time_bucket": "5min",
        "time_seconds": 300,
        "coordinates": "31.698672,34.974533",
        "nearest_building_dist_m": 0.0,
        "newly_covered_buildings": 9,
        "newly_covered_people_est": 63
      }
    },
    {
      "type": "Feature",
      "geometry": {
        "type": "Point",
        "coordinates": [
          34.99130846136808,
          31.745935274459622
        ]
      },
      "properties": {
        "rank": 57,
        "distance_metric": "euclidean",
        "placement_mode": "exact",
        "placement_semantics": "exact_point",
        "shelter_id": 98,
        "candidate_source": "buildings",
        "time_bucket": "5min",
        "time_seconds": 300,
        "coordinates": "31.745935,34.991308",
        "nearest_building_dist_m": 0.0,
        "newly_covered_buildings": 8,
        "newly_covered_people_est": 56
      }
    },
    {
      "type": "Feature",
      "geometry": {
        "type": "Point",
        "coordinates": [
          34.99180729525182,
          31.734367684462264
        ]
      },
      "properties": {
        "rank": 58,
        "distance_metric": "euclidean",
        "placement_mode": "exact",
        "placement_semantics": "exact_point",
        "shelter_id": 200,
        "candidate_source": "buildings",
        "time_bucket": "5min",
        "time_seconds": 300,
        "coordinates": "31.734368,34.991807",
        "nearest_building_dist_m": 0.0,
        "newly_covered_buildings": 8,
        "newly_covered_people_est": 56
      }
    },
    {
      "type": "Feature",
      "geometry": {
        "type": "Point",
        "coordinates": [
          34.99521744824305,
          31.703951654821783
        ]
      },
      "properties": {
        "rank": 59,
        "distance_metric": "euclidean",
        "placement_mode": "exact",
        "placement_semantics": "exact_point",
        "shelter_id": 297,
        "candidate_source": "buildings",
        "time_bucket": "5min",
        "time_seconds": 300,
        "coordinates": "31.703952,34.995217",
        "nearest_building_dist_m": 0.0,
        "newly_covered_buildings": 8,
        "newly_covered_people_est": 56
      }
    },
    {
      "type": "Feature",
      "geometry": {
        "type": "Point",
        "coordinates": [
          34.98946920334069,
          31.747468992677767
        ]
      },
      "properties": {
        "rank": 60,
        "distance_metric": "euclidean",
        "placement_mode": "exact",
        "placement_semantics": "exact_point",
        "shelter_id": 530,
        "candidate_source": "buildings",
        "time_bucket": "5min",
        "time_seconds": 300,
        "coordinates": "31.747469,34.989469",
        "nearest_building_dist_m": 0.0,
        "newly_covered_buildings": 8,
        "newly_covered_people_est": 56
      }
    },
    {
      "type": "Feature",
      "geometry": {
        "type": "Point",
        "coordinates": [
          34.98195582284898,
          31.70540052312069
        ]
      },
      "properties": {
        "rank": 61,
        "distance_metric": "euclidean",
        "placement_mode": "exact",
        "placement_semantics": "exact_point",
        "shelter_id": 728,
        "candidate_source": "buildings",
        "time_bucket": "5min",
        "time_seconds": 300,
        "coordinates": "31.705401,34.981956",
        "nearest_building_dist_m": 0.0,
        "newly_covered_buildings": 8,
        "newly_covered_people_est": 56
      }
    },
    {
      "type": "Feature",
      "geometry": {
        "type": "Point",
        "coordinates": [
          34.99123081978643,
          31.71495220603263
        ]
      },
      "properties": {
        "rank": 62,
        "distance_metric": "euclidean",
        "placement_mode": "exact",
        "placement_semantics": "exact_point",
        "shelter_id": 747,
        "candidate_source": "buildings",
        "time_bucket": "5min",
        "time_seconds": 300,
        "coordinates": "31.714952,34.991231",
        "nearest_building_dist_m": 0.0,
        "newly_covered_buildings": 8,
        "newly_covered_people_est": 56
      }
    },
    {
      "type": "Feature",
      "geometry": {
        "type": "Point",
        "coordinates": [
          34.978662099476026,
          31.74325590068236
        ]
      },
      "properties": {
        "rank": 63,
        "distance_metric": "euclidean",
        "placement_mode": "exact",
        "placement_semantics": "exact_point",
        "shelter_id": 783,
        "candidate_source": "network_nodes",
        "time_bucket": "5min",
        "time_seconds": 300,
        "coordinates": "31.743256,34.978662",
        "nearest_building_dist_m": 14.34,
        "newly_covered_buildings": 8,
        "newly_covered_people_est": 56
      }
    },
    {
      "type": "Feature",
      "geometry": {
        "type": "Point",
        "coordinates": [
          34.99438299947318,
          31.71116540068668
        ]
      },
      "properties": {
        "rank": 64,
        "distance_metric": "euclidean",
        "placement_mode": "exact",
        "placement_semantics": "exact_point",
        "shelter_id": 1243,
        "candidate_source": "network_nodes",
        "time_bucket": "5min",
        "time_seconds": 300,
        "coordinates": "31.711165,34.994383",
        "nearest_building_dist_m": 23.88,
        "newly_covered_buildings": 8,
        "newly_covered_people_est": 56
      }
    },
    {
      "type": "Feature",
      "geometry": {
        "type": "Point",
        "coordinates": [
          34.990748141392054,
          31.712728108045674
        ]
      },
      "properties": {
        "rank": 65,
        "distance_metric": "euclidean",
        "placement_mode": "exact",
        "placement_semantics": "exact_point",
        "shelter_id": 274,
        "candidate_source": "buildings",
        "time_bucket": "5min",
        "time_seconds": 300,
        "coordinates": "31.712728,34.990748",
        "nearest_building_dist_m": 0.0,
        "newly_covered_buildings": 7,
        "newly_covered_people_est": 49
      }
    },
    {
      "type": "Feature",
      "geometry": {
        "type": "Point",
        "coordinates": [
          34.989141958628274,
          31.72346594182312
        ]
      },
      "properties": {
        "rank": 66,
        "distance_metric": "euclidean",
        "placement_mode": "exact",
        "placement_semantics": "exact_point",
        "shelter_id": 324,
        "candidate_source": "buildings",
        "time_bucket": "5min",
        "time_seconds": 300,
        "coordinates": "31.723466,34.989142",
        "nearest_building_dist_m": 0.0,
        "newly_covered_buildings": 7,
        "newly_covered_people_est": 49
      }
    },
    {
      "type": "Feature",
      "geometry": {
        "type": "Point",
        "coordinates": [
          34.99396238927553,
          31.7496937741421
        ]
      },
      "properties": {
        "rank": 67,
        "distance_metric": "euclidean",
        "placement_mode": "exact",
        "placement_semantics": "exact_point",
        "shelter_id": 477,
        "candidate_source": "buildings",
        "time_bucket": "5min",
        "time_seconds": 300,
        "coordinates": "31.749694,34.993962",
        "nearest_building_dist_m": 0.0,
        "newly_covered_buildings": 7,
        "newly_covered_people_est": 49
      }
    },
    {
      "type": "Feature",
      "geometry": {
        "type": "Point",
        "coordinates": [
          34.98003169947647,
          31.750367900681717
        ]
      },
      "properties": {
        "rank": 68,
        "distance_metric": "euclidean",
        "placement_mode": "exact",
        "placement_semantics": "exact_point",
        "shelter_id": 793,
        "candidate_source": "network_nodes",
        "time_bucket": "5min",
        "time_seconds": 300,
        "coordinates": "31.750368,34.980032",
        "nearest_building_dist_m": 50.06,
        "newly_covered_buildings": 7,
        "newly_covered_people_est": 49
      }
    },
    {
      "type": "Feature",
      "geometry": {
        "type": "Point",
        "coordinates": [
          34.996289599476164,
          31.753354700682376
        ]
      },
      "properties": {
        "rank": 69,
        "distance_metric": "euclidean",
        "placement_mode": "exact",
        "placement_semantics": "exact_point",
        "shelter_id": 844,
        "candidate_source": "network_nodes",
        "time_bucket": "5min",
        "time_seconds": 300,
        "coordinates": "31.753355,34.996290",
        "nearest_building_dist_m": 57.25,
        "newly_covered_buildings": 7,
        "newly_covered_people_est": 49
      }
    },
    {
      "type": "Feature",
      "geometry": {
        "type": "Point",
        "coordinates": [
          34.99063159947372,
          31.71712950068582
        ]
      },
      "properties": {
        "rank": 70,
        "distance_metric": "euclidean",
        "placement_mode": "exact",
        "placement_semantics": "exact_point",
        "shelter_id": 913,
        "candidate_source": "network_nodes",
        "time_bucket": "5min",
        "time_seconds": 300,
        "coordinates": "31.717130,34.990632",
        "nearest_building_dist_m": 21.92,
        "newly_covered_buildings": 7,
        "newly_covered_people_est": 49
      }
    },
    {
      "type": "Feature",
      "geometry": {
        "type": "Point",
        "coordinates": [
          35.00082749947331,
          31.71600160068656
        ]
      },
      "properties": {
        "rank": 71,
        "distance_metric": "euclidean",
        "placement_mode": "exact",
        "placement_semantics": "exact_point",
        "shelter_id": 1071,
        "candidate_source": "network_nodes",
        "time_bucket": "5min",
        "time_seconds": 300,
        "coordinates": "31.716002,35.000827",
        "nearest_building_dist_m": 16.01,
        "newly_covered_buildings": 7,
        "newly_covered_people_est": 49
      }
    },
    {
      "type": "Feature",
      "geometry": {
        "type": "Point",
        "coordinates": [
          34.97074469947364,
          31.706889300685678
        ]
      },
      "properties": {
        "rank": 72,
        "distance_metric": "euclidean",
        "placement_mode": "exact",
        "placement_semantics": "exact_point",
        "shelter_id": 1168,
        "candidate_source": "network_nodes",
        "time_bucket": "5min",
        "time_seconds": 300,
        "coordinates": "31.706889,34.970745",
        "nearest_building_dist_m": 34.28,
        "newly_covered_buildings": 7,
        "newly_covered_people_est": 49
      }
    },
    {
      "type": "Feature",
      "geometry": {
        "type": "Point",
        "coordinates": [
          34.98296399566123,
          31.750596744760905
        ]
      },
      "properties": {
        "rank": 73,
        "distance_metric": "euclidean",
        "placement_mode": "exact",
        "placement_semantics": "exact_point",
        "shelter_id": 159,
        "candidate_source": "buildings",
        "time_bucket": "5min",
        "time_seconds": 300,
        "coordinates": "31.750597,34.982964",
        "nearest_building_dist_m": 0.0,
        "newly_covered_buildings": 6,
        "newly_covered_people_est": 42
      }
    },
    {
      "type": "Feature",
      "geometry": {
        "type": "Point",
        "coordinates": [
          34.97872346711897,
          31.740277889873596
        ]
      },
      "properties": {
        "rank": 74,
        "distance_metric": "euclidean",
        "placement_mode": "exact",
        "placement_semantics": "exact_point",
        "shelter_id": 167,
        "candidate_source": "buildings",
        "time_bucket": "5min",
        "time_seconds": 300,
        "coordinates": "31.740278,34.978723",
        "nearest_building_dist_m": 0.0,
        "newly_covered_buildings": 6,
        "newly_covered_people_est": 42
      }
    },
    {
      "type": "Feature",
      "geometry": {
        "type": "Point",
        "coordinates": [
          34.9944974174095,
          31.738160214939164
        ]
      },
      "properties": {
        "rank": 75,
        "distance_metric": "euclidean",
        "placement_mode": "exact",
        "placement_semantics": "exact_point",
        "shelter_id": 292,
        "candidate_source": "buildings",
        "time_bucket": "5min",
        "time_seconds": 300,
        "coordinates": "31.738160,34.994497",
        "nearest_building_dist_m": 0.0,
        "newly_covered_buildings": 6,
        "newly_covered_people_est": 42
      }
    },
    {
      "type": "Feature",
      "geometry": {
        "type": "Point",
        "coordinates": [
          34.97509162755749,
          31.724730028251443
        ]
      },
      "properties": {
        "rank": 76,
        "distance_metric": "euclidean",
        "placement_mode": "exact",
        "placement_semantics": "exact_point",
        "shelter_id": 302,
        "candidate_source": "buildings",
        "time_bucket": "5min",
        "time_seconds": 300,
        "coordinates": "31.724730,34.975092",
        "nearest_building_dist_m": 0.0,
        "newly_covered_buildings": 6,
        "newly_covered_people_est": 42
      }
    },
    {
      "type": "Feature",
      "geometry": {
        "type": "Point",
        "coordinates": [
          34.99532697291005,
          31.727605768446477
        ]
      },
      "properties": {
        "rank": 77,
        "distance_metric": "euclidean",
        "placement_mode": "exact",
        "placement_semantics": "exact_point",
        "shelter_id": 340,
        "candidate_source": "buildings",
        "time_bucket": "5min",
        "time_seconds": 300,
        "coordinates": "31.727606,34.995327",
        "nearest_building_dist_m": 0.0,
        "newly_covered_buildings": 6,
        "newly_covered_people_est": 42
      }
    },
    {
      "type": "Feature",
      "geometry": {
        "type": "Point",
        "coordinates": [
          34.99805416408203,
          31.715945508504284
        ]
      },
      "properties": {
        "rank": 78,
        "distance_metric": "euclidean",
        "placement_mode": "exact",
        "placement_semantics": "exact_point",
        "shelter_id": 363,
        "candidate_source": "buildings",
        "time_bucket": "5min",
        "time_seconds": 300,
        "coordinates": "31.715946,34.998054",
        "nearest_building_dist_m": 0.0,
        "newly_covered_buildings": 6,
        "newly_covered_people_est": 42
      }
    },
    {
      "type": "Feature",
      "geometry": {
        "type": "Point",
        "coordinates": [
          34.99248475043123,
          31.71313849839401
        ]
      },
      "properties": {
        "rank": 79,
        "distance_metric": "euclidean",
        "placement_mode": "exact",
        "placement_semantics": "exact_point",
        "shelter_id": 372,
        "candidate_source": "buildings",
        "time_bucket": "5min",
        "time_seconds": 300,
        "coordinates": "31.713138,34.992485",
        "nearest_building_dist_m": 0.0,
        "newly_covered_buildings": 6,
        "newly_covered_people_est": 42
      }
    },
    {
      "type": "Feature",
      "geometry": {
        "type": "Point",
        "coordinates": [
          34.991018181265076,
          31.730887112617374
        ]
      },
      "properties": {
        "rank": 80,
        "distance_metric": "euclidean",
        "placement_mode": "exact",
        "placement_semantics": "exact_point",
        "shelter_id": 471,
        "candidate_source": "buildings",
        "time_bucket": "5min",
        "time_seconds": 300,
        "coordinates": "31.730887,34.991018",
        "nearest_building_dist_m": 0.0,
        "newly_covered_buildings": 6,
        "newly_covered_people_est": 42
      }
    },
    {
      "type": "Feature",
      "geometry": {
        "type": "Point",
        "coordinates": [
          35.00005961182994,
          31.71449344018535
        ]
      },
      "properties": {
        "rank": 81,
        "distance_metric": "euclidean",
        "placement_mode": "exact",
        "placement_semantics": "exact_point",
        "shelter_id": 515,
        "candidate_source": "buildings",
        "time_bucket": "5min",
        "time_seconds": 300,
        "coordinates": "31.714493,35.000060",
        "nearest_building_dist_m": 0.0,
        "newly_covered_buildings": 6,
        "newly_covered_people_est": 42
      }
    },
    {
      "type": "Feature",
      "geometry": {
        "type": "Point",
        "coordinates": [
          34.98127212762807,
          31.739016679907262
        ]
      },
      "properties": {
        "rank": 82,
        "distance_metric": "euclidean",
        "placement_mode": "exact",
        "placement_semantics": "exact_point",
        "shelter_id": 685,
        "candidate_source": "buildings",
        "time_bucket": "5min",
        "time_seconds": 300,
        "coordinates": "31.739017,34.981272",
        "nearest_building_dist_m": 0.0,
        "newly_covered_buildings": 6,
        "newly_covered_people_est": 42
      }
    },
    {
      "type": "Feature",
      "geometry": {
        "type": "Point",
        "coordinates": [
          34.99671149947323,
          31.71291670068663
        ]
      },
      "properties": {
        "rank": 83,
        "distance_metric": "euclidean",
        "placement_mode": "exact",
        "placement_semantics": "exact_point",
        "shelter_id": 850,
        "candidate_source": "network_nodes",
        "time_bucket": "5min",
        "time_seconds": 300,
        "coordinates": "31.712917,34.996711",
        "nearest_building_dist_m": 55.36,
        "newly_covered_buildings": 6,
        "newly_covered_people_est": 42
      }
    },
    {
      "type": "Feature",
      "geometry": {
        "type": "Point",
        "coordinates": [
          35.000414899472815,
          31.709104800687264
        ]
      },
      "properties": {
        "rank": 84,
        "distance_metric": "euclidean",
        "placement_mode": "exact",
        "placement_semantics": "exact_point",
        "shelter_id": 1321,
        "candidate_source": "network_nodes",
        "time_bucket": "5min",
        "time_seconds": 300,
        "coordinates": "31.709105,35.000415",
        "nearest_building_dist_m": 58.52,
        "newly_covered_buildings": 6,
        "newly_covered_people_est": 42
      }
    },
    {
      "type": "Feature",
      "geometry": {
        "type": "Point",
        "coordinates": [
          34.97142959947313,
          31.700070000686445
        ]
      },
      "properties": {
        "rank": 85,
        "distance_metric": "euclidean",
        "placement_mode": "exact",
        "placement_semantics": "exact_point",
        "shelter_id": 1421,
        "candidate_source": "network_nodes",
        "time_bucket": "5min",
        "time_seconds": 300,
        "coordinates": "31.700070,34.971430",
        "nearest_building_dist_m": 66.16,
        "newly_covered_buildings": 6,
        "newly_covered_people_est": 42
      }
    },
    {
      "type": "Feature",
      "geometry": {
        "type": "Point",
        "coordinates": [
          34.99722314351764,
          31.75267447682605
        ]
      },
      "properties": {
        "rank": 86,
        "distance_metric": "euclidean",
        "placement_mode": "exact",
        "placement_semantics": "exact_point",
        "shelter_id": 1454,
        "candidate_source": "network_nodes",
        "time_bucket": "5min",
        "time_seconds": 300,
        "coordinates": "31.752674,34.997223",
        "nearest_building_dist_m": 21.74,
        "newly_covered_buildings": 6,
        "newly_covered_people_est": 42
      }
    },
    {
      "type": "Feature",
      "geometry": {
        "type": "Point",
        "coordinates": [
          34.999384174352635,
          31.74701797488325
        ]
      },
      "properties": {
        "rank": 87,
        "distance_metric": "euclidean",
        "placement_mode": "exact",
        "placement_semantics": "exact_point",
        "shelter_id": 1469,
        "candidate_source": "network_nodes",
        "time_bucket": "5min",
        "time_seconds": 300,
        "coordinates": "31.747018,34.999384",
        "nearest_building_dist_m": 11.89,
        "newly_covered_buildings": 6,
        "newly_covered_people_est": 42
      }
    },
    {
      "type": "Feature",
      "geometry": {
        "type": "Point",
        "coordinates": [
          34.983084899472914,
          31.702365900686903
        ]
      },
      "properties": {
        "rank": 88,
        "distance_metric": "euclidean",
        "placement_mode": "exact",
        "placement_semantics": "exact_point",
        "shelter_id": 1481,
        "candidate_source": "network_nodes",
        "time_bucket": "5min",
        "time_seconds": 300,
        "coordinates": "31.702366,34.983085",
        "nearest_building_dist_m": 48.74,
        "newly_covered_buildings": 6,
        "newly_covered_people_est": 42
      }
    },
    {
      "type": "Feature",
      "geometry": {
        "type": "Point",
        "coordinates": [
          34.997698337808856,
          31.74946366485693
        ]
      },
      "properties": {
        "rank": 89,
        "distance_metric": "euclidean",
        "placement_mode": "exact",
        "placement_semantics": "exact_point",
        "shelter_id": 79,
        "candidate_source": "buildings",
        "time_bucket": "5min",
        "time_seconds": 300,
        "coordinates": "31.749464,34.997698",
        "nearest_building_dist_m": 0.0,
        "newly_covered_buildings": 5,
        "newly_covered_people_est": 35
      }
    },
    {
      "type": "Feature",
      "geometry": {
        "type": "Point",
        "coordinates": [
          34.99995041781907,
          31.744482102187504
        ]
      },
      "properties": {
        "rank": 90,
        "distance_metric": "euclidean",
        "placement_mode": "exact",
        "placement_semantics": "exact_point",
        "shelter_id": 86,
        "candidate_source": "buildings",
        "time_bucket": "5min",
        "time_seconds": 300,
        "coordinates": "31.744482,34.999950",
        "nearest_building_dist_m": 0.0,
        "newly_covered_buildings": 5,
        "newly_covered_people_est": 35
      }
    },
    {
      "type": "Feature",
      "geometry": {
        "type": "Point",
        "coordinates": [
          34.994768839359956,
          31.74823138288569
        ]
      },
      "properties": {
        "rank": 91,
        "distance_metric": "euclidean",
        "placement_mode": "exact",
        "placement_semantics": "exact_point",
        "shelter_id": 99,
        "candidate_source": "buildings",
        "time_bucket": "5min",
        "time_seconds": 300,
        "coordinates": "31.748231,34.994769",
        "nearest_building_dist_m": 0.0,
        "newly_covered_buildings": 5,
        "newly_covered_people_est": 35
      }
    },
    {
      "type": "Feature",
      "geometry": {
        "type": "Point",
        "coordinates": [
          34.98990141035895,
          31.753040639771655
        ]
      },
      "properties": {
        "rank": 92,
        "distance_metric": "euclidean",
        "placement_mode": "exact",
        "placement_semantics": "exact_point",
        "shelter_id": 147,
        "candidate_source": "buildings",
        "time_bucket": "5min",
        "time_seconds": 300,
        "coordinates": "31.753041,34.989901",
        "nearest_building_dist_m": 0.0,
        "newly_covered_buildings": 5,
        "newly_covered_people_est": 35
      }
    },
    {
      "type": "Feature",
      "geometry": {
        "type": "Point",
        "coordinates": [
          34.98034258809292,
          31.74126307621969
        ]
      },
      "properties": {
        "rank": 93,
        "distance_metric": "euclidean",
        "placement_mode": "exact",
        "placement_semantics": "exact_point",
        "shelter_id": 254,
        "candidate_source": "buildings",
        "time_bucket": "5min",
        "time_seconds": 300,
        "coordinates": "31.741263,34.980343",
        "nearest_building_dist_m": 0.0,
        "newly_covered_buildings": 5,
        "newly_covered_people_est": 35
      }
    },
    {
      "type": "Feature",
      "geometry": {
        "type": "Point",
        "coordinates": [
          34.994594201081014,
          31.726142578234697
        ]
      },
      "properties": {
        "rank": 94,
        "distance_metric": "euclidean",
        "placement_mode": "exact",
        "placement_semantics": "exact_point",
        "shelter_id": 331,
        "candidate_source": "buildings",
        "time_bucket": "5min",
        "time_seconds": 300,
        "coordinates": "31.726143,34.994594",
        "nearest_building_dist_m": 0.0,
        "newly_covered_buildings": 5,
        "newly_covered_people_est": 35
      }
    },
    {
      "type": "Feature",
      "geometry": {
        "type": "Point",
        "coordinates": [
          34.982739641948505,
          31.74793428849474
        ]
      },
      "properties": {
        "rank": 95,
        "distance_metric": "euclidean",
        "placement_mode": "exact",
        "placement_semantics": "exact_point",
        "shelter_id": 462,
        "candidate_source": "buildings",
        "time_bucket": "5min",
        "time_seconds": 300,
        "coordinates": "31.747934,34.982740",
        "nearest_building_dist_m": 0.0,
        "newly_covered_buildings": 5,
        "newly_covered_people_est": 35
      }
    },
    {
      "type": "Feature",
      "geometry": {
        "type": "Point",
        "coordinates": [
          34.98636662479864,
          31.739752558371478
        ]
      },
      "properties": {
        "rank": 96,
        "distance_metric": "euclidean",
        "placement_mode": "exact",
        "placement_semantics": "exact_point",
        "shelter_id": 507,
        "candidate_source": "buildings",
        "time_bucket": "5min",
        "time_seconds": 300,
        "coordinates": "31.739753,34.986367",
        "nearest_building_dist_m": 0.0,
        "newly_covered_buildings": 5,
        "newly_covered_people_est": 35
      }
    },
    {
      "type": "Feature",
      "geometry": {
        "type": "Point",
        "coordinates": [
          35.000471288894154,
          31.71106969531052
        ]
      },
      "properties": {
        "rank": 97,
        "distance_metric": "euclidean",
        "placement_mode": "exact",
        "placement_semantics": "exact_point",
        "shelter_id": 547,
        "candidate_source": "buildings",
        "time_bucket": "5min",
        "time_seconds": 300,
        "coordinates": "31.711070,35.000471",
        "nearest_building_dist_m": 0.0,
        "newly_covered_buildings": 5,
        "newly_covered_people_est": 35
      }
    },
    {
      "type": "Feature",
      "geometry": {
        "type": "Point",
        "coordinates": [
          34.992243872924355,
          31.753944407877107
        ]
      },
      "properties": {
        "rank": 98,
        "distance_metric": "euclidean",
        "placement_mode": "exact",
        "placement_semantics": "exact_point",
        "shelter_id": 588,
        "candidate_source": "buildings",
        "time_bucket": "5min",
        "time_seconds": 300,
        "coordinates": "31.753944,34.992244",
        "nearest_building_dist_m": 0.0,
        "newly_covered_buildings": 5,
        "newly_covered_people_est": 35
      }
    },
    {
      "type": "Feature",
      "geometry": {
        "type": "Point",
        "coordinates": [
          34.99599660548684,
          31.739325709913018
        ]
      },
      "properties": {
        "rank": 99,
        "distance_metric": "euclidean",
        "placement_mode": "exact",
        "placement_semantics": "exact_point",
        "shelter_id": 593,
        "candidate_source": "buildings",
        "time_bucket": "5min",
        "time_seconds": 300,
        "coordinates": "31.739326,34.995997",
        "nearest_building_dist_m": 0.0,
        "newly_covered_buildings": 5,
        "newly_covered_people_est": 35
      }
    },
    {
      "type": "Feature",
      "geometry": {
        "type": "Point",
        "coordinates": [
          34.99559848821693,
          31.72411468544676
        ]
      },
      "properties": {
        "rank": 100,
        "distance_metric": "euclidean",
        "placement_mode": "exact",
        "placement_semantics": "exact_point",
        "shelter_id": 606,
        "candidate_source": "buildings",
        "time_bucket": "5min",
        "time_seconds": 300,
        "coordinates": "31.724115,34.995598",
        "nearest_building_dist_m": 0.0,
        "newly_covered_buildings": 5,
        "newly_covered_people_est": 35
      }
    },
    {
      "type": "Feature",
      "geometry": {
        "type": "Point",
        "coordinates": [
          34.98758179760814,
          31.712857908217064
        ]
      },
      "properties": {
        "rank": 101,
        "distance_metric": "euclidean",
        "placement_mode": "exact",
        "placement_semantics": "exact_point",
        "shelter_id": 630,
        "candidate_source": "buildings",
        "time_bucket": "5min",
        "time_seconds": 300,
        "coordinates": "31.712858,34.987582",
        "nearest_building_dist_m": 0.0,
        "newly_covered_buildings": 5,
        "newly_covered_people_est": 35
      }
    },
    {
      "type": "Feature",
      "geometry": {
        "type": "Point",
        "coordinates": [
          34.98240243850491,
          31.7531124075373
        ]
      },
      "properties": {
        "rank": 102,
        "distance_metric": "euclidean",
        "placement_mode": "exact",
        "placement_semantics": "exact_point",
        "shelter_id": 764,
        "candidate_source": "buildings",
        "time_bucket": "5min",
        "time_seconds": 300,
        "coordinates": "31.753112,34.982402",
        "nearest_building_dist_m": 0.0,
        "newly_covered_buildings": 5,
        "newly_covered_people_est": 35
      }
    },
    {
      "type": "Feature",
      "geometry": {
        "type": "Point",
        "coordinates": [
          34.99525979947289,
          31.707783400687084
        ]
      },
      "properties": {
        "rank": 103,
        "distance_metric": "euclidean",
        "placement_mode": "exact",
        "placement_semantics": "exact_point",
        "shelter_id": 1301,
        "candidate_source": "network_nodes",
        "time_bucket": "5min",
        "time_seconds": 300,
        "coordinates": "31.707783,34.995260",
        "nearest_building_dist_m": 26.74,
        "newly_covered_buildings": 5,
        "newly_covered_people_est": 35
      }
    },
    {
      "type": "Feature",
      "geometry": {
        "type": "Point",
        "coordinates": [
          35.00018314687541,
          31.705037956638236
        ]
      },
      "properties": {
        "rank": 104,
        "distance_metric": "euclidean",
        "placement_mode": "exact",
        "placement_semantics": "exact_point",
        "shelter_id": 1695,
        "candidate_source": "network_nodes",
        "time_bucket": "5min",
        "time_seconds": 300,
        "coordinates": "31.705038,35.000183",
        "nearest_building_dist_m": 22.45,
        "newly_covered_buildings": 5,
        "newly_covered_people_est": 35
      }
    },
    {
      "type": "Feature",
      "geometry": {
        "type": "Point",
        "coordinates": [
          34.95184927496437,
          31.735121968297175
        ]
      },
      "properties": {
        "rank": 105,
        "distance_metric": "euclidean",
        "placement_mode": "exact",
        "placement_semantics": "exact_point",
        "shelter_id": 36,
        "candidate_source": "buildings",
        "time_bucket": "5min",
        "time_seconds": 300,
        "coordinates": "31.735122,34.951849",
        "nearest_building_dist_m": 0.0,
        "newly_covered_buildings": 4,
        "newly_covered_people_est": 28
      }
    },
    {
      "type": "Feature",
      "geometry": {
        "type": "Point",
        "coordinates": [
          34.98874409036407,
          31.7045766860522
        ]
      },
      "properties": {
        "rank": 106,
        "distance_metric": "euclidean",
        "placement_mode": "exact",
        "placement_semantics": "exact_point",
        "shelter_id": 40,
        "candidate_source": "buildings",
        "time_bucket": "5min",
        "time_seconds": 300,
        "coordinates": "31.704577,34.988744",
        "nearest_building_dist_m": 0.0,
        "newly_covered_buildings": 4,
        "newly_covered_people_est": 28
      }
    },
    {
      "type": "Feature",
      "geometry": {
        "type": "Point",
        "coordinates": [
          35.00121043796509,
          31.748103341015508
        ]
      },
      "properties": {
        "rank": 107,
        "distance_metric": "euclidean",
        "placement_mode": "exact",
        "placement_semantics": "exact_point",
        "shelter_id": 70,
        "candidate_source": "buildings",
        "time_bucket": "5min",
        "time_seconds": 300,
        "coordinates": "31.748103,35.001210",
        "nearest_building_dist_m": 0.0,
        "newly_covered_buildings": 4,
        "newly_covered_people_est": 28
      }
    },
    {
      "type": "Feature",
      "geometry": {
        "type": "Point",
        "coordinates": [
          34.998900165570035,
          31.743578208848298
        ]
      },
      "properties": {
        "rank": 108,
        "distance_metric": "euclidean",
        "placement_mode": "exact",
        "placement_semantics": "exact_point",
        "shelter_id": 173,
        "candidate_source": "buildings",
        "time_bucket": "5min",
        "time_seconds": 300,
        "coordinates": "31.743578,34.998900",
        "nearest_building_dist_m": 0.0,
        "newly_covered_buildings": 4,
        "newly_covered_people_est": 28
      }
    },
    {
      "type": "Feature",
      "geometry": {
        "type": "Point",
        "coordinates": [
          34.985647159306176,
          31.742339962507767
        ]
      },
      "properties": {
        "rank": 109,
        "distance_metric": "euclidean",
        "placement_mode": "exact",
        "placement_semantics": "exact_point",
        "shelter_id": 179,
        "candidate_source": "buildings",
        "time_bucket": "5min",
        "time_seconds": 300,
        "coordinates": "31.742340,34.985647",
        "nearest_building_dist_m": 0.0,
        "newly_covered_buildings": 4,
        "newly_covered_people_est": 28
      }
    },
    {
      "type": "Feature",
      "geometry": {
        "type": "Point",
        "coordinates": [
          34.9993695088932,
          31.748592634509446
        ]
      },
      "properties": {
        "rank": 110,
        "distance_metric": "euclidean",
        "placement_mode": "exact",
        "placement_semantics": "exact_point",
        "shelter_id": 219,
        "candidate_source": "buildings",
        "time_bucket": "5min",
        "time_seconds": 300,
        "coordinates": "31.748593,34.999370",
        "nearest_building_dist_m": 0.0,
        "newly_covered_buildings": 4,
        "newly_covered_people_est": 28
      }
    },
    {
      "type": "Feature",
      "geometry": {
        "type": "Point",
        "coordinates": [
          34.992800647937266,
          31.72481246664602
        ]
      },
      "properties": {
        "rank": 111,
        "distance_metric": "euclidean",
        "placement_mode": "exact",
        "placement_semantics": "exact_point",
        "shelter_id": 327,
        "candidate_source": "buildings",
        "time_bucket": "5min",
        "time_seconds": 300,
        "coordinates": "31.724812,34.992801",
        "nearest_building_dist_m": 0.0,
        "newly_covered_buildings": 4,
        "newly_covered_people_est": 28
      }
    },
    {
      "type": "Feature",
      "geometry": {
        "type": "Point",
        "coordinates": [
          34.988595382344954,
          31.715477467592606
        ]
      },
      "properties": {
        "rank": 112,
        "distance_metric": "euclidean",
        "placement_mode": "exact",
        "placement_semantics": "exact_point",
        "shelter_id": 345,
        "candidate_source": "buildings",
        "time_bucket": "5min",
        "time_seconds": 300,
        "coordinates": "31.715477,34.988595",
        "nearest_building_dist_m": 0.0,
        "newly_covered_buildings": 4,
        "newly_covered_people_est": 28
      }
    },
    {
      "type": "Feature",
      "geometry": {
        "type": "Point",
        "coordinates": [
          35.000177968337766,
          31.73709590788832
        ]
      },
      "properties": {
        "rank": 113,
        "distance_metric": "euclidean",
        "placement_mode": "exact",
        "placement_semantics": "exact_point",
        "shelter_id": 382,
        "candidate_source": "buildings",
        "time_bucket": "5min",
        "time_seconds": 300,
        "coordinates": "31.737096,35.000178",
        "nearest_building_dist_m": 0.0,
        "newly_covered_buildings": 4,
        "newly_covered_people_est": 28
      }
    },
    {
      "type": "Feature",
      "geometry": {
        "type": "Point",
        "coordinates": [
          34.9921938939342,
          31.726684094190343
        ]
      },
      "properties": {
        "rank": 114,
        "distance_metric": "euclidean",
        "placement_mode": "exact",
        "placement_semantics": "exact_point",
        "shelter_id": 448,
        "candidate_source": "buildings",
        "time_bucket": "5min",
        "time_seconds": 300,
        "coordinates": "31.726684,34.992194",
        "nearest_building_dist_m": 0.0,
        "newly_covered_buildings": 4,
        "newly_covered_people_est": 28
      }
    },
    {
      "type": "Feature",
      "geometry": {
        "type": "Point",
        "coordinates": [
          34.98797437029565,
          31.74906193378904
        ]
      },
      "properties": {
        "rank": 115,
        "distance_metric": "euclidean",
        "placement_mode": "exact",
        "placement_semantics": "exact_point",
        "shelter_id": 518,
        "candidate_source": "buildings",
        "time_bucket": "5min",
        "time_seconds": 300,
        "coordinates": "31.749062,34.987974",
        "nearest_building_dist_m": 0.0,
        "newly_covered_buildings": 4,
        "newly_covered_people_est": 28
      }
    },
    {
      "type": "Feature",
      "geometry": {
        "type": "Point",
        "coordinates": [
          35.00276742521248,
          31.712810147765968
        ]
      },
      "properties": {
        "rank": 116,
        "distance_metric": "euclidean",
        "placement_mode": "exact",
        "placement_semantics": "exact_point",
        "shelter_id": 731,
        "candidate_source": "buildings",
        "time_bucket": "5min",
        "time_seconds": 300,
        "coordinates": "31.712810,35.002767",
        "nearest_building_dist_m": 0.0,
        "newly_covered_buildings": 4,
        "newly_covered_people_est": 28
      }
    },
    {
      "type": "Feature",
      "geometry": {
        "type": "Point",
        "coordinates": [
          34.977841773325004,
          31.741276386863497
        ]
      },
      "properties": {
        "rank": 117,
        "distance_metric": "euclidean",
        "placement_mode": "exact",
        "placement_semantics": "exact_point",
        "shelter_id": 760,
        "candidate_source": "buildings",
        "time_bucket": "5min",
        "time_seconds": 300,
        "coordinates": "31.741276,34.977842",
        "nearest_building_dist_m": 0.0,
        "newly_covered_buildings": 4,
        "newly_covered_people_est": 28
      }
    },
    {
      "type": "Feature",
      "geometry": {
        "type": "Point",
        "coordinates": [
          34.96140169947412,
          31.709285000684854
        ]
      },
      "properties": {
        "rank": 118,
        "distance_metric": "euclidean",
        "placement_mode": "exact",
        "placement_semantics": "exact_point",
        "shelter_id": 947,
        "candidate_source": "network_nodes",
        "time_bucket": "5min",
        "time_seconds": 300,
        "coordinates": "31.709285,34.961402",
        "nearest_building_dist_m": 76.15,
        "newly_covered_buildings": 4,
        "newly_covered_people_est": 28
      }
    },
    {
      "type": "Feature",
      "geometry": {
        "type": "Point",
        "coordinates": [
          34.99626149947333,
          31.71411240068649
        ]
      },
      "properties": {
        "rank": 119,
        "distance_metric": "euclidean",
        "placement_mode": "exact",
        "placement_semantics": "exact_point",
        "shelter_id": 1111,
        "candidate_source": "network_nodes",
        "time_bucket": "5min",
        "time_seconds": 300,
        "coordinates": "31.714112,34.996261",
        "nearest_building_dist_m": 29.79,
        "newly_covered_buildings": 4,
        "newly_covered_people_est": 28
      }
    },
    {
      "type": "Feature",
      "geometry": {
        "type": "Point",
        "coordinates": [
          34.992359699473184,
          31.710233900686653
        ]
      },
      "properties": {
        "rank": 120,
        "distance_metric": "euclidean",
        "placement_mode": "exact",
        "placement_semantics": "exact_point",
        "shelter_id": 1205,
        "candidate_source": "network_nodes",
        "time_bucket": "5min",
        "time_seconds": 300,
        "coordinates": "31.710234,34.992360",
        "nearest_building_dist_m": 51.2,
        "newly_covered_buildings": 4,
        "newly_covered_people_est": 28
      }
    },
    {
      "type": "Feature",
      "geometry": {
        "type": "Point",
        "coordinates": [
          34.967507999474236,
          31.713607800684777
        ]
      },
      "properties": {
        "rank": 121,
        "distance_metric": "euclidean",
        "placement_mode": "exact",
        "placement_semantics": "exact_point",
        "shelter_id": 1407,
        "candidate_source": "network_nodes",
        "time_bucket": "5min",
        "time_seconds": 300,
        "coordinates": "31.713608,34.967508",
        "nearest_building_dist_m": 24.78,
        "newly_covered_buildings": 4,
        "newly_covered_people_est": 28
      }
    },
    {
      "type": "Feature",
      "geometry": {
        "type": "Point",
        "coordinates": [
          34.966952699473474,
          31.70277350068587
        ]
      },
      "properties": {
        "rank": 122,
        "distance_metric": "euclidean",
        "placement_mode": "exact",
        "placement_semantics": "exact_point",
        "shelter_id": 1413,
        "candidate_source": "network_nodes",
        "time_bucket": "5min",
        "time_seconds": 300,
        "coordinates": "31.702774,34.966953",
        "nearest_building_dist_m": 22.27,
        "newly_covered_buildings": 4,
        "newly_covered_people_est": 28
      }
    },
    {
      "type": "Feature",
      "geometry": {
        "type": "Point",
        "coordinates": [
          34.976180699472835,
          31.698227300686916
        ]
      },
      "properties": {
        "rank": 123,
        "distance_metric": "euclidean",
        "placement_mode": "exact",
        "placement_semantics": "exact_point",
        "shelter_id": 1424,
        "candidate_source": "network_nodes",
        "time_bucket": "5min",
        "time_seconds": 300,
        "coordinates": "31.698227,34.976181",
        "nearest_building_dist_m": 63.64,
        "newly_covered_buildings": 4,
        "newly_covered_people_est": 28
      }
    },
    {
      "type": "Feature",
      "geometry": {
        "type": "Point",
        "coordinates": [
          34.99806119947522,
          31.741183700683752
        ]
      },
      "properties": {
        "rank": 124,
        "distance_metric": "euclidean",
        "placement_mode": "exact",
        "placement_semantics": "exact_point",
        "shelter_id": 1666,
        "candidate_source": "network_nodes",
        "time_bucket": "5min",
        "time_seconds": 300,
        "coordinates": "31.741184,34.998061",
        "nearest_building_dist_m": 45.45,
        "newly_covered_buildings": 4,
        "newly_covered_people_est": 28
      }
    },
    {
      "type": "Feature",
      "geometry": {
        "type": "Point",
        "coordinates": [
          34.99219210612268,
          31.708750843058052
        ]
      },
      "properties": {
        "rank": 125,
        "distance_metric": "euclidean",
        "placement_mode": "exact",
        "placement_semantics": "exact_point",
        "shelter_id": 39,
        "candidate_source": "buildings",
        "time_bucket": "5min",
        "time_seconds": 300,
        "coordinates": "31.708751,34.992192",
        "nearest_building_dist_m": 0.0,
        "newly_covered_buildings": 3,
        "newly_covered_people_est": 21
      }
    },
    {
      "type": "Feature",
      "geometry": {
        "type": "Point",
        "coordinates": [
          34.979886035616516,
          31.705062065310532
        ]
      },
      "properties": {
        "rank": 126,
        "distance_metric": "euclidean",
        "placement_mode": "exact",
        "placement_semantics": "exact_point",
        "shelter_id": 46,
        "candidate_source": "buildings",
        "time_bucket": "5min",
        "time_seconds": 300,
        "coordinates": "31.705062,34.979886",
        "nearest_building_dist_m": 0.0,
        "newly_covered_buildings": 3,
        "newly_covered_people_est": 21
      }
    },
    {
      "type": "Feature",
      "geometry": {
        "type": "Point",
        "coordinates": [
          34.99038619931622,
          31.75177237443409
        ]
      },
      "properties": {
        "rank": 127,
        "distance_metric": "euclidean",
        "placement_mode": "exact",
        "placement_semantics": "exact_point",
        "shelter_id": 76,
        "candidate_source": "buildings",
        "time_bucket": "5min",
        "time_seconds": 300,
        "coordinates": "31.751772,34.990386",
        "nearest_building_dist_m": 0.0,
        "newly_covered_buildings": 3,
        "newly_covered_people_est": 21
      }
    },
    {
      "type": "Feature",
      "geometry": {
        "type": "Point",
        "coordinates": [
          34.98203413069787,
          31.746445361743955
        ]
      },
      "properties": {
        "rank": 128,
        "distance_metric": "euclidean",
        "placement_mode": "exact",
        "placement_semantics": "exact_point",
        "shelter_id": 140,
        "candidate_source": "buildings",
        "time_bucket": "5min",
        "time_seconds": 300,
        "coordinates": "31.746445,34.982034",
        "nearest_building_dist_m": 0.0,
        "newly_covered_buildings": 3,
        "newly_covered_people_est": 21
      }
    },
    {
      "type": "Feature",
      "geometry": {
        "type": "Point",
        "coordinates": [
          34.98481581747758,
          31.746893962261463
        ]
      },
      "properties": {
        "rank": 129,
        "distance_metric": "euclidean",
        "placement_mode": "exact",
        "placement_semantics": "exact_point",
        "shelter_id": 194,
        "candidate_source": "buildings",
        "time_bucket": "5min",
        "time_seconds": 300,
        "coordinates": "31.746894,34.984816",
        "nearest_building_dist_m": 0.0,
        "newly_covered_buildings": 3,
        "newly_covered_people_est": 21
      }
    },
    {
      "type": "Feature",
      "geometry": {
        "type": "Point",
        "coordinates": [
          34.99253206591038,
          31.730338968507347
        ]
      },
      "properties": {
        "rank": 130,
        "distance_metric": "euclidean",
        "placement_mode": "exact",
        "placement_semantics": "exact_point",
        "shelter_id": 325,
        "candidate_source": "buildings",
        "time_bucket": "5min",
        "time_seconds": 300,
        "coordinates": "31.730339,34.992532",
        "nearest_building_dist_m": 0.0,
        "newly_covered_buildings": 3,
        "newly_covered_people_est": 21
      }
    },
    {
      "type": "Feature",
      "geometry": {
        "type": "Point",
        "coordinates": [
          34.99576310228889,
          31.752061590057195
        ]
      },
      "properties": {
        "rank": 131,
        "distance_metric": "euclidean",
        "placement_mode": "exact",
        "placement_semantics": "exact_point",
        "shelter_id": 527,
        "candidate_source": "buildings",
        "time_bucket": "5min",
        "time_seconds": 300,
        "coordinates": "31.752062,34.995763",
        "nearest_building_dist_m": 0.0,
        "newly_covered_buildings": 3,
        "newly_covered_people_est": 21
      }
    },
    {
      "type": "Feature",
      "geometry": {
        "type": "Point",
        "coordinates": [
          34.99220896382671,
          31.718510483185426
        ]
      },
      "properties": {
        "rank": 132,
        "distance_metric": "euclidean",
        "placement_mode": "exact",
        "placement_semantics": "exact_point",
        "shelter_id": 539,
        "candidate_source": "buildings",
        "time_bucket": "5min",
        "time_seconds": 300,
        "coordinates": "31.718510,34.992209",
        "nearest_building_dist_m": 0.0,
        "newly_covered_buildings": 3,
        "newly_covered_people_est": 21
      }
    },
    {
      "type": "Feature",
      "geometry": {
        "type": "Point",
        "coordinates": [
          34.980576615412105,
          31.73588992460511
        ]
      },
      "properties": {
        "rank": 133,
        "distance_metric": "euclidean",
        "placement_mode": "exact",
        "placement_semantics": "exact_point",
        "shelter_id": 618,
        "candidate_source": "buildings",
        "time_bucket": "5min",
        "time_seconds": 300,
        "coordinates": "31.735890,34.980577",
        "nearest_building_dist_m": 0.0,
        "newly_covered_buildings": 3,
        "newly_covered_people_est": 21
      }
    },
    {
      "type": "Feature",
      "geometry": {
        "type": "Point",
        "coordinates": [
          34.975388128278155,
          31.742436609502988
        ]
      },
      "properties": {
        "rank": 134,
        "distance_metric": "euclidean",
        "placement_mode": "exact",
        "placement_semantics": "exact_point",
        "shelter_id": 620,
        "candidate_source": "buildings",
        "time_bucket": "5min",
        "time_seconds": 300,
        "coordinates": "31.742437,34.975388",
        "nearest_building_dist_m": 0.0,
        "newly_covered_buildings": 3,
        "newly_covered_people_est": 21
      }
    },
    {
      "type": "Feature",
      "geometry": {
        "type": "Point",
        "coordinates": [
          34.992132718944816,
          31.738962455718603
        ]
      },
      "properties": {
        "rank": 135,
        "distance_metric": "euclidean",
        "placement_mode": "exact",
        "placement_semantics": "exact_point",
        "shelter_id": 639,
        "candidate_source": "buildings",
        "time_bucket": "5min",
        "time_seconds": 300,
        "coordinates": "31.738962,34.992133",
        "nearest_building_dist_m": 0.0,
        "newly_covered_buildings": 3,
        "newly_covered_people_est": 21
      }
    },
    {
      "type": "Feature",
      "geometry": {
        "type": "Point",
        "coordinates": [
          35.00319098472174,
          31.7108897149947
        ]
      },
      "properties": {
        "rank": 136,
        "distance_metric": "euclidean",
        "placement_mode": "exact",
        "placement_semantics": "exact_point",
        "shelter_id": 698,
        "candidate_source": "buildings",
        "time_bucket": "5min",
        "time_seconds": 300,
        "coordinates": "31.710890,35.003191",
        "nearest_building_dist_m": 0.0,
        "newly_covered_buildings": 3,
        "newly_covered_people_est": 21
      }
    },
    {
      "type": "Feature",
      "geometry": {
        "type": "Point",
        "coordinates": [
          34.977529899476075,
          31.74378620068223
        ]
      },
      "properties": {
        "rank": 137,
        "distance_metric": "euclidean",
        "placement_mode": "exact",
        "placement_semantics": "exact_point",
        "shelter_id": 785,
        "candidate_source": "network_nodes",
        "time_bucket": "5min",
        "time_seconds": 300,
        "coordinates": "31.743786,34.977530",
        "nearest_building_dist_m": 17.88,
        "newly_covered_buildings": 3,
        "newly_covered_people_est": 21
      }
    },
    {
      "type": "Feature",
      "geometry": {
        "type": "Point",
        "coordinates": [
          34.98164339947589,
          31.742891300682576
        ]
      },
      "properties": {
        "rank": 138,
        "distance_metric": "euclidean",
        "placement_mode": "exact",
        "placement_semantics": "exact_point",
        "shelter_id": 800,
        "candidate_source": "network_nodes",
        "time_bucket": "5min",
        "time_seconds": 300,
        "coordinates": "31.742891,34.981643",
        "nearest_building_dist_m": 49.98,
        "newly_covered_buildings": 3,
        "newly_covered_people_est": 21
      }
    },
    {
      "type": "Feature",
      "geometry": {
        "type": "Point",
        "coordinates": [
          35.00179839947248,
          31.705012500687776
        ]
      },
      "properties": {
        "rank": 139,
        "distance_metric": "euclidean",
        "placement_mode": "exact",
        "placement_semantics": "exact_point",
        "shelter_id": 953,
        "candidate_source": "network_nodes",
        "time_bucket": "5min",
        "time_seconds": 300,
        "coordinates": "31.705013,35.001798",
        "nearest_building_dist_m": 37.52,
        "newly_covered_buildings": 3,
        "newly_covered_people_est": 21
      }
    },
    {
      "type": "Feature",
      "geometry": {
        "type": "Point",
        "coordinates": [
          34.9856260994729,
          31.703481500686944
        ]
      },
      "properties": {
        "rank": 140,
        "distance_metric": "euclidean",
        "placement_mode": "exact",
        "placement_semantics": "exact_point",
        "shelter_id": 974,
        "candidate_source": "network_nodes",
        "time_bucket": "5min",
        "time_seconds": 300,
        "coordinates": "31.703482,34.985626",
        "nearest_building_dist_m": 92.92,
        "newly_covered_buildings": 3,
        "newly_covered_people_est": 21
      }
    },
    {
      "type": "Feature",
      "geometry": {
        "type": "Point",
        "coordinates": [
          34.98855089947328,
          31.710055400686425
        ]
      },
      "properties": {
        "rank": 141,
        "distance_metric": "euclidean",
        "placement_mode": "exact",
        "placement_semantics": "exact_point",
        "shelter_id": 1025,
        "candidate_source": "network_nodes",
        "time_bucket": "5min",
        "time_seconds": 300,
        "coordinates": "31.710055,34.988551",
        "nearest_building_dist_m": 83.07,
        "newly_covered_buildings": 3,
        "newly_covered_people_est": 21
      }
    },
    {
      "type": "Feature",
      "geometry": {
        "type": "Point",
        "coordinates": [
          34.98225589947332,
          31.70778720068629
        ]
      },
      "properties": {
        "rank": 142,
        "distance_metric": "euclidean",
        "placement_mode": "exact",
        "placement_semantics": "exact_point",
        "shelter_id": 1106,
        "candidate_source": "network_nodes",
        "time_bucket": "5min",
        "time_seconds": 300,
        "coordinates": "31.707787,34.982256",
        "nearest_building_dist_m": 50.27,
        "newly_covered_buildings": 3,
        "newly_covered_people_est": 21
      }
    },
    {
      "type": "Feature",
      "geometry": {
        "type": "Point",
        "coordinates": [
          34.96636289947403,
          31.710203600685066
        ]
      },
      "properties": {
        "rank": 143,
        "distance_metric": "euclidean",
        "placement_mode": "exact",
        "placement_semantics": "exact_point",
        "shelter_id": 1171,
        "candidate_source": "network_nodes",
        "time_bucket": "5min",
        "time_seconds": 300,
        "coordinates": "31.710204,34.966363",
        "nearest_building_dist_m": 70.74,
        "newly_covered_buildings": 3,
        "newly_covered_people_est": 21
      }
    },
    {
      "type": "Feature",
      "geometry": {
        "type": "Point",
        "coordinates": [
          34.96603499947414,
          31.711783300684875
        ]
      },
      "properties": {
        "rank": 144,
        "distance_metric": "euclidean",
        "placement_mode": "exact",
        "placement_semantics": "exact_point",
        "shelter_id": 1180,
        "candidate_source": "network_nodes",
        "time_bucket": "5min",
        "time_seconds": 300,
        "coordinates": "31.711783,34.966035",
        "nearest_building_dist_m": 70.85,
        "newly_covered_buildings": 3,
        "newly_covered_people_est": 21
      }
    },
    {
      "type": "Feature",
      "geometry": {
        "type": "Point",
        "coordinates": [
          34.964029399474256,
          31.712348400684686
        ]
      },
      "properties": {
        "rank": 145,
        "distance_metric": "euclidean",
        "placement_mode": "exact",
        "placement_semantics": "exact_point",
        "shelter_id": 1191,
        "candidate_source": "network_nodes",
        "time_bucket": "5min",
        "time_seconds": 300,
        "coordinates": "31.712348,34.964029",
        "nearest_building_dist_m": 61.27,
        "newly_covered_buildings": 3,
        "newly_covered_people_est": 21
      }
    },
    {
      "type": "Feature",
      "geometry": {
        "type": "Point",
        "coordinates": [
          34.9720638994733,
          31.70272650068619
        ]
      },
      "properties": {
        "rank": 146,
        "distance_metric": "euclidean",
        "placement_mode": "exact",
        "placement_semantics": "exact_point",
        "shelter_id": 1195,
        "candidate_source": "network_nodes",
        "time_bucket": "5min",
        "time_seconds": 300,
        "coordinates": "31.702727,34.972064",
        "nearest_building_dist_m": 72.37,
        "newly_covered_buildings": 3,
        "newly_covered_people_est": 21
      }
    },
    {
      "type": "Feature",
      "geometry": {
        "type": "Point",
        "coordinates": [
          34.994079699472515,
          31.70199700068762
        ]
      },
      "properties": {
        "rank": 147,
        "distance_metric": "euclidean",
        "placement_mode": "exact",
        "placement_semantics": "exact_point",
        "shelter_id": 1372,
        "candidate_source": "network_nodes",
        "time_bucket": "5min",
        "time_seconds": 300,
        "coordinates": "31.701997,34.994080",
        "nearest_building_dist_m": 43.16,
        "newly_covered_buildings": 3,
        "newly_covered_people_est": 21
      }
    },
    {
      "type": "Feature",
      "geometry": {
        "type": "Point",
        "coordinates": [
          34.99969157436432,
          31.71785765195513
        ]
      },
      "properties": {
        "rank": 148,
        "distance_metric": "euclidean",
        "placement_mode": "exact",
        "placement_semantics": "exact_point",
        "shelter_id": 1737,
        "candidate_source": "network_nodes",
        "time_bucket": "5min",
        "time_seconds": 300,
        "coordinates": "31.717858,34.999692",
        "nearest_building_dist_m": 14.96,
        "newly_covered_buildings": 3,
        "newly_covered_people_est": 21
      }
    },
    {
      "type": "Feature",
      "geometry": {
        "type": "Point",
        "coordinates": [
          34.98856833844481,
          31.75226325392333
        ]
      },
      "properties": {
        "rank": 149,
        "distance_metric": "euclidean",
        "placement_mode": "exact",
        "placement_semantics": "exact_point",
        "shelter_id": 6,
        "candidate_source": "buildings",
        "time_bucket": "5min",
        "time_seconds": 300,
        "coordinates": "31.752263,34.988568",
        "nearest_building_dist_m": 0.0,
        "newly_covered_buildings": 2,
        "newly_covered_people_est": 14
      }
    },
    {
      "type": "Feature",
      "geometry": {
        "type": "Point",
        "coordinates": [
          34.99416224550391,
          31.744379202667957
        ]
      },
      "properties": {
        "rank": 150,
        "distance_metric": "euclidean",
        "placement_mode": "exact",
        "placement_semantics": "exact_point",
        "shelter_id": 8,
        "candidate_source": "buildings",
        "time_bucket": "5min",
        "time_seconds": 300,
        "coordinates": "31.744379,34.994162",
        "nearest_building_dist_m": 0.0,
        "newly_covered_buildings": 2,
        "newly_covered_people_est": 14
      }
    },
    {
      "type": "Feature",
      "geometry": {
        "type": "Point",
        "coordinates": [
          34.98659128317619,
          31.74091887694046
        ]
      },
      "properties": {
        "rank": 151,
        "distance_metric": "euclidean",
        "placement_mode": "exact",
        "placement_semantics": "exact_point",
        "shelter_id": 22,
        "candidate_source": "buildings",
        "time_bucket": "5min",
        "time_seconds": 300,
        "coordinates": "31.740919,34.986591",
        "nearest_building_dist_m": 0.0,
        "newly_covered_buildings": 2,
        "newly_covered_people_est": 14
      }
    },
    {
      "type": "Feature",
      "geometry": {
        "type": "Point",
        "coordinates": [
          34.99133769314837,
          31.746736646055346
        ]
      },
      "properties": {
        "rank": 152,
        "distance_metric": "euclidean",
        "placement_mode": "exact",
        "placement_semantics": "exact_point",
        "shelter_id": 34,
        "candidate_source": "buildings",
        "time_bucket": "5min",
        "time_seconds": 300,
        "coordinates": "31.746737,34.991338",
        "nearest_building_dist_m": 0.0,
        "newly_covered_buildings": 2,
        "newly_covered_people_est": 14
      }
    },
    {
      "type": "Feature",
      "geometry": {
        "type": "Point",
        "coordinates": [
          34.98641744818282,
          31.754092988778893
        ]
      },
      "properties": {
        "rank": 153,
        "distance_metric": "euclidean",
        "placement_mode": "exact",
        "placement_semantics": "exact_point",
        "shelter_id": 49,
        "candidate_source": "buildings",
        "time_bucket": "5min",
        "time_seconds": 300,
        "coordinates": "31.754093,34.986417",
        "nearest_building_dist_m": 0.0,
        "newly_covered_buildings": 2,
        "newly_covered_people_est": 14
      }
    },
    {
      "type": "Feature",
      "geometry": {
        "type": "Point",
        "coordinates": [
          34.99331221653525,
          31.748382085747117
        ]
      },
      "properties": {
        "rank": 154,
        "distance_metric": "euclidean",
        "placement_mode": "exact",
        "placement_semantics": "exact_point",
        "shelter_id": 58,
        "candidate_source": "buildings",
        "time_bucket": "5min",
        "time_seconds": 300,
        "coordinates": "31.748382,34.993312",
        "nearest_building_dist_m": 0.0,
        "newly_covered_buildings": 2,
        "newly_covered_people_est": 14
      }
    },
    {
      "type": "Feature",
      "geometry": {
        "type": "Point",
        "coordinates": [
          34.9832937096877,
          31.70673598240248
        ]
      },
      "properties": {
        "rank": 155,
        "distance_metric": "euclidean",
        "placement_mode": "exact",
        "placement_semantics": "exact_point",
        "shelter_id": 61,
        "candidate_source": "buildings",
        "time_bucket": "5min",
        "time_seconds": 300,
        "coordinates": "31.706736,34.983294",
        "nearest_building_dist_m": 0.0,
        "newly_covered_buildings": 2,
        "newly_covered_people_est": 14
      }
    },
    {
      "type": "Feature",
      "geometry": {
        "type": "Point",
        "coordinates": [
          34.99689397502757,
          31.74037669431722
        ]
      },
      "properties": {
        "rank": 156,
        "distance_metric": "euclidean",
        "placement_mode": "exact",
        "placement_semantics": "exact_point",
        "shelter_id": 93,
        "candidate_source": "buildings",
        "time_bucket": "5min",
        "time_seconds": 300,
        "coordinates": "31.740377,34.996894",
        "nearest_building_dist_m": 0.0,
        "newly_covered_buildings": 2,
        "newly_covered_people_est": 14
      }
    },
    {
      "type": "Feature",
      "geometry": {
        "type": "Point",
        "coordinates": [
          34.98817572235537,
          31.70343926872466
        ]
      },
      "properties": {
        "rank": 157,
        "distance_metric": "euclidean",
        "placement_mode": "exact",
        "placement_semantics": "exact_point",
        "shelter_id": 104,
        "candidate_source": "buildings",
        "time_bucket": "5min",
        "time_seconds": 300,
        "coordinates": "31.703439,34.988176",
        "nearest_building_dist_m": 0.0,
        "newly_covered_buildings": 2,
        "newly_covered_people_est": 14
      }
    },
    {
      "type": "Feature",
      "geometry": {
        "type": "Point",
        "coordinates": [
          34.98374530378801,
          31.739880656700862
        ]
      },
      "properties": {
        "rank": 158,
        "distance_metric": "euclidean",
        "placement_mode": "exact",
        "placement_semantics": "exact_point",
        "shelter_id": 153,
        "candidate_source": "buildings",
        "time_bucket": "5min",
        "time_seconds": 300,
        "coordinates": "31.739881,34.983745",
        "nearest_building_dist_m": 0.0,
        "newly_covered_buildings": 2,
        "newly_covered_people_est": 14
      }
    },
    {
      "type": "Feature",
      "geometry": {
        "type": "Point",
        "coordinates": [
          34.98577129503432,
          31.75564134105978
        ]
      },
      "properties": {
        "rank": 159,
        "distance_metric": "euclidean",
        "placement_mode": "exact",
        "placement_semantics": "exact_point",
        "shelter_id": 178,
        "candidate_source": "buildings",
        "time_bucket": "5min",
        "time_seconds": 300,
        "coordinates": "31.755641,34.985771",
        "nearest_building_dist_m": 0.0,
        "newly_covered_buildings": 2,
        "newly_covered_people_est": 14
      }
    },
    {
      "type": "Feature",
      "geometry": {
        "type": "Point",
        "coordinates": [
          34.99414918656187,
          31.73689060918619
        ]
      },
      "properties": {
        "rank": 160,
        "distance_metric": "euclidean",
        "placement_mode": "exact",
        "placement_semantics": "exact_point",
        "shelter_id": 202,
        "candidate_source": "buildings",
        "time_bucket": "5min",
        "time_seconds": 300,
        "coordinates": "31.736891,34.994149",
        "nearest_building_dist_m": 0.0,
        "newly_covered_buildings": 2,
        "newly_covered_people_est": 14
      }
    },
    {
      "type": "Feature",
      "geometry": {
        "type": "Point",
        "coordinates": [
          34.99090543457097,
          31.73226905426956
        ]
      },
      "properties": {
        "rank": 161,
        "distance_metric": "euclidean",
        "placement_mode": "exact",
        "placement_semantics": "exact_point",
        "shelter_id": 249,
        "candidate_source": "buildings",
        "time_bucket": "5min",
        "time_seconds": 300,
        "coordinates": "31.732269,34.990905",
        "nearest_building_dist_m": 0.0,
        "newly_covered_buildings": 2,
        "newly_covered_people_est": 14
      }
    },
    {
      "type": "Feature",
      "geometry": {
        "type": "Point",
        "coordinates": [
          34.98496764672879,
          31.713164194710878
        ]
      },
      "properties": {
        "rank": 162,
        "distance_metric": "euclidean",
        "placement_mode": "exact",
        "placement_semantics": "exact_point",
        "shelter_id": 281,
        "candidate_source": "buildings",
        "time_bucket": "5min",
        "time_seconds": 300,
        "coordinates": "31.713164,34.984968",
        "nearest_building_dist_m": 0.0,
        "newly_covered_buildings": 2,
        "newly_covered_people_est": 14
      }
    },
    {
      "type": "Feature",
      "geometry": {
        "type": "Point",
        "coordinates": [
          34.99825354390696,
          31.73785160582628
        ]
      },
      "properties": {
        "rank": 163,
        "distance_metric": "euclidean",
        "placement_mode": "exact",
        "placement_semantics": "exact_point",
        "shelter_id": 286,
        "candidate_source": "buildings",
        "time_bucket": "5min",
        "time_seconds": 300,
        "coordinates": "31.737852,34.998254",
        "nearest_building_dist_m": 0.0,
        "newly_covered_buildings": 2,
        "newly_covered_people_est": 14
      }
    },
    {
      "type": "Feature",
      "geometry": {
        "type": "Point",
        "coordinates": [
          34.9922409727785,
          31.711807266239646
        ]
      },
      "properties": {
        "rank": 164,
        "distance_metric": "euclidean",
        "placement_mode": "exact",
        "placement_semantics": "exact_point",
        "shelter_id": 305,
        "candidate_source": "buildings",
        "time_bucket": "5min",
        "time_seconds": 300,
        "coordinates": "31.711807,34.992241",
        "nearest_building_dist_m": 0.0,
        "newly_covered_buildings": 2,
        "newly_covered_people_est": 14
      }
    },
    {
      "type": "Feature",
      "geometry": {
        "type": "Point",
        "coordinates": [
          34.97680522312165,
          31.73995085247578
        ]
      },
      "properties": {
        "rank": 165,
        "distance_metric": "euclidean",
        "placement_mode": "exact",
        "placement_semantics": "exact_point",
        "shelter_id": 395,
        "candidate_source": "buildings",
        "time_bucket": "5min",
        "time_seconds": 300,
        "coordinates": "31.739951,34.976805",
        "nearest_building_dist_m": 0.0,
        "newly_covered_buildings": 2,
        "newly_covered_people_est": 14
      }
    },
    {
      "type": "Feature",
      "geometry": {
        "type": "Point",
        "coordinates": [
          34.99892319909406,
          31.712852095769414
        ]
      },
      "properties": {
        "rank": 166,
        "distance_metric": "euclidean",
        "placement_mode": "exact",
        "placement_semantics": "exact_point",
        "shelter_id": 408,
        "candidate_source": "buildings",
        "time_bucket": "5min",
        "time_seconds": 300,
        "coordinates": "31.712852,34.998923",
        "nearest_building_dist_m": 0.0,
        "newly_covered_buildings": 2,
        "newly_covered_people_est": 14
      }
    },
    {
      "type": "Feature",
      "geometry": {
        "type": "Point",
        "coordinates": [
          34.99447362156817,
          31.717876770283695
        ]
      },
      "properties": {
        "rank": 167,
        "distance_metric": "euclidean",
        "placement_mode": "exact",
        "placement_semantics": "exact_point",
        "shelter_id": 430,
        "candidate_source": "buildings",
        "time_bucket": "5min",
        "time_seconds": 300,
        "coordinates": "31.717877,34.994474",
        "nearest_building_dist_m": 0.0,
        "newly_covered_buildings": 2,
        "newly_covered_people_est": 14
      }
    },
    {
      "type": "Feature",
      "geometry": {
        "type": "Point",
        "coordinates": [
          35.00139100061301,
          31.73876686695302
        ]
      },
      "properties": {
        "rank": 168,
        "distance_metric": "euclidean",
        "placement_mode": "exact",
        "placement_semantics": "exact_point",
        "shelter_id": 439,
        "candidate_source": "buildings",
        "time_bucket": "5min",
        "time_seconds": 300,
        "coordinates": "31.738767,35.001391",
        "nearest_building_dist_m": 0.0,
        "newly_covered_buildings": 2,
        "newly_covered_people_est": 14
      }
    },
    {
      "type": "Feature",
      "geometry": {
        "type": "Point",
        "coordinates": [
          34.984308846789695,
          31.748763218908373
        ]
      },
      "properties": {
        "rank": 169,
        "distance_metric": "euclidean",
        "placement_mode": "exact",
        "placement_semantics": "exact_point",
        "shelter_id": 514,
        "candidate_source": "buildings",
        "time_bucket": "5min",
        "time_seconds": 300,
        "coordinates": "31.748763,34.984309",
        "nearest_building_dist_m": 0.0,
        "newly_covered_buildings": 2,
        "newly_covered_people_est": 14
      }
    },
    {
      "type": "Feature",
      "geometry": {
        "type": "Point",
        "coordinates": [
          34.985402739217086,
          31.741431396167492
        ]
      },
      "properties": {
        "rank": 170,
        "distance_metric": "euclidean",
        "placement_mode": "exact",
        "placement_semantics": "exact_point",
        "shelter_id": 557,
        "candidate_source": "buildings",
        "time_bucket": "5min",
        "time_seconds": 300,
        "coordinates": "31.741431,34.985403",
        "nearest_building_dist_m": 0.0,
        "newly_covered_buildings": 2,
        "newly_covered_people_est": 14
      }
    },
    {
      "type": "Feature",
      "geometry": {
        "type": "Point",
        "coordinates": [
          34.99271647097948,
          31.7376497419993
        ]
      },
      "properties": {
        "rank": 171,
        "distance_metric": "euclidean",
        "placement_mode": "exact",
        "placement_semantics": "exact_point",
        "shelter_id": 596,
        "candidate_source": "buildings",
        "time_bucket": "5min",
        "time_seconds": 300,
        "coordinates": "31.737650,34.992716",
        "nearest_building_dist_m": 0.0,
        "newly_covered_buildings": 2,
        "newly_covered_people_est": 14
      }
    },
    {
      "type": "Feature",
      "geometry": {
        "type": "Point",
        "coordinates": [
          34.98890806983952,
          31.758149107537868
        ]
      },
      "properties": {
        "rank": 172,
        "distance_metric": "euclidean",
        "placement_mode": "exact",
        "placement_semantics": "exact_point",
        "shelter_id": 614,
        "candidate_source": "buildings",
        "time_bucket": "5min",
        "time_seconds": 300,
        "coordinates": "31.758149,34.988908",
        "nearest_building_dist_m": 0.0,
        "newly_covered_buildings": 2,
        "newly_covered_people_est": 14
      }
    },
    {
      "type": "Feature",
      "geometry": {
        "type": "Point",
        "coordinates": [
          34.98286446820781,
          31.70151104344961
        ]
      },
      "properties": {
        "rank": 173,
        "distance_metric": "euclidean",
        "placement_mode": "exact",
        "placement_semantics": "exact_point",
        "shelter_id": 724,
        "candidate_source": "buildings",
        "time_bucket": "5min",
        "time_seconds": 300,
        "coordinates": "31.701511,34.982864",
        "nearest_building_dist_m": 0.0,
        "newly_covered_buildings": 2,
        "newly_covered_people_est": 14
      }
    },
    {
      "type": "Feature",
      "geometry": {
        "type": "Point",
        "coordinates": [
          34.99879157986114,
          31.74514913549431
        ]
      },
      "properties": {
        "rank": 174,
        "distance_metric": "euclidean",
        "placement_mode": "exact",
        "placement_semantics": "exact_point",
        "shelter_id": 754,
        "candidate_source": "buildings",
        "time_bucket": "5min",
        "time_seconds": 300,
        "coordinates": "31.745149,34.998792",
        "nearest_building_dist_m": 0.0,
        "newly_covered_buildings": 2,
        "newly_covered_people_est": 14
      }
    },
    {
      "type": "Feature",
      "geometry": {
        "type": "Point",
        "coordinates": [
          34.99437451901276,
          31.713628571098795
        ]
      },
      "properties": {
        "rank": 175,
        "distance_metric": "euclidean",
        "placement_mode": "exact",
        "placement_semantics": "exact_point",
        "shelter_id": 757,
        "candidate_source": "buildings",
        "time_bucket": "5min",
        "time_seconds": 300,
        "coordinates": "31.713629,34.994375",
        "nearest_building_dist_m": 0.0,
        "newly_covered_buildings": 2,
        "newly_covered_people_est": 14
      }
    },
    {
      "type": "Feature",
      "geometry": {
        "type": "Point",
        "coordinates": [
          34.96897819947398,
          31.710803200685163
        ]
      },
      "properties": {
        "rank": 176,
        "distance_metric": "euclidean",
        "placement_mode": "exact",
        "placement_semantics": "exact_point",
        "shelter_id": 789,
        "candidate_source": "network_nodes",
        "time_bucket": "5min",
        "time_seconds": 300,
        "coordinates": "31.710803,34.968978",
        "nearest_building_dist_m": 59.56,
        "newly_covered_buildings": 2,
        "newly_covered_people_est": 14
      }
    },
    {
      "type": "Feature",
      "geometry": {
        "type": "Point",
        "coordinates": [
          34.998253299475564,
          31.746220700683242
        ]
      },
      "properties": {
        "rank": 177,
        "distance_metric": "euclidean",
        "placement_mode": "exact",
        "placement_semantics": "exact_point",
        "shelter_id": 807,
        "candidate_source": "network_nodes",
        "time_bucket": "5min",
        "time_seconds": 300,
        "coordinates": "31.746221,34.998253",
        "nearest_building_dist_m": 58.26,
        "newly_covered_buildings": 2,
        "newly_covered_people_est": 14
      }
    },
    {
      "type": "Feature",
      "geometry": {
        "type": "Point",
        "coordinates": [
          34.99598049947346,
          31.71603650068626
        ]
      },
      "properties": {
        "rank": 178,
        "distance_metric": "euclidean",
        "placement_mode": "exact",
        "placement_semantics": "exact_point",
        "shelter_id": 911,
        "candidate_source": "network_nodes",
        "time_bucket": "5min",
        "time_seconds": 300,
        "coordinates": "31.716037,34.995980",
        "nearest_building_dist_m": 66.46,
        "newly_covered_buildings": 2,
        "newly_covered_people_est": 14
      }
    },
    {
      "type": "Feature",
      "geometry": {
        "type": "Point",
        "coordinates": [
          34.976922599473326,
          31.705114400686245
        ]
      },
      "properties": {
        "rank": 179,
        "distance_metric": "euclidean",
        "placement_mode": "exact",
        "placement_semantics": "exact_point",
        "shelter_id": 972,
        "candidate_source": "network_nodes",
        "time_bucket": "5min",
        "time_seconds": 300,
        "coordinates": "31.705114,34.976923",
        "nearest_building_dist_m": 34.27,
        "newly_covered_buildings": 2,
        "newly_covered_people_est": 14
      }
    },
    {
      "type": "Feature",
      "geometry": {
        "type": "Point",
        "coordinates": [
          34.99134689947287,
          31.705611400687058
        ]
      },
      "properties": {
        "rank": 180,
        "distance_metric": "euclidean",
        "placement_mode": "exact",
        "placement_semantics": "exact_point",
        "shelter_id": 1033,
        "candidate_source": "network_nodes",
        "time_bucket": "5min",
        "time_seconds": 300,
        "coordinates": "31.705611,34.991347",
        "nearest_building_dist_m": 91.35,
        "newly_covered_buildings": 2,
        "newly_covered_people_est": 14
      }
    },
    {
      "type": "Feature",
      "geometry": {
        "type": "Point",
        "coordinates": [
          34.968610499473755,
          31.70753300068547
        ]
      },
      "properties": {
        "rank": 181,
        "distance_metric": "euclidean",
        "placement_mode": "exact",
        "placement_semantics": "exact_point",
        "shelter_id": 1169,
        "candidate_source": "network_nodes",
        "time_bucket": "5min",
        "time_seconds": 300,
        "coordinates": "31.707533,34.968610",
        "nearest_building_dist_m": 31.56,
        "newly_covered_buildings": 2,
        "newly_covered_people_est": 14
      }
    },
    {
      "type": "Feature",
      "geometry": {
        "type": "Point",
        "coordinates": [
          34.99510559947301,
          31.709389700686895
        ]
      },
      "properties": {
        "rank": 182,
        "distance_metric": "euclidean",
        "placement_mode": "exact",
        "placement_semantics": "exact_point",
        "shelter_id": 1231,
        "candidate_source": "network_nodes",
        "time_bucket": "5min",
        "time_seconds": 300,
        "coordinates": "31.709390,34.995106",
        "nearest_building_dist_m": 73.15,
        "newly_covered_buildings": 2,
        "newly_covered_people_est": 14
      }
    },
    {
      "type": "Feature",
      "geometry": {
        "type": "Point",
        "coordinates": [
          35.000327799473375,
          31.716786500686442
        ]
      },
      "properties": {
        "rank": 183,
        "distance_metric": "euclidean",
        "placement_mode": "exact",
        "placement_semantics": "exact_point",
        "shelter_id": 1336,
        "candidate_source": "network_nodes",
        "time_bucket": "5min",
        "time_seconds": 300,
        "coordinates": "31.716787,35.000328",
        "nearest_building_dist_m": 31.4,
        "newly_covered_buildings": 2,
        "newly_covered_people_est": 14
      }
    },
    {
      "type": "Feature",
      "geometry": {
        "type": "Point",
        "coordinates": [
          34.961011799474136,
          31.70935030068483
        ]
      },
      "properties": {
        "rank": 184,
        "distance_metric": "euclidean",
        "placement_mode": "exact",
        "placement_semantics": "exact_point",
        "shelter_id": 1410,
        "candidate_source": "network_nodes",
        "time_bucket": "5min",
        "time_seconds": 300,
        "coordinates": "31.709350,34.961012",
        "nearest_building_dist_m": 59.68,
        "newly_covered_buildings": 2,
        "newly_covered_people_est": 14
      }
    },
    {
      "type": "Feature",
      "geometry": {
        "type": "Point",
        "coordinates": [
          34.99113959620999,
          31.71708877779452
        ]
      },
      "properties": {
        "rank": 185,
        "distance_metric": "euclidean",
        "placement_mode": "exact",
        "placement_semantics": "exact_point",
        "shelter_id": 1619,
        "candidate_source": "network_nodes",
        "time_bucket": "5min",
        "time_seconds": 300,
        "coordinates": "31.717089,34.991140",
        "nearest_building_dist_m": 13.67,
        "newly_covered_buildings": 2,
        "newly_covered_people_est": 14
      }
    },
    {
      "type": "Feature",
      "geometry": {
        "type": "Point",
        "coordinates": [
          34.9794837728009,
          31.74114184816435
        ]
      },
      "properties": {
        "rank": 186,
        "distance_metric": "euclidean",
        "placement_mode": "exact",
        "placement_semantics": "exact_point",
        "shelter_id": 1660,
        "candidate_source": "network_nodes",
        "time_bucket": "5min",
        "time_seconds": 300,
        "coordinates": "31.741142,34.979484",
        "nearest_building_dist_m": 20.58,
        "newly_covered_buildings": 2,
        "newly_covered_people_est": 14
      }
    },
    {
      "type": "Feature",
      "geometry": {
        "type": "Point",
        "coordinates": [
          34.98882282544814,
          31.739420642148513
        ]
      },
      "properties": {
        "rank": 187,
        "distance_metric": "euclidean",
        "placement_mode": "exact",
        "placement_semantics": "exact_point",
        "shelter_id": 1730,
        "candidate_source": "network_nodes",
        "time_bucket": "5min",
        "time_seconds": 300,
        "coordinates": "31.739421,34.988823",
        "nearest_building_dist_m": 12.6,
        "newly_covered_buildings": 2,
        "newly_covered_people_est": 14
      }
    },
    {
      "type": "Feature",
      "geometry": {
        "type": "Point",
        "coordinates": [
          34.9887197864936,
          31.745880917751435
        ]
      },
      "properties": {
        "rank": 188,
        "distance_metric": "euclidean",
        "placement_mode": "exact",
        "placement_semantics": "exact_point",
        "shelter_id": 1733,
        "candidate_source": "network_nodes",
        "time_bucket": "5min",
        "time_seconds": 300,
        "coordinates": "31.745881,34.988720",
        "nearest_building_dist_m": 32.6,
        "newly_covered_buildings": 2,
        "newly_covered_people_est": 14
      }
    },
    {
      "type": "Feature",
      "geometry": {
        "type": "Point",
        "coordinates": [
          34.984309253445815,
          31.752843996758045
        ]
      },
      "properties": {
        "rank": 189,
        "distance_metric": "euclidean",
        "placement_mode": "exact",
        "placement_semantics": "exact_point",
        "shelter_id": 5,
        "candidate_source": "buildings",
        "time_bucket": "5min",
        "time_seconds": 300,
        "coordinates": "31.752844,34.984309",
        "nearest_building_dist_m": 0.0,
        "newly_covered_buildings": 1,
        "newly_covered_people_est": 7
      }
    },
    {
      "type": "Feature",
      "geometry": {
        "type": "Point",
        "coordinates": [
          34.982673892554324,
          31.71506172763917
        ]
      },
      "properties": {
        "rank": 190,
        "distance_metric": "euclidean",
        "placement_mode": "exact",
        "placement_semantics": "exact_point",
        "shelter_id": 9,
        "candidate_source": "buildings",
        "time_bucket": "5min",
        "time_seconds": 300,
        "coordinates": "31.715062,34.982674",
        "nearest_building_dist_m": 0.0,
        "newly_covered_buildings": 1,
        "newly_covered_people_est": 7
      }
    },
    {
      "type": "Feature",
      "geometry": {
        "type": "Point",
        "coordinates": [
          34.99248408570466,
          31.753666852429493
        ]
      },
      "properties": {
        "rank": 191,
        "distance_metric": "euclidean",
        "placement_mode": "exact",
        "placement_semantics": "exact_point",
        "shelter_id": 16,
        "candidate_source": "buildings",
        "time_bucket": "5min",
        "time_seconds": 300,
        "coordinates": "31.753667,34.992484",
        "nearest_building_dist_m": 0.0,
        "newly_covered_buildings": 1,
        "newly_covered_people_est": 7
      }
    },
    {
      "type": "Feature",
      "geometry": {
        "type": "Point",
        "coordinates": [
          34.99975041346961,
          31.706124698151697
        ]
      },
      "properties": {
        "rank": 192,
        "distance_metric": "euclidean",
        "placement_mode": "exact",
        "placement_semantics": "exact_point",
        "shelter_id": 38,
        "candidate_source": "buildings",
        "time_bucket": "5min",
        "time_seconds": 300,
        "coordinates": "31.706125,34.999750",
        "nearest_building_dist_m": 0.0,
        "newly_covered_buildings": 1,
        "newly_covered_people_est": 7
      }
    },
    {
      "type": "Feature",
      "geometry": {
        "type": "Point",
        "coordinates": [
          34.97917621026046,
          31.704189923495875
        ]
      },
      "properties": {
        "rank": 193,
        "distance_metric": "euclidean",
        "placement_mode": "exact",
        "placement_semantics": "exact_point",
        "shelter_id": 43,
        "candidate_source": "buildings",
        "time_bucket": "5min",
        "time_seconds": 300,
        "coordinates": "31.704190,34.979176",
        "nearest_building_dist_m": 0.0,
        "newly_covered_buildings": 1,
        "newly_covered_people_est": 7
      }
    },
    {
      "type": "Feature",
      "geometry": {
        "type": "Point",
        "coordinates": [
          34.98610904740895,
          31.70421067763066
        ]
      },
      "properties": {
        "rank": 194,
        "distance_metric": "euclidean",
        "placement_mode": "exact",
        "placement_semantics": "exact_point",
        "shelter_id": 62,
        "candidate_source": "buildings",
        "time_bucket": "5min",
        "time_seconds": 300,
        "coordinates": "31.704211,34.986109",
        "nearest_building_dist_m": 0.0,
        "newly_covered_buildings": 1,
        "newly_covered_people_est": 7
      }
    },
    {
      "type": "Feature",
      "geometry": {
        "type": "Point",
        "coordinates": [
          34.98853061290018,
          31.717000050961072
        ]
      },
      "properties": {
        "rank": 195,
        "distance_metric": "euclidean",
        "placement_mode": "exact",
        "placement_semantics": "exact_point",
        "shelter_id": 64,
        "candidate_source": "buildings",
        "time_bucket": "5min",
        "time_seconds": 300,
        "coordinates": "31.717000,34.988531",
        "nearest_building_dist_m": 0.0,
        "newly_covered_buildings": 1,
        "newly_covered_people_est": 7
      }
    },
    {
      "type": "Feature",
      "geometry": {
        "type": "Point",
        "coordinates": [
          34.99788691757954,
          31.743202720568124
        ]
      },
      "properties": {
        "rank": 196,
        "distance_metric": "euclidean",
        "placement_mode": "exact",
        "placement_semantics": "exact_point",
        "shelter_id": 90,
        "candidate_source": "buildings",
        "time_bucket": "5min",
        "time_seconds": 300,
        "coordinates": "31.743203,34.997887",
        "nearest_building_dist_m": 0.0,
        "newly_covered_buildings": 1,
        "newly_covered_people_est": 7
      }
    },
    {
      "type": "Feature",
      "geometry": {
        "type": "Point",
        "coordinates": [
          34.99086430743614,
          31.70372891917499
        ]
      },
      "properties": {
        "rank": 197,
        "distance_metric": "euclidean",
        "placement_mode": "exact",
        "placement_semantics": "exact_point",
        "shelter_id": 106,
        "candidate_source": "buildings",
        "time_bucket": "5min",
        "time_seconds": 300,
        "coordinates": "31.703729,34.990864",
        "nearest_building_dist_m": 0.0,
        "newly_covered_buildings": 1,
        "newly_covered_people_est": 7
      }
    },
    {
      "type": "Feature",
      "geometry": {
        "type": "Point",
        "coordinates": [
          34.98160327320577,
          31.702569134091785
        ]
      },
      "properties": {
        "rank": 198,
        "distance_metric": "euclidean",
        "placement_mode": "exact",
        "placement_semantics": "exact_point",
        "shelter_id": 109,
        "candidate_source": "buildings",
        "time_bucket": "5min",
        "time_seconds": 300,
        "coordinates": "31.702569,34.981603",
        "nearest_building_dist_m": 0.0,
        "newly_covered_buildings": 1,
        "newly_covered_people_est": 7
      }
    },
    {
      "type": "Feature",
      "geometry": {
        "type": "Point",
        "coordinates": [
          34.988785834199945,
          31.751216292378064
        ]
      },
      "properties": {
        "rank": 199,
        "distance_metric": "euclidean",
        "placement_mode": "exact",
        "placement_semantics": "exact_point",
        "shelter_id": 121,
        "candidate_source": "buildings",
        "time_bucket": "5min",
        "time_seconds": 300,
        "coordinates": "31.751216,34.988786",
        "nearest_building_dist_m": 0.0,
        "newly_covered_buildings": 1,
        "newly_covered_people_est": 7
      }
    },
    {
      "type": "Feature",
      "geometry": {
        "type": "Point",
        "coordinates": [
          34.99705893633406,
          31.709599152883868
        ]
      },
      "properties": {
        "rank": 200,
        "distance_metric": "euclidean",
        "placement_mode": "exact",
        "placement_semantics": "exact_point",
        "shelter_id": 123,
        "candidate_source": "buildings",
        "time_bucket": "5min",
        "time_seconds": 300,
        "coordinates": "31.709599,34.997059",
        "nearest_building_dist_m": 0.0,
        "newly_covered_buildings": 1,
        "newly_covered_people_est": 7
      }
    }
  ]
}