{
  "type": "FeatureCollection",
  "features": [
    {
      "type": "Feature",
      "geometry": {
        "type": "Point",
        "coordinates": [
          34.97427569947298,
          31.69947060068668
        ]
      },
      "properties": {
        "rank": 1,
        "distance_metric": "euclidean",
        "placement_mode": "exact",
        "placement_semantics": "exact_point",
        "shelter_id": 3795,
        "candidate_source": "network_nodes",
        "time_bucket": "5min",
        "time_seconds": 300,
        "coordinates": "31.699471,34.974276",
        "nearest_building_dist_m": 28.08,
        "newly_covered_buildings": 10,
        "newly_covered_people_est": 70
      }
    },
    {
      "type": "Feature",
      "geometry": {
        "type": "Point",
        "coordinates": [
          34.97591994613113,
          31.69720846337754
        ]
      },
      "properties": {
        "rank": 2,
        "distance_metric": "euclidean",
        "placement_mode": "exact",
        "placement_semantics": "exact_point",
        "shelter_id": 2215,
        "candidate_source": "buildings",
        "time_bucket": "5min",
        "time_seconds": 300,
        "coordinates": "31.697208,34.975920",
        "nearest_building_dist_m": 0.0,
        "newly_covered_buildings": 9,
        "newly_covered_people_est": 63
      }
    },
    {
      "type": "Feature",
      "geometry": {
        "type": "Point",
        "coordinates": [
          34.96686324346084,
          31.702002103545226
        ]
      },
      "properties": {
        "rank": 3,
        "distance_metric": "euclidean",
        "placement_mode": "exact",
        "placement_semantics": "exact_point",
        "shelter_id": 2172,
        "candidate_source": "buildings",
        "time_bucket": "5min",
        "time_seconds": 300,
        "coordinates": "31.702002,34.966863",
        "nearest_building_dist_m": 0.0,
        "newly_covered_buildings": 7,
        "newly_covered_people_est": 49
      }
    },
    {
      "type": "Feature",
      "geometry": {
        "type": "Point",
        "coordinates": [
          34.98216248184926,
          31.720511897531548
        ]
      },
      "properties": {
        "rank": 4,
        "distance_metric": "euclidean",
        "placement_mode": "exact",
        "placement_semantics": "exact_point",
        "shelter_id": 301,
        "candidate_source": "buildings",
        "time_bucket": "5min",
        "time_seconds": 300,
        "coordinates": "31.720512,34.982162",
        "nearest_building_dist_m": 0.0,
        "newly_covered_buildings": 6,
        "newly_covered_people_est": 42
      }
    },
    {
      "type": "Feature",
      "geometry": {
        "type": "Point",
        "coordinates": [
          34.98942304760682,
          31.73292715199091
        ]
      },
      "properties": {
        "rank": 5,
        "distance_metric": "euclidean",
        "placement_mode": "exact",
        "placement_semantics": "exact_point",
        "shelter_id": 1456,
        "candidate_source": "buildings",
        "time_bucket": "5min",
        "time_seconds": 300,
        "coordinates": "31.732927,34.989423",
        "nearest_building_dist_m": 0.0,
        "newly_covered_buildings": 3,
        "newly_covered_people_est": 21
      }
    },
    {
      "type": "Feature",
      "geometry": {
        "type": "Point",
        "coordinates": [
          34.986632401125895,
          31.736205626947108
        ]
      },
      "properties": {
        "rank": 6,
        "distance_metric": "euclidean",
        "placement_mode": "exact",
        "placement_semantics": "exact_point",
        "shelter_id": 7013,
        "candidate_source": "network_nodes",
        "time_bucket": "5min",
        "time_seconds": 300,
        "coordinates": "31.736206,34.986632",
        "nearest_building_dist_m": 25.48,
        "newly_covered_buildings": 7,
        "newly_covered_people_est": 49
      }
    },
    {
      "type": "Feature",
      "geometry": {
        "type": "Point",
        "coordinates": [
          34.96277312046914,
          31.713852336194435
        ]
      },
      "properties": {
        "rank": 7,
        "distance_metric": "euclidean",
        "placement_mode": "exact",
        "placement_semantics": "exact_point",
        "shelter_id": 918,
        "candidate_source": "buildings",
        "time_bucket": "5min",
        "time_seconds": 300,
        "coordinates": "31.713852,34.962773",
        "nearest_building_dist_m": 0.0,
        "newly_covered_buildings": 7,
        "newly_covered_people_est": 49
      }
    },
    {
      "type": "Feature",
      "geometry": {
        "type": "Point",
        "coordinates": [
          34.97079727226901,
          31.70010068124382
        ]
      },
      "properties": {
        "rank": 8,
        "distance_metric": "euclidean",
        "placement_mode": "exact",
        "placement_semantics": "exact_point",
        "shelter_id": 260,
        "candidate_source": "buildings",
        "time_bucket": "5min",
        "time_seconds": 300,
        "coordinates": "31.700101,34.970797",
        "nearest_building_dist_m": 0.0,
        "newly_covered_buildings": 9,
        "newly_covered_people_est": 63
      }
    },
    {
      "type": "Feature",
      "geometry": {
        "type": "Point",
        "coordinates": [
          34.96634709947426,
          31.713490100684723
        ]
      },
      "properties": {
        "rank": 9,
        "distance_metric": "euclidean",
        "placement_mode": "exact",
        "placement_semantics": "exact_point",
        "shelter_id": 3862,
        "candidate_source": "network_nodes",
        "time_bucket": "5min",
        "time_seconds": 300,
        "coordinates": "31.713490,34.966347",
        "nearest_building_dist_m": 16.85,
        "newly_covered_buildings": 8,
        "newly_covered_people_est": 56
      }
    },
    {
      "type": "Feature",
      "geometry": {
        "type": "Point",
        "coordinates": [
          34.973917359779634,
          31.703111554547014
        ]
      },
      "properties": {
        "rank": 10,
        "distance_metric": "euclidean",
        "placement_mode": "exact",
        "placement_semantics": "exact_point",
        "shelter_id": 327,
        "candidate_source": "buildings",
        "time_bucket": "5min",
        "time_seconds": 300,
        "coordinates": "31.703112,34.973917",
        "nearest_building_dist_m": 0.0,
        "newly_covered_buildings": 7,
        "newly_covered_people_est": 49
      }
    },
    {
      "type": "Feature",
      "geometry": {
        "type": "Point",
        "coordinates": [
          34.98881509947339,
          31.711607500686277
        ]
      },
      "properties": {
        "rank": 11,
        "distance_metric": "euclidean",
        "placement_mode": "exact",
        "placement_semantics": "exact_point",
        "shelter_id": 4306,
        "candidate_source": "network_nodes",
        "time_bucket": "5min",
        "time_seconds": 300,
        "coordinates": "31.711608,34.988815",
        "nearest_building_dist_m": 30.89,
        "newly_covered_buildings": 6,
        "newly_covered_people_est": 42
      }
    },
    {
      "type": "Feature",
      "geometry": {
        "type": "Point",
        "coordinates": [
          34.96533361020572,
          31.707098478191682
        ]
      },
      "properties": {
        "rank": 12,
        "distance_metric": "euclidean",
        "placement_mode": "exact",
        "placement_semantics": "exact_point",
        "shelter_id": 2081,
        "candidate_source": "buildings",
        "time_bucket": "5min",
        "time_seconds": 300,
        "coordinates": "31.707098,34.965334",
        "nearest_building_dist_m": 0.0,
        "newly_covered_buildings": 7,
        "newly_covered_people_est": 49
      }
    },
    {
      "type": "Feature",
      "geometry": {
        "type": "Point",
        "coordinates": [
          34.996089716937924,
          31.72591557448442
        ]
      },
      "properties": {
        "rank": 13,
        "distance_metric": "euclidean",
        "placement_mode": "exact",
        "placement_semantics": "exact_point",
        "shelter_id": 6214,
        "candidate_source": "network_nodes",
        "time_bucket": "5min",
        "time_seconds": 300,
        "coordinates": "31.725916,34.996090",
        "nearest_building_dist_m": 25.46,
        "newly_covered_buildings": 3,
        "newly_covered_people_est": 21
      }
    },
    {
      "type": "Feature",
      "geometry": {
        "type": "Point",
        "coordinates": [
          34.982865077057305,
          31.736956271908166
        ]
      },
      "properties": {
        "rank": 14,
        "distance_metric": "euclidean",
        "placement_mode": "exact",
        "placement_semantics": "exact_point",
        "shelter_id": 901,
        "candidate_source": "buildings",
        "time_bucket": "5min",
        "time_seconds": 300,
        "coordinates": "31.736956,34.982865",
        "nearest_building_dist_m": 0.0,
        "newly_covered_buildings": 30,
        "newly_covered_people_est": 210
      }
    },
    {
      "type": "Feature",
      "geometry": {
        "type": "Point",
        "coordinates": [
          34.96906729947373,
          31.707264100685535
        ]
      },
      "properties": {
        "rank": 15,
        "distance_metric": "euclidean",
        "placement_mode": "exact",
        "placement_semantics": "exact_point",
        "shelter_id": 5039,
        "candidate_source": "network_nodes",
        "time_bucket": "5min",
        "time_seconds": 300,
        "coordinates": "31.707264,34.969067",
        "nearest_building_dist_m": 50.22,
        "newly_covered_buildings": 4,
        "newly_covered_people_est": 28
      }
    },
    {
      "type": "Feature",
      "geometry": {
        "type": "Point",
        "coordinates": [
          34.97241769956785,
          31.701589426420686
        ]
      },
      "properties": {
        "rank": 16,
        "distance_metric": "euclidean",
        "placement_mode": "exact",
        "placement_semantics": "exact_point",
        "shelter_id": 2192,
        "candidate_source": "buildings",
        "time_bucket": "5min",
        "time_seconds": 300,
        "coordinates": "31.701589,34.972418",
        "nearest_building_dist_m": 0.0,
        "newly_covered_buildings": 8,
        "newly_covered_people_est": 56
      }
    },
    {
      "type": "Feature",
      "geometry": {
        "type": "Point",
        "coordinates": [
          34.965123999473974,
          31.708867400685126
        ]
      },
      "properties": {
        "rank": 17,
        "distance_metric": "euclidean",
        "placement_mode": "exact",
        "placement_semantics": "exact_point",
        "shelter_id": 3871,
        "candidate_source": "network_nodes",
        "time_bucket": "5min",
        "time_seconds": 300,
        "coordinates": "31.708867,34.965124",
        "nearest_building_dist_m": 43.69,
        "newly_covered_buildings": 5,
        "newly_covered_people_est": 35
      }
    },
    {
      "type": "Feature",
      "geometry": {
        "type": "Point",
        "coordinates": [
          34.96913844813294,
          31.701121449544743
        ]
      },
      "properties": {
        "rank": 18,
        "distance_metric": "euclidean",
        "placement_mode": "exact",
        "placement_semantics": "exact_point",
        "shelter_id": 2239,
        "candidate_source": "buildings",
        "time_bucket": "5min",
        "time_seconds": 300,
        "coordinates": "31.701121,34.969138",
        "nearest_building_dist_m": 0.0,
        "newly_covered_buildings": 8,
        "newly_covered_people_est": 56
      }
    },
    {
      "type": "Feature",
      "geometry": {
        "type": "Point",
        "coordinates": [
          34.980017999473255,
          31.705939200686338
        ]
      },
      "properties": {
        "rank": 19,
        "distance_metric": "euclidean",
        "placement_mode": "exact",
        "placement_semantics": "exact_point",
        "shelter_id": 4136,
        "candidate_source": "network_nodes",
        "time_bucket": "5min",
        "time_seconds": 300,
        "coordinates": "31.705939,34.980018",
        "nearest_building_dist_m": 55.03,
        "newly_covered_buildings": 4,
        "newly_covered_people_est": 28
      }
    },
    {
      "type": "Feature",
      "geometry": {
        "type": "Point",
        "coordinates": [
          34.97416687372742,
          31.69826607242358
        ]
      },
      "properties": {
        "rank": 20,
        "distance_metric": "euclidean",
        "placement_mode": "exact",
        "placement_semantics": "exact_point",
        "shelter_id": 2209,
        "candidate_source": "buildings",
        "time_bucket": "5min",
        "time_seconds": 300,
        "coordinates": "31.698266,34.974167",
        "nearest_building_dist_m": 0.0,
        "newly_covered_buildings": 4,
        "newly_covered_people_est": 28
      }
    },
    {
      "type": "Feature",
      "geometry": {
        "type": "Point",
        "coordinates": [
          34.9767562201318,
          31.697349589729953
        ]
      },
      "properties": {
        "rank": 21,
        "distance_metric": "euclidean",
        "placement_mode": "exact",
        "placement_semantics": "exact_point",
        "shelter_id": 2217,
        "candidate_source": "buildings",
        "time_bucket": "5min",
        "time_seconds": 300,
        "coordinates": "31.697350,34.976756",
        "nearest_building_dist_m": 0.0,
        "newly_covered_buildings": 2,
        "newly_covered_people_est": 14
      }
    },
    {
      "type": "Feature",
      "geometry": {
        "type": "Point",
        "coordinates": [
          34.96572161314732,
          31.712084056057705
        ]
      },
      "properties": {
        "rank": 22,
        "distance_metric": "euclidean",
        "placement_mode": "exact",
        "placement_semantics": "exact_point",
        "shelter_id": 2060,
        "candidate_source": "buildings",
        "time_bucket": "5min",
        "time_seconds": 300,
        "coordinates": "31.712084,34.965722",
        "nearest_building_dist_m": 0.0,
        "newly_covered_buildings": 3,
        "newly_covered_people_est": 21
      }
    },
    {
      "type": "Feature",
      "geometry": {
        "type": "Point",
        "coordinates": [
          34.98487467707965,
          31.719992041231738
        ]
      },
      "properties": {
        "rank": 23,
        "distance_metric": "euclidean",
        "placement_mode": "exact",
        "placement_semantics": "exact_point",
        "shelter_id": 298,
        "candidate_source": "buildings",
        "time_bucket": "5min",
        "time_seconds": 300,
        "coordinates": "31.719992,34.984875",
        "nearest_building_dist_m": 0.0,
        "newly_covered_buildings": 2,
        "newly_covered_people_est": 14
      }
    },
    {
      "type": "Feature",
      "geometry": {
        "type": "Point",
        "coordinates": [
          34.993056627883604,
          31.726393855650432
        ]
      },
      "properties": {
        "rank": 24,
        "distance_metric": "euclidean",
        "placement_mode": "exact",
        "placement_semantics": "exact_point",
        "shelter_id": 584,
        "candidate_source": "buildings",
        "time_bucket": "5min",
        "time_seconds": 300,
        "coordinates": "31.726394,34.993057",
        "nearest_building_dist_m": 0.0,
        "newly_covered_buildings": 1,
        "newly_covered_people_est": 7
      }
    },
    {
      "type": "Feature",
      "geometry": {
        "type": "Point",
        "coordinates": [
          34.96949284831496,
          31.708326024336323
        ]
      },
      "properties": {
        "rank": 25,
        "distance_metric": "euclidean",
        "placement_mode": "exact",
        "placement_semantics": "exact_point",
        "shelter_id": 2042,
        "candidate_source": "buildings",
        "time_bucket": "5min",
        "time_seconds": 300,
        "coordinates": "31.708326,34.969493",
        "nearest_building_dist_m": 0.0,
        "newly_covered_buildings": 2,
        "newly_covered_people_est": 14
      }
    },
    {
      "type": "Feature",
      "geometry": {
        "type": "Point",
        "coordinates": [
          34.98371639947374,
          31.714339800685686
        ]
      },
      "properties": {
        "rank": 26,
        "distance_metric": "euclidean",
        "placement_mode": "exact",
        "placement_semantics": "exact_point",
        "shelter_id": 2981,
        "candidate_source": "network_nodes",
        "time_bucket": "5min",
        "time_seconds": 300,
        "coordinates": "31.714340,34.983716",
        "nearest_building_dist_m": 21.95,
        "newly_covered_buildings": 10,
        "newly_covered_people_est": 70
      }
    },
    {
      "type": "Feature",
      "geometry": {
        "type": "Point",
        "coordinates": [
          34.980933076907775,
          31.704208170190842
        ]
      },
      "properties": {
        "rank": 27,
        "distance_metric": "euclidean",
        "placement_mode": "exact",
        "placement_semantics": "exact_point",
        "shelter_id": 586,
        "candidate_source": "buildings",
        "time_bucket": "5min",
        "time_seconds": 300,
        "coordinates": "31.704208,34.980933",
        "nearest_building_dist_m": 0.0,
        "newly_covered_buildings": 2,
        "newly_covered_people_est": 14
      }
    },
    {
      "type": "Feature",
      "geometry": {
        "type": "Point",
        "coordinates": [
          34.968599648023854,
          31.71159127633981
        ]
      },
      "properties": {
        "rank": 28,
        "distance_metric": "euclidean",
        "placement_mode": "exact",
        "placement_semantics": "exact_point",
        "shelter_id": 2072,
        "candidate_source": "buildings",
        "time_bucket": "5min",
        "time_seconds": 300,
        "coordinates": "31.711591,34.968600",
        "nearest_building_dist_m": 0.0,
        "newly_covered_buildings": 2,
        "newly_covered_people_est": 14
      }
    },
    {
      "type": "Feature",
      "geometry": {
        "type": "Point",
        "coordinates": [
          34.982195716767365,
          31.715635937503432
        ]
      },
      "properties": {
        "rank": 29,
        "distance_metric": "euclidean",
        "placement_mode": "exact",
        "placement_semantics": "exact_point",
        "shelter_id": 1358,
        "candidate_source": "buildings",
        "time_bucket": "5min",
        "time_seconds": 300,
        "coordinates": "31.715636,34.982196",
        "nearest_building_dist_m": 0.0,
        "newly_covered_buildings": 12,
        "newly_covered_people_est": 84
      }
    },
    {
      "type": "Feature",
      "geometry": {
        "type": "Point",
        "coordinates": [
          34.9663858154713,
          31.709758423991893
        ]
      },
      "properties": {
        "rank": 30,
        "distance_metric": "euclidean",
        "placement_mode": "exact",
        "placement_semantics": "exact_point",
        "shelter_id": 2075,
        "candidate_source": "buildings",
        "time_bucket": "5min",
        "time_seconds": 300,
        "coordinates": "31.709758,34.966386",
        "nearest_building_dist_m": 0.0,
        "newly_covered_buildings": 2,
        "newly_covered_people_est": 14
      }
    },
    {
      "type": "Feature",
      "geometry": {
        "type": "Point",
        "coordinates": [
          34.99063159947372,
          31.71712950068582
        ]
      },
      "properties": {
        "rank": 31,
        "distance_metric": "euclidean",
        "placement_mode": "exact",
        "placement_semantics": "exact_point",
        "shelter_id": 3552,
        "candidate_source": "network_nodes",
        "time_bucket": "5min",
        "time_seconds": 300,
        "coordinates": "31.717130,34.990632",
        "nearest_building_dist_m": 21.92,
        "newly_covered_buildings": 7,
        "newly_covered_people_est": 49
      }
    },
    {
      "type": "Feature",
      "geometry": {
        "type": "Point",
        "coordinates": [
          34.97476370591384,
          31.70520369644362
        ]
      },
      "properties": {
        "rank": 32,
        "distance_metric": "euclidean",
        "placement_mode": "exact",
        "placement_semantics": "exact_point",
        "shelter_id": 321,
        "candidate_source": "buildings",
        "time_bucket": "5min",
        "time_seconds": 300,
        "coordinates": "31.705204,34.974764",
        "nearest_building_dist_m": 0.0,
        "newly_covered_buildings": 3,
        "newly_covered_people_est": 21
      }
    },
    {
      "type": "Feature",
      "geometry": {
        "type": "Point",
        "coordinates": [
          35.00087369947335,
          31.716581700686504
        ]
      },
      "properties": {
        "rank": 33,
        "distance_metric": "euclidean",
        "placement_mode": "exact",
        "placement_semantics": "exact_point",
        "shelter_id": 4592,
        "candidate_source": "network_nodes",
        "time_bucket": "5min",
        "time_seconds": 300,
        "coordinates": "31.716582,35.000874",
        "nearest_building_dist_m": 27.58,
        "newly_covered_buildings": 15,
        "newly_covered_people_est": 105
      }
    },
    {
      "type": "Feature",
      "geometry": {
        "type": "Point",
        "coordinates": [
          35.00167247054951,
          31.709496125968727
        ]
      },
      "properties": {
        "rank": 34,
        "distance_metric": "euclidean",
        "placement_mode": "exact",
        "placement_semantics": "exact_point",
        "shelter_id": 846,
        "candidate_source": "buildings",
        "time_bucket": "5min",
        "time_seconds": 300,
        "coordinates": "31.709496,35.001672",
        "nearest_building_dist_m": 0.0,
        "newly_covered_buildings": 10,
        "newly_covered_people_est": 70
      }
    },
    {
      "type": "Feature",
      "geometry": {
        "type": "Point",
        "coordinates": [
          34.985872199474,
          31.718724100685343
        ]
      },
      "properties": {
        "rank": 35,
        "distance_metric": "euclidean",
        "placement_mode": "exact",
        "placement_semantics": "exact_point",
        "shelter_id": 4651,
        "candidate_source": "network_nodes",
        "time_bucket": "5min",
        "time_seconds": 300,
        "coordinates": "31.718724,34.985872",
        "nearest_building_dist_m": 32.25,
        "newly_covered_buildings": 3,
        "newly_covered_people_est": 21
      }
    },
    {
      "type": "Feature",
      "geometry": {
        "type": "Point",
        "coordinates": [
          34.97675809153643,
          31.704839227077006
        ]
      },
      "properties": {
        "rank": 36,
        "distance_metric": "euclidean",
        "placement_mode": "exact",
        "placement_semantics": "exact_point",
        "shelter_id": 215,
        "candidate_source": "buildings",
        "time_bucket": "5min",
        "time_seconds": 300,
        "coordinates": "31.704839,34.976758",
        "nearest_building_dist_m": 0.0,
        "newly_covered_buildings": 5,
        "newly_covered_people_est": 35
      }
    },
    {
      "type": "Feature",
      "geometry": {
        "type": "Point",
        "coordinates": [
          34.99025332508999,
          31.7349314732613
        ]
      },
      "properties": {
        "rank": 37,
        "distance_metric": "euclidean",
        "placement_mode": "exact",
        "placement_semantics": "exact_point",
        "shelter_id": 71,
        "candidate_source": "buildings",
        "time_bucket": "5min",
        "time_seconds": 300,
        "coordinates": "31.734931,34.990253",
        "nearest_building_dist_m": 0.0,
        "newly_covered_buildings": 2,
        "newly_covered_people_est": 14
      }
    },
    {
      "type": "Feature",
      "geometry": {
        "type": "Point",
        "coordinates": [
          34.98048487943707,
          31.700741832074954
        ]
      },
      "properties": {
        "rank": 38,
        "distance_metric": "euclidean",
        "placement_mode": "exact",
        "placement_semantics": "exact_point",
        "shelter_id": 1995,
        "candidate_source": "buildings",
        "time_bucket": "5min",
        "time_seconds": 300,
        "coordinates": "31.700742,34.980485",
        "nearest_building_dist_m": 0.0,
        "newly_covered_buildings": 4,
        "newly_covered_people_est": 28
      }
    },
    {
      "type": "Feature",
      "geometry": {
        "type": "Point",
        "coordinates": [
          34.979638887963624,
          31.721459074606898
        ]
      },
      "properties": {
        "rank": 39,
        "distance_metric": "euclidean",
        "placement_mode": "exact",
        "placement_semantics": "exact_point",
        "shelter_id": 731,
        "candidate_source": "buildings",
        "time_bucket": "5min",
        "time_seconds": 300,
        "coordinates": "31.721459,34.979639",
        "nearest_building_dist_m": 0.0,
        "newly_covered_buildings": 5,
        "newly_covered_people_est": 35
      }
    },
    {
      "type": "Feature",
      "geometry": {
        "type": "Point",
        "coordinates": [
          34.99690391939907,
          31.747402616100896
        ]
      },
      "properties": {
        "rank": 40,
        "distance_metric": "euclidean",
        "placement_mode": "exact",
        "placement_semantics": "exact_point",
        "shelter_id": 407,
        "candidate_source": "buildings",
        "time_bucket": "5min",
        "time_seconds": 300,
        "coordinates": "31.747403,34.996904",
        "nearest_building_dist_m": 0.0,
        "newly_covered_buildings": 3,
        "newly_covered_people_est": 21
      }
    },
    {
      "type": "Feature",
      "geometry": {
        "type": "Point",
        "coordinates": [
          34.962774727679395,
          31.71345938448204
        ]
      },
      "properties": {
        "rank": 41,
        "distance_metric": "euclidean",
        "placement_mode": "exact",
        "placement_semantics": "exact_point",
        "shelter_id": 920,
        "candidate_source": "buildings",
        "time_bucket": "5min",
        "time_seconds": 300,
        "coordinates": "31.713459,34.962775",
        "nearest_building_dist_m": 0.0,
        "newly_covered_buildings": 1,
        "newly_covered_people_est": 7
      }
    },
    {
      "type": "Feature",
      "geometry": {
        "type": "Point",
        "coordinates": [
          34.99921400502881,
          31.71706971319479
        ]
      },
      "properties": {
        "rank": 42,
        "distance_metric": "euclidean",
        "placement_mode": "exact",
        "placement_semantics": "exact_point",
        "shelter_id": 5,
        "candidate_source": "buildings",
        "time_bucket": "5min",
        "time_seconds": 300,
        "coordinates": "31.717070,34.999214",
        "nearest_building_dist_m": 0.0,
        "newly_covered_buildings": 13,
        "newly_covered_people_est": 91
      }
    },
    {
      "type": "Feature",
      "geometry": {
        "type": "Point",
        "coordinates": [
          34.98739062188825,
          31.739092897067046
        ]
      },
      "properties": {
        "rank": 43,
        "distance_metric": "euclidean",
        "placement_mode": "exact",
        "placement_semantics": "exact_point",
        "shelter_id": 7524,
        "candidate_source": "network_nodes",
        "time_bucket": "5min",
        "time_seconds": 300,
        "coordinates": "31.739093,34.987391",
        "nearest_building_dist_m": 19.32,
        "newly_covered_buildings": 14,
        "newly_covered_people_est": 98
      }
    },
    {
      "type": "Feature",
      "geometry": {
        "type": "Point",
        "coordinates": [
          34.99810269947276,
          31.707261500687316
        ]
      },
      "properties": {
        "rank": 44,
        "distance_metric": "euclidean",
        "placement_mode": "exact",
        "placement_semantics": "exact_point",
        "shelter_id": 4278,
        "candidate_source": "network_nodes",
        "time_bucket": "5min",
        "time_seconds": 300,
        "coordinates": "31.707262,34.998103",
        "nearest_building_dist_m": 36.99,
        "newly_covered_buildings": 4,
        "newly_covered_people_est": 28
      }
    },
    {
      "type": "Feature",
      "geometry": {
        "type": "Point",
        "coordinates": [
          34.98224602083185,
          31.736619218882606
        ]
      },
      "properties": {
        "rank": 45,
        "distance_metric": "euclidean",
        "placement_mode": "exact",
        "placement_semantics": "exact_point",
        "shelter_id": 1488,
        "candidate_source": "buildings",
        "time_bucket": "5min",
        "time_seconds": 300,
        "coordinates": "31.736619,34.982246",
        "nearest_building_dist_m": 0.0,
        "newly_covered_buildings": 7,
        "newly_covered_people_est": 49
      }
    },
    {
      "type": "Feature",
      "geometry": {
        "type": "Point",
        "coordinates": [
          34.978876598401925,
          31.738448218346807
        ]
      },
      "properties": {
        "rank": 46,
        "distance_metric": "euclidean",
        "placement_mode": "exact",
        "placement_semantics": "exact_point",
        "shelter_id": 1661,
        "candidate_source": "buildings",
        "time_bucket": "5min",
        "time_seconds": 300,
        "coordinates": "31.738448,34.978877",
        "nearest_building_dist_m": 0.0,
        "newly_covered_buildings": 16,
        "newly_covered_people_est": 112
      }
    },
    {
      "type": "Feature",
      "geometry": {
        "type": "Point",
        "coordinates": [
          34.98083249947662,
          31.7527430006815
        ]
      },
      "properties": {
        "rank": 47,
        "distance_metric": "euclidean",
        "placement_mode": "exact",
        "placement_semantics": "exact_point",
        "shelter_id": 6055,
        "candidate_source": "network_nodes",
        "time_bucket": "5min",
        "time_seconds": 300,
        "coordinates": "31.752743,34.980832",
        "nearest_building_dist_m": 20.52,
        "newly_covered_buildings": 22,
        "newly_covered_people_est": 154
      }
    },
    {
      "type": "Feature",
      "geometry": {
        "type": "Point",
        "coordinates": [
          34.99549028642202,
          31.72857332789626
        ]
      },
      "properties": {
        "rank": 48,
        "distance_metric": "euclidean",
        "placement_mode": "exact",
        "placement_semantics": "exact_point",
        "shelter_id": 533,
        "candidate_source": "buildings",
        "time_bucket": "5min",
        "time_seconds": 300,
        "coordinates": "31.728573,34.995490",
        "nearest_building_dist_m": 0.0,
        "newly_covered_buildings": 15,
        "newly_covered_people_est": 105
      }
    },
    {
      "type": "Feature",
      "geometry": {
        "type": "Point",
        "coordinates": [
          34.96720703179445,
          31.707859475929013
        ]
      },
      "properties": {
        "rank": 49,
        "distance_metric": "euclidean",
        "placement_mode": "exact",
        "placement_semantics": "exact_point",
        "shelter_id": 2110,
        "candidate_source": "buildings",
        "time_bucket": "5min",
        "time_seconds": 300,
        "coordinates": "31.707859,34.967207",
        "nearest_building_dist_m": 0.0,
        "newly_covered_buildings": 2,
        "newly_covered_people_est": 14
      }
    },
    {
      "type": "Feature",
      "geometry": {
        "type": "Point",
        "coordinates": [
          35.00070223121657,
          31.713321886507256
        ]
      },
      "properties": {
        "rank": 50,
        "distance_metric": "euclidean",
        "placement_mode": "exact",
        "placement_semantics": "exact_point",
        "shelter_id": 474,
        "candidate_source": "buildings",
        "time_bucket": "5min",
        "time_seconds": 300,
        "coordinates": "31.713322,35.000702",
        "nearest_building_dist_m": 0.0,
        "newly_covered_buildings": 6,
        "newly_covered_people_est": 42
      }
    },
    {
      "type": "Feature",
      "geometry": {
        "type": "Point",
        "coordinates": [
          34.98524902467408,
          31.73860752515988
        ]
      },
      "properties": {
        "rank": 51,
        "distance_metric": "euclidean",
        "placement_mode": "exact",
        "placement_semantics": "exact_point",
        "shelter_id": 126,
        "candidate_source": "buildings",
        "time_bucket": "5min",
        "time_seconds": 300,
        "coordinates": "31.738608,34.985249",
        "nearest_building_dist_m": 0.0,
        "newly_covered_buildings": 12,
        "newly_covered_people_est": 84
      }
    },
    {
      "type": "Feature",
      "geometry": {
        "type": "Point",
        "coordinates": [
          34.98758540380902,
          31.700913216685354
        ]
      },
      "properties": {
        "rank": 52,
        "distance_metric": "euclidean",
        "placement_mode": "exact",
        "placement_semantics": "exact_point",
        "shelter_id": 61,
        "candidate_source": "buildings",
        "time_bucket": "5min",
        "time_seconds": 300,
        "coordinates": "31.700913,34.987585",
        "nearest_building_dist_m": 0.0,
        "newly_covered_buildings": 4,
        "newly_covered_people_est": 28
      }
    },
    {
      "type": "Feature",
      "geometry": {
        "type": "Point",
        "coordinates": [
          34.989641532160086,
          31.75484029051707
        ]
      },
      "properties": {
        "rank": 53,
        "distance_metric": "euclidean",
        "placement_mode": "exact",
        "placement_semantics": "exact_point",
        "shelter_id": 225,
        "candidate_source": "buildings",
        "time_bucket": "5min",
        "time_seconds": 300,
        "coordinates": "31.754840,34.989642",
        "nearest_building_dist_m": 0.0,
        "newly_covered_buildings": 14,
        "newly_covered_people_est": 98
      }
    },
    {
      "type": "Feature",
      "geometry": {
        "type": "Point",
        "coordinates": [
          34.98752738727411,
          31.748302524541717
        ]
      },
      "properties": {
        "rank": 54,
        "distance_metric": "euclidean",
        "placement_mode": "exact",
        "placement_semantics": "exact_point",
        "shelter_id": 1783,
        "candidate_source": "buildings",
        "time_bucket": "5min",
        "time_seconds": 300,
        "coordinates": "31.748303,34.987527",
        "nearest_building_dist_m": 0.0,
        "newly_covered_buildings": 18,
        "newly_covered_people_est": 126
      }
    },
    {
      "type": "Feature",
      "geometry": {
        "type": "Point",
        "coordinates": [
          34.980189099476476,
          31.75037680068171
        ]
      },
      "properties": {
        "rank": 55,
        "distance_metric": "euclidean",
        "placement_mode": "exact",
        "placement_semantics": "exact_point",
        "shelter_id": 2801,
        "candidate_source": "network_nodes",
        "time_bucket": "5min",
        "time_seconds": 300,
        "coordinates": "31.750377,34.980189",
        "nearest_building_dist_m": 33.5,
        "newly_covered_buildings": 13,
        "newly_covered_people_est": 91
      }
    },
    {
      "type": "Feature",
      "geometry": {
        "type": "Point",
        "coordinates": [
          34.98365754039047,
          31.74796885227012
        ]
      },
      "properties": {
        "rank": 56,
        "distance_metric": "euclidean",
        "placement_mode": "exact",
        "placement_semantics": "exact_point",
        "shelter_id": 686,
        "candidate_source": "buildings",
        "time_bucket": "5min",
        "time_seconds": 300,
        "coordinates": "31.747969,34.983658",
        "nearest_building_dist_m": 0.0,
        "newly_covered_buildings": 16,
        "newly_covered_people_est": 112
      }
    },
    {
      "type": "Feature",
      "geometry": {
        "type": "Point",
        "coordinates": [
          34.975496344014374,
          31.743107624849813
        ]
      },
      "properties": {
        "rank": 57,
        "distance_metric": "euclidean",
        "placement_mode": "exact",
        "placement_semantics": "exact_point",
        "shelter_id": 1651,
        "candidate_source": "buildings",
        "time_bucket": "5min",
        "time_seconds": 300,
        "coordinates": "31.743108,34.975496",
        "nearest_building_dist_m": 0.0,
        "newly_covered_buildings": 15,
        "newly_covered_people_est": 105
      }
    },
    {
      "type": "Feature",
      "geometry": {
        "type": "Point",
        "coordinates": [
          34.99689297586211,
          31.745952942130863
        ]
      },
      "properties": {
        "rank": 58,
        "distance_metric": "euclidean",
        "placement_mode": "exact",
        "placement_semantics": "exact_point",
        "shelter_id": 1875,
        "candidate_source": "buildings",
        "time_bucket": "5min",
        "time_seconds": 300,
        "coordinates": "31.745953,34.996893",
        "nearest_building_dist_m": 0.0,
        "newly_covered_buildings": 7,
        "newly_covered_people_est": 49
      }
    },
    {
      "type": "Feature",
      "geometry": {
        "type": "Point",
        "coordinates": [
          34.9959475661377,
          31.751114272014593
        ]
      },
      "properties": {
        "rank": 59,
        "distance_metric": "euclidean",
        "placement_mode": "exact",
        "placement_semantics": "exact_point",
        "shelter_id": 242,
        "candidate_source": "buildings",
        "time_bucket": "5min",
        "time_seconds": 300,
        "coordinates": "31.751114,34.995948",
        "nearest_building_dist_m": 0.0,
        "newly_covered_buildings": 12,
        "newly_covered_people_est": 84
      }
    },
    {
      "type": "Feature",
      "geometry": {
        "type": "Point",
        "coordinates": [
          34.98717469947648,
          31.753676300681786
        ]
      },
      "properties": {
        "rank": 60,
        "distance_metric": "euclidean",
        "placement_mode": "exact",
        "placement_semantics": "exact_point",
        "shelter_id": 2845,
        "candidate_source": "network_nodes",
        "time_bucket": "5min",
        "time_seconds": 300,
        "coordinates": "31.753676,34.987175",
        "nearest_building_dist_m": 10.04,
        "newly_covered_buildings": 13,
        "newly_covered_people_est": 91
      }
    },
    {
      "type": "Feature",
      "geometry": {
        "type": "Point",
        "coordinates": [
          34.98717997048564,
          31.7116727324418
        ]
      },
      "properties": {
        "rank": 61,
        "distance_metric": "euclidean",
        "placement_mode": "exact",
        "placement_semantics": "exact_point",
        "shelter_id": 291,
        "candidate_source": "buildings",
        "time_bucket": "5min",
        "time_seconds": 300,
        "coordinates": "31.711673,34.987180",
        "nearest_building_dist_m": 0.0,
        "newly_covered_buildings": 5,
        "newly_covered_people_est": 35
      }
    },
    {
      "type": "Feature",
      "geometry": {
        "type": "Point",
        "coordinates": [
          34.984211300394044,
          31.736970997226745
        ]
      },
      "properties": {
        "rank": 62,
        "distance_metric": "euclidean",
        "placement_mode": "exact",
        "placement_semantics": "exact_point",
        "shelter_id": 642,
        "candidate_source": "buildings",
        "time_bucket": "5min",
        "time_seconds": 300,
        "coordinates": "31.736971,34.984211",
        "nearest_building_dist_m": 0.0,
        "newly_covered_buildings": 5,
        "newly_covered_people_est": 35
      }
    },
    {
      "type": "Feature",
      "geometry": {
        "type": "Point",
        "coordinates": [
          34.977694899475985,
          31.742476500682383
        ]
      },
      "properties": {
        "rank": 63,
        "distance_metric": "euclidean",
        "placement_mode": "exact",
        "placement_semantics": "exact_point",
        "shelter_id": 2585,
        "candidate_source": "network_nodes",
        "time_bucket": "5min",
        "time_seconds": 300,
        "coordinates": "31.742477,34.977695",
        "nearest_building_dist_m": 37.99,
        "newly_covered_buildings": 11,
        "newly_covered_people_est": 77
      }
    },
    {
      "type": "Feature",
      "geometry": {
        "type": "Point",
        "coordinates": [
          34.996172416465626,
          31.724852162070615
        ]
      },
      "properties": {
        "rank": 64,
        "distance_metric": "euclidean",
        "placement_mode": "exact",
        "placement_semantics": "exact_point",
        "shelter_id": 806,
        "candidate_source": "buildings",
        "time_bucket": "5min",
        "time_seconds": 300,
        "coordinates": "31.724852,34.996172",
        "nearest_building_dist_m": 0.0,
        "newly_covered_buildings": 2,
        "newly_covered_people_est": 14
      }
    },
    {
      "type": "Feature",
      "geometry": {
        "type": "Point",
        "coordinates": [
          34.988128906009095,
          31.747128854335525
        ]
      },
      "properties": {
        "rank": 65,
        "distance_metric": "euclidean",
        "placement_mode": "exact",
        "placement_semantics": "exact_point",
        "shelter_id": 438,
        "candidate_source": "buildings",
        "time_bucket": "5min",
        "time_seconds": 300,
        "coordinates": "31.747129,34.988129",
        "nearest_building_dist_m": 0.0,
        "newly_covered_buildings": 10,
        "newly_covered_people_est": 70
      }
    },
    {
      "type": "Feature",
      "geometry": {
        "type": "Point",
        "coordinates": [
          34.97543797092434,
          31.745153385289314
        ]
      },
      "properties": {
        "rank": 66,
        "distance_metric": "euclidean",
        "placement_mode": "exact",
        "placement_semantics": "exact_point",
        "shelter_id": 614,
        "candidate_source": "buildings",
        "time_bucket": "5min",
        "time_seconds": 300,
        "coordinates": "31.745153,34.975438",
        "nearest_building_dist_m": 0.0,
        "newly_covered_buildings": 5,
        "newly_covered_people_est": 35
      }
    },
    {
      "type": "Feature",
      "geometry": {
        "type": "Point",
        "coordinates": [
          34.991816157914414,
          31.728358803784594
        ]
      },
      "properties": {
        "rank": 67,
        "distance_metric": "euclidean",
        "placement_mode": "exact",
        "placement_semantics": "exact_point",
        "shelter_id": 910,
        "candidate_source": "buildings",
        "time_bucket": "5min",
        "time_seconds": 300,
        "coordinates": "31.728359,34.991816",
        "nearest_building_dist_m": 0.0,
        "newly_covered_buildings": 3,
        "newly_covered_people_est": 21
      }
    },
    {
      "type": "Feature",
      "geometry": {
        "type": "Point",
        "coordinates": [
          34.99161469926173,
          31.709219432941133
        ]
      },
      "properties": {
        "rank": 68,
        "distance_metric": "euclidean",
        "placement_mode": "exact",
        "placement_semantics": "exact_point",
        "shelter_id": 1724,
        "candidate_source": "buildings",
        "time_bucket": "5min",
        "time_seconds": 300,
        "coordinates": "31.709219,34.991615",
        "nearest_building_dist_m": 0.0,
        "newly_covered_buildings": 3,
        "newly_covered_people_est": 21
      }
    },
    {
      "type": "Feature",
      "geometry": {
        "type": "Point",
        "coordinates": [
          34.99367329233313,
          31.74623761394823
        ]
      },
      "properties": {
        "rank": 69,
        "distance_metric": "euclidean",
        "placement_mode": "exact",
        "placement_semantics": "exact_point",
        "shelter_id": 900,
        "candidate_source": "buildings",
        "time_bucket": "5min",
        "time_seconds": 300,
        "coordinates": "31.746238,34.993673",
        "nearest_building_dist_m": 0.0,
        "newly_covered_buildings": 9,
        "newly_covered_people_est": 63
      }
    },
    {
      "type": "Feature",
      "geometry": {
        "type": "Point",
        "coordinates": [
          35.001053508315266,
          31.716164847073173
        ]
      },
      "properties": {
        "rank": 70,
        "distance_metric": "euclidean",
        "placement_mode": "exact",
        "placement_semantics": "exact_point",
        "shelter_id": 957,
        "candidate_source": "buildings",
        "time_bucket": "5min",
        "time_seconds": 300,
        "coordinates": "31.716165,35.001054",
        "nearest_building_dist_m": 0.0,
        "newly_covered_buildings": 3,
        "newly_covered_people_est": 21
      }
    },
    {
      "type": "Feature",
      "geometry": {
        "type": "Point",
        "coordinates": [
          34.99686100569445,
          31.74981704595032
        ]
      },
      "properties": {
        "rank": 71,
        "distance_metric": "euclidean",
        "placement_mode": "exact",
        "placement_semantics": "exact_point",
        "shelter_id": 103,
        "candidate_source": "buildings",
        "time_bucket": "5min",
        "time_seconds": 300,
        "coordinates": "31.749817,34.996861",
        "nearest_building_dist_m": 0.0,
        "newly_covered_buildings": 12,
        "newly_covered_people_est": 84
      }
    },
    {
      "type": "Feature",
      "geometry": {
        "type": "Point",
        "coordinates": [
          34.99601816059916,
          31.752526202080936
        ]
      },
      "properties": {
        "rank": 72,
        "distance_metric": "euclidean",
        "placement_mode": "exact",
        "placement_semantics": "exact_point",
        "shelter_id": 6821,
        "candidate_source": "network_nodes",
        "time_bucket": "5min",
        "time_seconds": 300,
        "coordinates": "31.752526,34.996018",
        "nearest_building_dist_m": 19.14,
        "newly_covered_buildings": 13,
        "newly_covered_people_est": 91
      }
    },
    {
      "type": "Feature",
      "geometry": {
        "type": "Point",
        "coordinates": [
          34.98059399069372,
          31.70850415549036
        ]
      },
      "properties": {
        "rank": 73,
        "distance_metric": "euclidean",
        "placement_mode": "exact",
        "placement_semantics": "exact_point",
        "shelter_id": 282,
        "candidate_source": "buildings",
        "time_bucket": "5min",
        "time_seconds": 300,
        "coordinates": "31.708504,34.980594",
        "nearest_building_dist_m": 0.0,
        "newly_covered_buildings": 5,
        "newly_covered_people_est": 35
      }
    },
    {
      "type": "Feature",
      "geometry": {
        "type": "Point",
        "coordinates": [
          34.97028363732212,
          31.702047449462217
        ]
      },
      "properties": {
        "rank": 74,
        "distance_metric": "euclidean",
        "placement_mode": "exact",
        "placement_semantics": "exact_point",
        "shelter_id": 2183,
        "candidate_source": "buildings",
        "time_bucket": "5min",
        "time_seconds": 300,
        "coordinates": "31.702047,34.970284",
        "nearest_building_dist_m": 0.0,
        "newly_covered_buildings": 9,
        "newly_covered_people_est": 63
      }
    },
    {
      "type": "Feature",
      "geometry": {
        "type": "Point",
        "coordinates": [
          34.9943197326141,
          31.708074014416283
        ]
      },
      "properties": {
        "rank": 75,
        "distance_metric": "euclidean",
        "placement_mode": "exact",
        "placement_semantics": "exact_point",
        "shelter_id": 197,
        "candidate_source": "buildings",
        "time_bucket": "5min",
        "time_seconds": 300,
        "coordinates": "31.708074,34.994320",
        "nearest_building_dist_m": 0.0,
        "newly_covered_buildings": 5,
        "newly_covered_people_est": 35
      }
    },
    {
      "type": "Feature",
      "geometry": {
        "type": "Point",
        "coordinates": [
          34.99102817330293,
          31.740685842921
        ]
      },
      "properties": {
        "rank": 76,
        "distance_metric": "euclidean",
        "placement_mode": "exact",
        "placement_semantics": "exact_point",
        "shelter_id": 7182,
        "candidate_source": "network_nodes",
        "time_bucket": "5min",
        "time_seconds": 300,
        "coordinates": "31.740686,34.991028",
        "nearest_building_dist_m": 22.92,
        "newly_covered_buildings": 2,
        "newly_covered_people_est": 14
      }
    },
    {
      "type": "Feature",
      "geometry": {
        "type": "Point",
        "coordinates": [
          34.98220609947559,
          31.739106200683008
        ]
      },
      "properties": {
        "rank": 77,
        "distance_metric": "euclidean",
        "placement_mode": "exact",
        "placement_semantics": "exact_point",
        "shelter_id": 2660,
        "candidate_source": "network_nodes",
        "time_bucket": "5min",
        "time_seconds": 300,
        "coordinates": "31.739106,34.982206",
        "nearest_building_dist_m": 22.53,
        "newly_covered_buildings": 8,
        "newly_covered_people_est": 56
      }
    },
    {
      "type": "Feature",
      "geometry": {
        "type": "Point",
        "coordinates": [
          34.97913249947603,
          31.743953600682328
        ]
      },
      "properties": {
        "rank": 78,
        "distance_metric": "euclidean",
        "placement_mode": "exact",
        "placement_semantics": "exact_point",
        "shelter_id": 2598,
        "candidate_source": "network_nodes",
        "time_bucket": "5min",
        "time_seconds": 300,
        "coordinates": "31.743954,34.979132",
        "nearest_building_dist_m": 27.66,
        "newly_covered_buildings": 6,
        "newly_covered_people_est": 42
      }
    },
    {
      "type": "Feature",
      "geometry": {
        "type": "Point",
        "coordinates": [
          34.98063355705799,
          31.738048240732663
        ]
      },
      "properties": {
        "rank": 79,
        "distance_metric": "euclidean",
        "placement_mode": "exact",
        "placement_semantics": "exact_point",
        "shelter_id": 653,
        "candidate_source": "buildings",
        "time_bucket": "5min",
        "time_seconds": 300,
        "coordinates": "31.738048,34.980634",
        "nearest_building_dist_m": 0.0,
        "newly_covered_buildings": 3,
        "newly_covered_people_est": 21
      }
    },
    {
      "type": "Feature",
      "geometry": {
        "type": "Point",
        "coordinates": [
          34.98226307653805,
          31.735158799432483
        ]
      },
      "properties": {
        "rank": 80,
        "distance_metric": "euclidean",
        "placement_mode": "exact",
        "placement_semantics": "exact_point",
        "shelter_id": 908,
        "candidate_source": "buildings",
        "time_bucket": "5min",
        "time_seconds": 300,
        "coordinates": "31.735159,34.982263",
        "nearest_building_dist_m": 0.0,
        "newly_covered_buildings": 6,
        "newly_covered_people_est": 42
      }
    },
    {
      "type": "Feature",
      "geometry": {
        "type": "Point",
        "coordinates": [
          34.99002206251465,
          31.717713166000415
        ]
      },
      "properties": {
        "rank": 81,
        "distance_metric": "euclidean",
        "placement_mode": "exact",
        "placement_semantics": "exact_point",
        "shelter_id": 744,
        "candidate_source": "buildings",
        "time_bucket": "5min",
        "time_seconds": 300,
        "coordinates": "31.717713,34.990022",
        "nearest_building_dist_m": 0.0,
        "newly_covered_buildings": 1,
        "newly_covered_people_est": 7
      }
    },
    {
      "type": "Feature",
      "geometry": {
        "type": "Point",
        "coordinates": [
          34.98496241642469,
          31.714231371260333
        ]
      },
      "properties": {
        "rank": 82,
        "distance_metric": "euclidean",
        "placement_mode": "exact",
        "placement_semantics": "exact_point",
        "shelter_id": 824,
        "candidate_source": "buildings",
        "time_bucket": "5min",
        "time_seconds": 300,
        "coordinates": "31.714231,34.984962",
        "nearest_building_dist_m": 0.0,
        "newly_covered_buildings": 1,
        "newly_covered_people_est": 7
      }
    },
    {
      "type": "Feature",
      "geometry": {
        "type": "Point",
        "coordinates": [
          34.97891948029992,
          31.742402550491065
        ]
      },
      "properties": {
        "rank": 83,
        "distance_metric": "euclidean",
        "placement_mode": "exact",
        "placement_semantics": "exact_point",
        "shelter_id": 1872,
        "candidate_source": "buildings",
        "time_bucket": "5min",
        "time_seconds": 300,
        "coordinates": "31.742403,34.978919",
        "nearest_building_dist_m": 0.0,
        "newly_covered_buildings": 6,
        "newly_covered_people_est": 42
      }
    },
    {
      "type": "Feature",
      "geometry": {
        "type": "Point",
        "coordinates": [
          34.98160327132873,
          31.70256913585546
        ]
      },
      "properties": {
        "rank": 84,
        "distance_metric": "euclidean",
        "placement_mode": "exact",
        "placement_semantics": "exact_point",
        "shelter_id": 489,
        "candidate_source": "buildings",
        "time_bucket": "5min",
        "time_seconds": 300,
        "coordinates": "31.702569,34.981603",
        "nearest_building_dist_m": 0.0,
        "newly_covered_buildings": 1,
        "newly_covered_people_est": 7
      }
    },
    {
      "type": "Feature",
      "geometry": {
        "type": "Point",
        "coordinates": [
          34.9976077730563,
          31.741317334808915
        ]
      },
      "properties": {
        "rank": 85,
        "distance_metric": "euclidean",
        "placement_mode": "exact",
        "placement_semantics": "exact_point",
        "shelter_id": 420,
        "candidate_source": "buildings",
        "time_bucket": "5min",
        "time_seconds": 300,
        "coordinates": "31.741317,34.997608",
        "nearest_building_dist_m": 0.0,
        "newly_covered_buildings": 4,
        "newly_covered_people_est": 28
      }
    },
    {
      "type": "Feature",
      "geometry": {
        "type": "Point",
        "coordinates": [
          34.9899940755588,
          31.738494505204848
        ]
      },
      "properties": {
        "rank": 86,
        "distance_metric": "euclidean",
        "placement_mode": "exact",
        "placement_semantics": "exact_point",
        "shelter_id": 1418,
        "candidate_source": "buildings",
        "time_bucket": "5min",
        "time_seconds": 300,
        "coordinates": "31.738495,34.989994",
        "nearest_building_dist_m": 0.0,
        "newly_covered_buildings": 3,
        "newly_covered_people_est": 21
      }
    },
    {
      "type": "Feature",
      "geometry": {
        "type": "Point",
        "coordinates": [
          34.9652681429198,
          31.70413810410173
        ]
      },
      "properties": {
        "rank": 87,
        "distance_metric": "euclidean",
        "placement_mode": "exact",
        "placement_semantics": "exact_point",
        "shelter_id": 2165,
        "candidate_source": "buildings",
        "time_bucket": "5min",
        "time_seconds": 300,
        "coordinates": "31.704138,34.965268",
        "nearest_building_dist_m": 0.0,
        "newly_covered_buildings": 5,
        "newly_covered_people_est": 35
      }
    },
    {
      "type": "Feature",
      "geometry": {
        "type": "Point",
        "coordinates": [
          34.984311348361054,
          31.749323418105003
        ]
      },
      "properties": {
        "rank": 88,
        "distance_metric": "euclidean",
        "placement_mode": "exact",
        "placement_semantics": "exact_point",
        "shelter_id": 395,
        "candidate_source": "buildings",
        "time_bucket": "5min",
        "time_seconds": 300,
        "coordinates": "31.749323,34.984311",
        "nearest_building_dist_m": 0.0,
        "newly_covered_buildings": 7,
        "newly_covered_people_est": 49
      }
    },
    {
      "type": "Feature",
      "geometry": {
        "type": "Point",
        "coordinates": [
          34.9941278994732,
          31.711518600686603
        ]
      },
      "properties": {
        "rank": 89,
        "distance_metric": "euclidean",
        "placement_mode": "exact",
        "placement_semantics": "exact_point",
        "shelter_id": 3048,
        "candidate_source": "network_nodes",
        "time_bucket": "5min",
        "time_seconds": 300,
        "coordinates": "31.711519,34.994128",
        "nearest_building_dist_m": 57.23,
        "newly_covered_buildings": 4,
        "newly_covered_people_est": 28
      }
    },
    {
      "type": "Feature",
      "geometry": {
        "type": "Point",
        "coordinates": [
          34.978868120712455,
          31.74804230977351
        ]
      },
      "properties": {
        "rank": 90,
        "distance_metric": "euclidean",
        "placement_mode": "exact",
        "placement_semantics": "exact_point",
        "shelter_id": 422,
        "candidate_source": "buildings",
        "time_bucket": "5min",
        "time_seconds": 300,
        "coordinates": "31.748042,34.978868",
        "nearest_building_dist_m": 0.0,
        "newly_covered_buildings": 5,
        "newly_covered_people_est": 35
      }
    },
    {
      "type": "Feature",
      "geometry": {
        "type": "Point",
        "coordinates": [
          34.982234392842926,
          31.714728363517978
        ]
      },
      "properties": {
        "rank": 91,
        "distance_metric": "euclidean",
        "placement_mode": "exact",
        "placement_semantics": "exact_point",
        "shelter_id": 138,
        "candidate_source": "buildings",
        "time_bucket": "5min",
        "time_seconds": 300,
        "coordinates": "31.714728,34.982234",
        "nearest_building_dist_m": 0.0,
        "newly_covered_buildings": 4,
        "newly_covered_people_est": 28
      }
    },
    {
      "type": "Feature",
      "geometry": {
        "type": "Point",
        "coordinates": [
          34.99020965394813,
          31.714182916700516
        ]
      },
      "properties": {
        "rank": 92,
        "distance_metric": "euclidean",
        "placement_mode": "exact",
        "placement_semantics": "exact_point",
        "shelter_id": 1284,
        "candidate_source": "buildings",
        "time_bucket": "5min",
        "time_seconds": 300,
        "coordinates": "31.714183,34.990210",
        "nearest_building_dist_m": 0.0,
        "newly_covered_buildings": 4,
        "newly_covered_people_est": 28
      }
    },
    {
      "type": "Feature",
      "geometry": {
        "type": "Point",
        "coordinates": [
          34.99826609947318,
          31.71293780068672
        ]
      },
      "properties": {
        "rank": 93,
        "distance_metric": "euclidean",
        "placement_mode": "exact",
        "placement_semantics": "exact_point",
        "shelter_id": 4852,
        "candidate_source": "network_nodes",
        "time_bucket": "5min",
        "time_seconds": 300,
        "coordinates": "31.712938,34.998266",
        "nearest_building_dist_m": 58.46,
        "newly_covered_buildings": 4,
        "newly_covered_people_est": 28
      }
    },
    {
      "type": "Feature",
      "geometry": {
        "type": "Point",
        "coordinates": [
          34.99420278662688,
          31.760835898614456
        ]
      },
      "properties": {
        "rank": 94,
        "distance_metric": "euclidean",
        "placement_mode": "exact",
        "placement_semantics": "exact_point",
        "shelter_id": 167,
        "candidate_source": "buildings",
        "time_bucket": "5min",
        "time_seconds": 300,
        "coordinates": "31.760836,34.994203",
        "nearest_building_dist_m": 0.0,
        "newly_covered_buildings": 18,
        "newly_covered_people_est": 126
      }
    },
    {
      "type": "Feature",
      "geometry": {
        "type": "Point",
        "coordinates": [
          34.97749712375863,
          31.743945029378107
        ]
      },
      "properties": {
        "rank": 95,
        "distance_metric": "euclidean",
        "placement_mode": "exact",
        "placement_semantics": "exact_point",
        "shelter_id": 888,
        "candidate_source": "buildings",
        "time_bucket": "5min",
        "time_seconds": 300,
        "coordinates": "31.743945,34.977497",
        "nearest_building_dist_m": 0.0,
        "newly_covered_buildings": 5,
        "newly_covered_people_est": 35
      }
    },
    {
      "type": "Feature",
      "geometry": {
        "type": "Point",
        "coordinates": [
          34.99280064618188,
          31.724812468542883
        ]
      },
      "properties": {
        "rank": 96,
        "distance_metric": "euclidean",
        "placement_mode": "exact",
        "placement_semantics": "exact_point",
        "shelter_id": 1060,
        "candidate_source": "buildings",
        "time_bucket": "5min",
        "time_seconds": 300,
        "coordinates": "31.724812,34.992801",
        "nearest_building_dist_m": 0.0,
        "newly_covered_buildings": 3,
        "newly_covered_people_est": 21
      }
    },
    {
      "type": "Feature",
      "geometry": {
        "type": "Point",
        "coordinates": [
          34.987121265475075,
          31.74298630851865
        ]
      },
      "properties": {
        "rank": 97,
        "distance_metric": "euclidean",
        "placement_mode": "exact",
        "placement_semantics": "exact_point",
        "shelter_id": 6353,
        "candidate_source": "network_nodes",
        "time_bucket": "5min",
        "time_seconds": 300,
        "coordinates": "31.742986,34.987121",
        "nearest_building_dist_m": 14.71,
        "newly_covered_buildings": 5,
        "newly_covered_people_est": 35
      }
    },
    {
      "type": "Feature",
      "geometry": {
        "type": "Point",
        "coordinates": [
          34.981691199475826,
          31.74205190068269
        ]
      },
      "properties": {
        "rank": 98,
        "distance_metric": "euclidean",
        "placement_mode": "exact",
        "placement_semantics": "exact_point",
        "shelter_id": 2512,
        "candidate_source": "network_nodes",
        "time_bucket": "5min",
        "time_seconds": 300,
        "coordinates": "31.742052,34.981691",
        "nearest_building_dist_m": 45.25,
        "newly_covered_buildings": 5,
        "newly_covered_people_est": 35
      }
    },
    {
      "type": "Feature",
      "geometry": {
        "type": "Point",
        "coordinates": [
          34.975409823707125,
          31.739923894259537
        ]
      },
      "properties": {
        "rank": 99,
        "distance_metric": "euclidean",
        "placement_mode": "exact",
        "placement_semantics": "exact_point",
        "shelter_id": 121,
        "candidate_source": "buildings",
        "time_bucket": "5min",
        "time_seconds": 300,
        "coordinates": "31.739924,34.975410",
        "nearest_building_dist_m": 0.0,
        "newly_covered_buildings": 2,
        "newly_covered_people_est": 14
      }
    },
    {
      "type": "Feature",
      "geometry": {
        "type": "Point",
        "coordinates": [
          34.99762937488118,
          31.738463253681903
        ]
      },
      "properties": {
        "rank": 100,
        "distance_metric": "euclidean",
        "placement_mode": "exact",
        "placement_semantics": "exact_point",
        "shelter_id": 835,
        "candidate_source": "buildings",
        "time_bucket": "5min",
        "time_seconds": 300,
        "coordinates": "31.738463,34.997629",
        "nearest_building_dist_m": 0.0,
        "newly_covered_buildings": 3,
        "newly_covered_people_est": 21
      }
    },
    {
      "type": "Feature",
      "geometry": {
        "type": "Point",
        "coordinates": [
          34.9490907078817,
          31.737230732456986
        ]
      },
      "properties": {
        "rank": 101,
        "distance_metric": "euclidean",
        "placement_mode": "exact",
        "placement_semantics": "exact_point",
        "shelter_id": 7938,
        "candidate_source": "network_nodes",
        "time_bucket": "5min",
        "time_seconds": 300,
        "coordinates": "31.737231,34.949091",
        "nearest_building_dist_m": 10.39,
        "newly_covered_buildings": 15,
        "newly_covered_people_est": 105
      }
    },
    {
      "type": "Feature",
      "geometry": {
        "type": "Point",
        "coordinates": [
          34.98694270801663,
          31.74994567197128
        ]
      },
      "properties": {
        "rank": 102,
        "distance_metric": "euclidean",
        "placement_mode": "exact",
        "placement_semantics": "exact_point",
        "shelter_id": 396,
        "candidate_source": "buildings",
        "time_bucket": "5min",
        "time_seconds": 300,
        "coordinates": "31.749946,34.986943",
        "nearest_building_dist_m": 0.0,
        "newly_covered_buildings": 5,
        "newly_covered_people_est": 35
      }
    },
    {
      "type": "Feature",
      "geometry": {
        "type": "Point",
        "coordinates": [
          35.01506048399241,
          31.76121131398224
        ]
      },
      "properties": {
        "rank": 103,
        "distance_metric": "euclidean",
        "placement_mode": "exact",
        "placement_semantics": "exact_point",
        "shelter_id": 23,
        "candidate_source": "buildings",
        "time_bucket": "5min",
        "time_seconds": 300,
        "coordinates": "31.761211,35.015060",
        "nearest_building_dist_m": 0.0,
        "newly_covered_buildings": 14,
        "newly_covered_people_est": 98
      }
    },
    {
      "type": "Feature",
      "geometry": {
        "type": "Point",
        "coordinates": [
          34.976075742770284,
          31.724639278330336
        ]
      },
      "properties": {
        "rank": 104,
        "distance_metric": "euclidean",
        "placement_mode": "exact",
        "placement_semantics": "exact_point",
        "shelter_id": 932,
        "candidate_source": "buildings",
        "time_bucket": "5min",
        "time_seconds": 300,
        "coordinates": "31.724639,34.976076",
        "nearest_building_dist_m": 0.0,
        "newly_covered_buildings": 14,
        "newly_covered_people_est": 98
      }
    },
    {
      "type": "Feature",
      "geometry": {
        "type": "Point",
        "coordinates": [
          35.003208923440845,
          31.71313208438267
        ]
      },
      "properties": {
        "rank": 105,
        "distance_metric": "euclidean",
        "placement_mode": "exact",
        "placement_semantics": "exact_point",
        "shelter_id": 970,
        "candidate_source": "buildings",
        "time_bucket": "5min",
        "time_seconds": 300,
        "coordinates": "31.713132,35.003209",
        "nearest_building_dist_m": 0.0,
        "newly_covered_buildings": 3,
        "newly_covered_people_est": 21
      }
    },
    {
      "type": "Feature",
      "geometry": {
        "type": "Point",
        "coordinates": [
          35.001897694588266,
          31.73909045721362
        ]
      },
      "properties": {
        "rank": 106,
        "distance_metric": "euclidean",
        "placement_mode": "exact",
        "placement_semantics": "exact_point",
        "shelter_id": 357,
        "candidate_source": "buildings",
        "time_bucket": "5min",
        "time_seconds": 300,
        "coordinates": "31.739090,35.001898",
        "nearest_building_dist_m": 0.0,
        "newly_covered_buildings": 2,
        "newly_covered_people_est": 14
      }
    },
    {
      "type": "Feature",
      "geometry": {
        "type": "Point",
        "coordinates": [
          34.9978204385205,
          31.743066526868127
        ]
      },
      "properties": {
        "rank": 107,
        "distance_metric": "euclidean",
        "placement_mode": "exact",
        "placement_semantics": "exact_point",
        "shelter_id": 415,
        "candidate_source": "buildings",
        "time_bucket": "5min",
        "time_seconds": 300,
        "coordinates": "31.743067,34.997820",
        "nearest_building_dist_m": 0.0,
        "newly_covered_buildings": 2,
        "newly_covered_people_est": 14
      }
    },
    {
      "type": "Feature",
      "geometry": {
        "type": "Point",
        "coordinates": [
          35.00170526396408,
          31.747825639407235
        ]
      },
      "properties": {
        "rank": 108,
        "distance_metric": "euclidean",
        "placement_mode": "exact",
        "placement_semantics": "exact_point",
        "shelter_id": 68,
        "candidate_source": "buildings",
        "time_bucket": "5min",
        "time_seconds": 300,
        "coordinates": "31.747826,35.001705",
        "nearest_building_dist_m": 0.0,
        "newly_covered_buildings": 2,
        "newly_covered_people_est": 14
      }
    },
    {
      "type": "Feature",
      "geometry": {
        "type": "Point",
        "coordinates": [
          34.97743911344066,
          31.738745685479756
        ]
      },
      "properties": {
        "rank": 109,
        "distance_metric": "euclidean",
        "placement_mode": "exact",
        "placement_semantics": "exact_point",
        "shelter_id": 893,
        "candidate_source": "buildings",
        "time_bucket": "5min",
        "time_seconds": 300,
        "coordinates": "31.738746,34.977439",
        "nearest_building_dist_m": 0.0,
        "newly_covered_buildings": 3,
        "newly_covered_people_est": 21
      }
    },
    {
      "type": "Feature",
      "geometry": {
        "type": "Point",
        "coordinates": [
          34.999083429634105,
          31.750259273589897
        ]
      },
      "properties": {
        "rank": 110,
        "distance_metric": "euclidean",
        "placement_mode": "exact",
        "placement_semantics": "exact_point",
        "shelter_id": 66,
        "candidate_source": "buildings",
        "time_bucket": "5min",
        "time_seconds": 300,
        "coordinates": "31.750259,34.999083",
        "nearest_building_dist_m": 0.0,
        "newly_covered_buildings": 2,
        "newly_covered_people_est": 14
      }
    },
    {
      "type": "Feature",
      "geometry": {
        "type": "Point",
        "coordinates": [
          34.99434234012669,
          31.748741548873983
        ]
      },
      "properties": {
        "rank": 111,
        "distance_metric": "euclidean",
        "placement_mode": "exact",
        "placement_semantics": "exact_point",
        "shelter_id": 1125,
        "candidate_source": "buildings",
        "time_bucket": "5min",
        "time_seconds": 300,
        "coordinates": "31.748742,34.994342",
        "nearest_building_dist_m": 0.0,
        "newly_covered_buildings": 3,
        "newly_covered_people_est": 21
      }
    },
    {
      "type": "Feature",
      "geometry": {
        "type": "Point",
        "coordinates": [
          34.992583948082775,
          31.75557989859228
        ]
      },
      "properties": {
        "rank": 112,
        "distance_metric": "euclidean",
        "placement_mode": "exact",
        "placement_semantics": "exact_point",
        "shelter_id": 1208,
        "candidate_source": "buildings",
        "time_bucket": "5min",
        "time_seconds": 300,
        "coordinates": "31.755580,34.992584",
        "nearest_building_dist_m": 0.0,
        "newly_covered_buildings": 12,
        "newly_covered_people_est": 84
      }
    },
    {
      "type": "Feature",
      "geometry": {
        "type": "Point",
        "coordinates": [
          34.99339940213215,
          31.722405900671255
        ]
      },
      "properties": {
        "rank": 113,
        "distance_metric": "euclidean",
        "placement_mode": "exact",
        "placement_semantics": "exact_point",
        "shelter_id": 1231,
        "candidate_source": "buildings",
        "time_bucket": "5min",
        "time_seconds": 300,
        "coordinates": "31.722406,34.993399",
        "nearest_building_dist_m": 0.0,
        "newly_covered_buildings": 2,
        "newly_covered_people_est": 14
      }
    },
    {
      "type": "Feature",
      "geometry": {
        "type": "Point",
        "coordinates": [
          34.993900225032654,
          31.745130264334033
        ]
      },
      "properties": {
        "rank": 114,
        "distance_metric": "euclidean",
        "placement_mode": "exact",
        "placement_semantics": "exact_point",
        "shelter_id": 646,
        "candidate_source": "buildings",
        "time_bucket": "5min",
        "time_seconds": 300,
        "coordinates": "31.745130,34.993900",
        "nearest_building_dist_m": 0.0,
        "newly_covered_buildings": 1,
        "newly_covered_people_est": 7
      }
    },
    {
      "type": "Feature",
      "geometry": {
        "type": "Point",
        "coordinates": [
          34.98392950824065,
          31.755097926900806
        ]
      },
      "properties": {
        "rank": 115,
        "distance_metric": "euclidean",
        "placement_mode": "exact",
        "placement_semantics": "exact_point",
        "shelter_id": 363,
        "candidate_source": "buildings",
        "time_bucket": "5min",
        "time_seconds": 300,
        "coordinates": "31.755098,34.983930",
        "nearest_building_dist_m": 0.0,
        "newly_covered_buildings": 4,
        "newly_covered_people_est": 28
      }
    },
    {
      "type": "Feature",
      "geometry": {
        "type": "Point",
        "coordinates": [
          34.994473620021125,
          31.717876771975195
        ]
      },
      "properties": {
        "rank": 116,
        "distance_metric": "euclidean",
        "placement_mode": "exact",
        "placement_semantics": "exact_point",
        "shelter_id": 1277,
        "candidate_source": "buildings",
        "time_bucket": "5min",
        "time_seconds": 300,
        "coordinates": "31.717877,34.994474",
        "nearest_building_dist_m": 0.0,
        "newly_covered_buildings": 2,
        "newly_covered_people_est": 14
      }
    },
    {
      "type": "Feature",
      "geometry": {
        "type": "Point",
        "coordinates": [
          34.982930047203894,
          31.70802070270702
        ]
      },
      "properties": {
        "rank": 117,
        "distance_metric": "euclidean",
        "placement_mode": "exact",
        "placement_semantics": "exact_point",
        "shelter_id": 45,
        "candidate_source": "buildings",
        "time_bucket": "5min",
        "time_seconds": 300,
        "coordinates": "31.708021,34.982930",
        "nearest_building_dist_m": 0.0,
        "newly_covered_buildings": 1,
        "newly_covered_people_est": 7
      }
    },
    {
      "type": "Feature",
      "geometry": {
        "type": "Point",
        "coordinates": [
          34.9800103467969,
          31.70939196233707
        ]
      },
      "properties": {
        "rank": 118,
        "distance_metric": "euclidean",
        "placement_mode": "exact",
        "placement_semantics": "exact_point",
        "shelter_id": 281,
        "candidate_source": "buildings",
        "time_bucket": "5min",
        "time_seconds": 300,
        "coordinates": "31.709392,34.980010",
        "nearest_building_dist_m": 0.0,
        "newly_covered_buildings": 1,
        "newly_covered_people_est": 7
      }
    },
    {
      "type": "Feature",
      "geometry": {
        "type": "Point",
        "coordinates": [
          34.99241607730025,
          31.74040575866577
        ]
      },
      "properties": {
        "rank": 119,
        "distance_metric": "euclidean",
        "placement_mode": "exact",
        "placement_semantics": "exact_point",
        "shelter_id": 887,
        "candidate_source": "buildings",
        "time_bucket": "5min",
        "time_seconds": 300,
        "coordinates": "31.740406,34.992416",
        "nearest_building_dist_m": 0.0,
        "newly_covered_buildings": 2,
        "newly_covered_people_est": 14
      }
    },
    {
      "type": "Feature",
      "geometry": {
        "type": "Point",
        "coordinates": [
          34.98920569648643,
          31.709557568236413
        ]
      },
      "properties": {
        "rank": 120,
        "distance_metric": "euclidean",
        "placement_mode": "exact",
        "placement_semantics": "exact_point",
        "shelter_id": 2299,
        "candidate_source": "buildings",
        "time_bucket": "5min",
        "time_seconds": 300,
        "coordinates": "31.709558,34.989206",
        "nearest_building_dist_m": 0.0,
        "newly_covered_buildings": 2,
        "newly_covered_people_est": 14
      }
    },
    {
      "type": "Feature",
      "geometry": {
        "type": "Point",
        "coordinates": [
          34.99541092879373,
          31.701414567108568
        ]
      },
      "properties": {
        "rank": 121,
        "distance_metric": "euclidean",
        "placement_mode": "exact",
        "placement_semantics": "exact_point",
        "shelter_id": 476,
        "candidate_source": "buildings",
        "time_bucket": "5min",
        "time_seconds": 300,
        "coordinates": "31.701415,34.995411",
        "nearest_building_dist_m": 0.0,
        "newly_covered_buildings": 2,
        "newly_covered_people_est": 14
      }
    },
    {
      "type": "Feature",
      "geometry": {
        "type": "Point",
        "coordinates": [
          34.98019076684307,
          31.739737514847302
        ]
      },
      "properties": {
        "rank": 122,
        "distance_metric": "euclidean",
        "placement_mode": "exact",
        "placement_semantics": "exact_point",
        "shelter_id": 1149,
        "candidate_source": "buildings",
        "time_bucket": "5min",
        "time_seconds": 300,
        "coordinates": "31.739738,34.980191",
        "nearest_building_dist_m": 0.0,
        "newly_covered_buildings": 2,
        "newly_covered_people_est": 14
      }
    },
    {
      "type": "Feature",
      "geometry": {
        "type": "Point",
        "coordinates": [
          34.99482063969335,
          31.71651916382315
        ]
      },
      "properties": {
        "rank": 123,
        "distance_metric": "euclidean",
        "placement_mode": "exact",
        "placement_semantics": "exact_point",
        "shelter_id": 1108,
        "candidate_source": "buildings",
        "time_bucket": "5min",
        "time_seconds": 300,
        "coordinates": "31.716519,34.994821",
        "nearest_building_dist_m": 0.0,
        "newly_covered_buildings": 2,
        "newly_covered_people_est": 14
      }
    },
    {
      "type": "Feature",
      "geometry": {
        "type": "Point",
        "coordinates": [
          34.982188646505094,
          31.747807578232745
        ]
      },
      "properties": {
        "rank": 124,
        "distance_metric": "euclidean",
        "placement_mode": "exact",
        "placement_semantics": "exact_point",
        "shelter_id": 570,
        "candidate_source": "buildings",
        "time_bucket": "5min",
        "time_seconds": 300,
        "coordinates": "31.747808,34.982189",
        "nearest_building_dist_m": 0.0,
        "newly_covered_buildings": 2,
        "newly_covered_people_est": 14
      }
    },
    {
      "type": "Feature",
      "geometry": {
        "type": "Point",
        "coordinates": [
          34.97860543340404,
          31.72196332317638
        ]
      },
      "properties": {
        "rank": 125,
        "distance_metric": "euclidean",
        "placement_mode": "exact",
        "placement_semantics": "exact_point",
        "shelter_id": 837,
        "candidate_source": "buildings",
        "time_bucket": "5min",
        "time_seconds": 300,
        "coordinates": "31.721963,34.978605",
        "nearest_building_dist_m": 0.0,
        "newly_covered_buildings": 9,
        "newly_covered_people_est": 63
      }
    },
    {
      "type": "Feature",
      "geometry": {
        "type": "Point",
        "coordinates": [
          34.99687239325051,
          31.714621865194733
        ]
      },
      "properties": {
        "rank": 126,
        "distance_metric": "euclidean",
        "placement_mode": "exact",
        "placement_semantics": "exact_point",
        "shelter_id": 859,
        "candidate_source": "buildings",
        "time_bucket": "5min",
        "time_seconds": 300,
        "coordinates": "31.714622,34.996872",
        "nearest_building_dist_m": 0.0,
        "newly_covered_buildings": 2,
        "newly_covered_people_est": 14
      }
    },
    {
      "type": "Feature",
      "geometry": {
        "type": "Point",
        "coordinates": [
          34.95163799947626,
          31.73450510068163
        ]
      },
      "properties": {
        "rank": 127,
        "distance_metric": "euclidean",
        "placement_mode": "exact",
        "placement_semantics": "exact_point",
        "shelter_id": 3684,
        "candidate_source": "network_nodes",
        "time_bucket": "5min",
        "time_seconds": 300,
        "coordinates": "31.734505,34.951638",
        "nearest_building_dist_m": 51.3,
        "newly_covered_buildings": 9,
        "newly_covered_people_est": 63
      }
    },
    {
      "type": "Feature",
      "geometry": {
        "type": "Point",
        "coordinates": [
          35.00380829947275,
          31.7095932006874
        ]
      },
      "properties": {
        "rank": 128,
        "distance_metric": "euclidean",
        "placement_mode": "exact",
        "placement_semantics": "exact_point",
        "shelter_id": 4689,
        "candidate_source": "network_nodes",
        "time_bucket": "5min",
        "time_seconds": 300,
        "coordinates": "31.709593,35.003808",
        "nearest_building_dist_m": 87.36,
        "newly_covered_buildings": 2,
        "newly_covered_people_est": 14
      }
    },
    {
      "type": "Feature",
      "geometry": {
        "type": "Point",
        "coordinates": [
          34.99057364210151,
          31.751377407666904
        ]
      },
      "properties": {
        "rank": 129,
        "distance_metric": "euclidean",
        "placement_mode": "exact",
        "placement_semantics": "exact_point",
        "shelter_id": 382,
        "candidate_source": "buildings",
        "time_bucket": "5min",
        "time_seconds": 300,
        "coordinates": "31.751377,34.990574",
        "nearest_building_dist_m": 0.0,
        "newly_covered_buildings": 2,
        "newly_covered_people_est": 14
      }
    },
    {
      "type": "Feature",
      "geometry": {
        "type": "Point",
        "coordinates": [
          35.0066020270732,
          31.698895625750527
        ]
      },
      "properties": {
        "rank": 130,
        "distance_metric": "euclidean",
        "placement_mode": "exact",
        "placement_semantics": "exact_point",
        "shelter_id": 2083,
        "candidate_source": "buildings",
        "time_bucket": "5min",
        "time_seconds": 300,
        "coordinates": "31.698896,35.006602",
        "nearest_building_dist_m": 0.0,
        "newly_covered_buildings": 8,
        "newly_covered_people_est": 56
      }
    },
    {
      "type": "Feature",
      "geometry": {
        "type": "Point",
        "coordinates": [
          34.961757400001474,
          31.703783286753584
        ]
      },
      "properties": {
        "rank": 131,
        "distance_metric": "euclidean",
        "placement_mode": "exact",
        "placement_semantics": "exact_point",
        "shelter_id": 2245,
        "candidate_source": "buildings",
        "time_bucket": "5min",
        "time_seconds": 300,
        "coordinates": "31.703783,34.961757",
        "nearest_building_dist_m": 0.0,
        "newly_covered_buildings": 8,
        "newly_covered_people_est": 56
      }
    },
    {
      "type": "Feature",
      "geometry": {
        "type": "Point",
        "coordinates": [
          34.959496261903745,
          31.707200447027375
        ]
      },
      "properties": {
        "rank": 132,
        "distance_metric": "euclidean",
        "placement_mode": "exact",
        "placement_semantics": "exact_point",
        "shelter_id": 2255,
        "candidate_source": "buildings",
        "time_bucket": "5min",
        "time_seconds": 300,
        "coordinates": "31.707200,34.959496",
        "nearest_building_dist_m": 0.0,
        "newly_covered_buildings": 8,
        "newly_covered_people_est": 56
      }
    },
    {
      "type": "Feature",
      "geometry": {
        "type": "Point",
        "coordinates": [
          34.9909314396079,
          31.754489671410028
        ]
      },
      "properties": {
        "rank": 133,
        "distance_metric": "euclidean",
        "placement_mode": "exact",
        "placement_semantics": "exact_point",
        "shelter_id": 765,
        "candidate_source": "buildings",
        "time_bucket": "5min",
        "time_seconds": 300,
        "coordinates": "31.754490,34.990931",
        "nearest_building_dist_m": 0.0,
        "newly_covered_buildings": 4,
        "newly_covered_people_est": 28
      }
    },
    {
      "type": "Feature",
      "geometry": {
        "type": "Point",
        "coordinates": [
          34.98814491146124,
          31.73947287272277
        ]
      },
      "properties": {
        "rank": 134,
        "distance_metric": "euclidean",
        "placement_mode": "exact",
        "placement_semantics": "exact_point",
        "shelter_id": 125,
        "candidate_source": "buildings",
        "time_bucket": "5min",
        "time_seconds": 300,
        "coordinates": "31.739473,34.988145",
        "nearest_building_dist_m": 0.0,
        "newly_covered_buildings": 1,
        "newly_covered_people_est": 7
      }
    },
    {
      "type": "Feature",
      "geometry": {
        "type": "Point",
        "coordinates": [
          34.983160974043166,
          31.738080806053475
        ]
      },
      "properties": {
        "rank": 135,
        "distance_metric": "euclidean",
        "placement_mode": "exact",
        "placement_semantics": "exact_point",
        "shelter_id": 660,
        "candidate_source": "buildings",
        "time_bucket": "5min",
        "time_seconds": 300,
        "coordinates": "31.738081,34.983161",
        "nearest_building_dist_m": 0.0,
        "newly_covered_buildings": 1,
        "newly_covered_people_est": 7
      }
    },
    {
      "type": "Feature",
      "geometry": {
        "type": "Point",
        "coordinates": [
          34.98963944351249,
          31.745029507050297
        ]
      },
      "properties": {
        "rank": 136,
        "distance_metric": "euclidean",
        "placement_mode": "exact",
        "placement_semantics": "exact_point",
        "shelter_id": 279,
        "candidate_source": "buildings",
        "time_bucket": "5min",
        "time_seconds": 300,
        "coordinates": "31.745030,34.989639",
        "nearest_building_dist_m": 0.0,
        "newly_covered_buildings": 2,
        "newly_covered_people_est": 14
      }
    },
    {
      "type": "Feature",
      "geometry": {
        "type": "Point",
        "coordinates": [
          34.99566045205508,
          31.745615206719567
        ]
      },
      "properties": {
        "rank": 137,
        "distance_metric": "euclidean",
        "placement_mode": "exact",
        "placement_semantics": "exact_point",
        "shelter_id": 833,
        "candidate_source": "buildings",
        "time_bucket": "5min",
        "time_seconds": 300,
        "coordinates": "31.745615,34.995660",
        "nearest_building_dist_m": 0.0,
        "newly_covered_buildings": 2,
        "newly_covered_people_est": 14
      }
    },
    {
      "type": "Feature",
      "geometry": {
        "type": "Point",
        "coordinates": [
          34.96241397917126,
          31.70715512171739
        ]
      },
      "properties": {
        "rank": 138,
        "distance_metric": "euclidean",
        "placement_mode": "exact",
        "placement_semantics": "exact_point",
        "shelter_id": 2260,
        "candidate_source": "buildings",
        "time_bucket": "5min",
        "time_seconds": 300,
        "coordinates": "31.707155,34.962414",
        "nearest_building_dist_m": 0.0,
        "newly_covered_buildings": 7,
        "newly_covered_people_est": 49
      }
    },
    {
      "type": "Feature",
      "geometry": {
        "type": "Point",
        "coordinates": [
          34.9925320641606,
          31.730338970180803
        ]
      },
      "properties": {
        "rank": 139,
        "distance_metric": "euclidean",
        "placement_mode": "exact",
        "placement_semantics": "exact_point",
        "shelter_id": 1056,
        "candidate_source": "buildings",
        "time_bucket": "5min",
        "time_seconds": 300,
        "coordinates": "31.730339,34.992532",
        "nearest_building_dist_m": 0.0,
        "newly_covered_buildings": 1,
        "newly_covered_people_est": 7
      }
    },
    {
      "type": "Feature",
      "geometry": {
        "type": "Point",
        "coordinates": [
          34.99606483444631,
          31.72215449654714
        ]
      },
      "properties": {
        "rank": 140,
        "distance_metric": "euclidean",
        "placement_mode": "exact",
        "placement_semantics": "exact_point",
        "shelter_id": 1181,
        "candidate_source": "buildings",
        "time_bucket": "5min",
        "time_seconds": 300,
        "coordinates": "31.722154,34.996065",
        "nearest_building_dist_m": 0.0,
        "newly_covered_buildings": 2,
        "newly_covered_people_est": 14
      }
    },
    {
      "type": "Feature",
      "geometry": {
        "type": "Point",
        "coordinates": [
          34.98071830573585,
          31.752174245489044
        ]
      },
      "properties": {
        "rank": 141,
        "distance_metric": "euclidean",
        "placement_mode": "exact",
        "placement_semantics": "exact_point",
        "shelter_id": 366,
        "candidate_source": "buildings",
        "time_bucket": "5min",
        "time_seconds": 300,
        "coordinates": "31.752174,34.980718",
        "nearest_building_dist_m": 0.0,
        "newly_covered_buildings": 2,
        "newly_covered_people_est": 14
      }
    },
    {
      "type": "Feature",
      "geometry": {
        "type": "Point",
        "coordinates": [
          34.9772159645607,
          31.74969223970499
        ]
      },
      "properties": {
        "rank": 142,
        "distance_metric": "euclidean",
        "placement_mode": "exact",
        "placement_semantics": "exact_point",
        "shelter_id": 147,
        "candidate_source": "buildings",
        "time_bucket": "5min",
        "time_seconds": 300,
        "coordinates": "31.749692,34.977216",
        "nearest_building_dist_m": 0.0,
        "newly_covered_buildings": 2,
        "newly_covered_people_est": 14
      }
    },
    {
      "type": "Feature",
      "geometry": {
        "type": "Point",
        "coordinates": [
          34.998772036531925,
          31.752494087810426
        ]
      },
      "properties": {
        "rank": 143,
        "distance_metric": "euclidean",
        "placement_mode": "exact",
        "placement_semantics": "exact_point",
        "shelter_id": 348,
        "candidate_source": "buildings",
        "time_bucket": "5min",
        "time_seconds": 300,
        "coordinates": "31.752494,34.998772",
        "nearest_building_dist_m": 0.0,
        "newly_covered_buildings": 1,
        "newly_covered_people_est": 7
      }
    },
    {
      "type": "Feature",
      "geometry": {
        "type": "Point",
        "coordinates": [
          35.00076844112856,
          31.75087930689709
        ]
      },
      "properties": {
        "rank": 144,
        "distance_metric": "euclidean",
        "placement_mode": "exact",
        "placement_semantics": "exact_point",
        "shelter_id": 1209,
        "candidate_source": "buildings",
        "time_bucket": "5min",
        "time_seconds": 300,
        "coordinates": "31.750879,35.000768",
        "nearest_building_dist_m": 0.0,
        "newly_covered_buildings": 1,
        "newly_covered_people_est": 7
      }
    },
    {
      "type": "Feature",
      "geometry": {
        "type": "Point",
        "coordinates": [
          34.95498577347256,
          31.732879715067178
        ]
      },
      "properties": {
        "rank": 145,
        "distance_metric": "euclidean",
        "placement_mode": "exact",
        "placement_semantics": "exact_point",
        "shelter_id": 159,
        "candidate_source": "buildings",
        "time_bucket": "5min",
        "time_seconds": 300,
        "coordinates": "31.732880,34.954986",
        "nearest_building_dist_m": 0.0,
        "newly_covered_buildings": 6,
        "newly_covered_people_est": 42
      }
    },
    {
      "type": "Feature",
      "geometry": {
        "type": "Point",
        "coordinates": [
          34.97462521154665,
          31.743759602033986
        ]
      },
      "properties": {
        "rank": 146,
        "distance_metric": "euclidean",
        "placement_mode": "exact",
        "placement_semantics": "exact_point",
        "shelter_id": 276,
        "candidate_source": "buildings",
        "time_bucket": "5min",
        "time_seconds": 300,
        "coordinates": "31.743760,34.974625",
        "nearest_building_dist_m": 0.0,
        "newly_covered_buildings": 2,
        "newly_covered_people_est": 14
      }
    },
    {
      "type": "Feature",
      "geometry": {
        "type": "Point",
        "coordinates": [
          34.976281260471644,
          31.742731198330326
        ]
      },
      "properties": {
        "rank": 147,
        "distance_metric": "euclidean",
        "placement_mode": "exact",
        "placement_semantics": "exact_point",
        "shelter_id": 630,
        "candidate_source": "buildings",
        "time_bucket": "5min",
        "time_seconds": 300,
        "coordinates": "31.742731,34.976281",
        "nearest_building_dist_m": 0.0,
        "newly_covered_buildings": 1,
        "newly_covered_people_est": 7
      }
    },
    {
      "type": "Feature",
      "geometry": {
        "type": "Point",
        "coordinates": [
          34.991177803357836,
          31.76815736307359
        ]
      },
      "properties": {
        "rank": 148,
        "distance_metric": "euclidean",
        "placement_mode": "exact",
        "placement_semantics": "exact_point",
        "shelter_id": 926,
        "candidate_source": "buildings",
        "time_bucket": "5min",
        "time_seconds": 300,
        "coordinates": "31.768157,34.991178",
        "nearest_building_dist_m": 0.0,
        "newly_covered_buildings": 6,
        "newly_covered_people_est": 42
      }
    },
    {
      "type": "Feature",
      "geometry": {
        "type": "Point",
        "coordinates": [
          34.975091626661225,
          31.72473002979393
        ]
      },
      "properties": {
        "rank": 149,
        "distance_metric": "euclidean",
        "placement_mode": "exact",
        "placement_semantics": "exact_point",
        "shelter_id": 1029,
        "candidate_source": "buildings",
        "time_bucket": "5min",
        "time_seconds": 300,
        "coordinates": "31.724730,34.975092",
        "nearest_building_dist_m": 0.0,
        "newly_covered_buildings": 6,
        "newly_covered_people_est": 42
      }
    },
    {
      "type": "Feature",
      "geometry": {
        "type": "Point",
        "coordinates": [
          34.97887865815838,
          31.740778895778984
        ]
      },
      "properties": {
        "rank": 150,
        "distance_metric": "euclidean",
        "placement_mode": "exact",
        "placement_semantics": "exact_point",
        "shelter_id": 1039,
        "candidate_source": "buildings",
        "time_bucket": "5min",
        "time_seconds": 300,
        "coordinates": "31.740779,34.978879",
        "nearest_building_dist_m": 0.0,
        "newly_covered_buildings": 2,
        "newly_covered_people_est": 14
      }
    },
    {
      "type": "Feature",
      "geometry": {
        "type": "Point",
        "coordinates": [
          34.990990866489675,
          31.757367399269818
        ]
      },
      "properties": {
        "rank": 151,
        "distance_metric": "euclidean",
        "placement_mode": "exact",
        "placement_semantics": "exact_point",
        "shelter_id": 1300,
        "candidate_source": "buildings",
        "time_bucket": "5min",
        "time_seconds": 300,
        "coordinates": "31.757367,34.990991",
        "nearest_building_dist_m": 0.0,
        "newly_covered_buildings": 6,
        "newly_covered_people_est": 42
      }
    },
    {
      "type": "Feature",
      "geometry": {
        "type": "Point",
        "coordinates": [
          34.94877083589666,
          31.739293724783632
        ]
      },
      "properties": {
        "rank": 152,
        "distance_metric": "euclidean",
        "placement_mode": "exact",
        "placement_semantics": "exact_point",
        "shelter_id": 1887,
        "candidate_source": "buildings",
        "time_bucket": "5min",
        "time_seconds": 300,
        "coordinates": "31.739294,34.948771",
        "nearest_building_dist_m": 0.0,
        "newly_covered_buildings": 6,
        "newly_covered_people_est": 42
      }
    },
    {
      "type": "Feature",
      "geometry": {
        "type": "Point",
        "coordinates": [
          34.98760711791824,
          31.754455305292385
        ]
      },
      "properties": {
        "rank": 153,
        "distance_metric": "euclidean",
        "placement_mode": "exact",
        "placement_semantics": "exact_point",
        "shelter_id": 1945,
        "candidate_source": "buildings",
        "time_bucket": "5min",
        "time_seconds": 300,
        "coordinates": "31.754455,34.987607",
        "nearest_building_dist_m": 0.0,
        "newly_covered_buildings": 2,
        "newly_covered_people_est": 14
      }
    },
    {
      "type": "Feature",
      "geometry": {
        "type": "Point",
        "coordinates": [
          34.96011569270817,
          31.710440895112356
        ]
      },
      "properties": {
        "rank": 154,
        "distance_metric": "euclidean",
        "placement_mode": "exact",
        "placement_semantics": "exact_point",
        "shelter_id": 2148,
        "candidate_source": "buildings",
        "time_bucket": "5min",
        "time_seconds": 300,
        "coordinates": "31.710441,34.960116",
        "nearest_building_dist_m": 0.0,
        "newly_covered_buildings": 6,
        "newly_covered_people_est": 42
      }
    },
    {
      "type": "Feature",
      "geometry": {
        "type": "Point",
        "coordinates": [
          34.99594259947664,
          31.759917300681668
        ]
      },
      "properties": {
        "rank": 155,
        "distance_metric": "euclidean",
        "placement_mode": "exact",
        "placement_semantics": "exact_point",
        "shelter_id": 2415,
        "candidate_source": "network_nodes",
        "time_bucket": "5min",
        "time_seconds": 300,
        "coordinates": "31.759917,34.995943",
        "nearest_building_dist_m": 46.54,
        "newly_covered_buildings": 6,
        "newly_covered_people_est": 42
      }
    },
    {
      "type": "Feature",
      "geometry": {
        "type": "Point",
        "coordinates": [
          34.99546506445424,
          31.753080428662226
        ]
      },
      "properties": {
        "rank": 156,
        "distance_metric": "euclidean",
        "placement_mode": "exact",
        "placement_semantics": "exact_point",
        "shelter_id": 237,
        "candidate_source": "buildings",
        "time_bucket": "5min",
        "time_seconds": 300,
        "coordinates": "31.753080,34.995465",
        "nearest_building_dist_m": 0.0,
        "newly_covered_buildings": 2,
        "newly_covered_people_est": 14
      }
    },
    {
      "type": "Feature",
      "geometry": {
        "type": "Point",
        "coordinates": [
          34.9891419566541,
          31.723465943421623
        ]
      },
      "properties": {
        "rank": 157,
        "distance_metric": "euclidean",
        "placement_mode": "exact",
        "placement_semantics": "exact_point",
        "shelter_id": 1054,
        "candidate_source": "buildings",
        "time_bucket": "5min",
        "time_seconds": 300,
        "coordinates": "31.723466,34.989142",
        "nearest_building_dist_m": 0.0,
        "newly_covered_buildings": 1,
        "newly_covered_people_est": 7
      }
    },
    {
      "type": "Feature",
      "geometry": {
        "type": "Point",
        "coordinates": [
          34.99689397362547,
          31.7403766963502
        ]
      },
      "properties": {
        "rank": 158,
        "distance_metric": "euclidean",
        "placement_mode": "exact",
        "placement_semantics": "exact_point",
        "shelter_id": 421,
        "candidate_source": "buildings",
        "time_bucket": "5min",
        "time_seconds": 300,
        "coordinates": "31.740377,34.996894",
        "nearest_building_dist_m": 0.0,
        "newly_covered_buildings": 1,
        "newly_covered_people_est": 7
      }
    },
    {
      "type": "Feature",
      "geometry": {
        "type": "Point",
        "coordinates": [
          34.99530284147147,
          31.742424378132725
        ]
      },
      "properties": {
        "rank": 159,
        "distance_metric": "euclidean",
        "placement_mode": "exact",
        "placement_semantics": "exact_point",
        "shelter_id": 649,
        "candidate_source": "buildings",
        "time_bucket": "5min",
        "time_seconds": 300,
        "coordinates": "31.742424,34.995303",
        "nearest_building_dist_m": 0.0,
        "newly_covered_buildings": 1,
        "newly_covered_people_est": 7
      }
    },
    {
      "type": "Feature",
      "geometry": {
        "type": "Point",
        "coordinates": [
          34.98514897740239,
          31.702107594305417
        ]
      },
      "properties": {
        "rank": 160,
        "distance_metric": "euclidean",
        "placement_mode": "exact",
        "placement_semantics": "exact_point",
        "shelter_id": 212,
        "candidate_source": "buildings",
        "time_bucket": "5min",
        "time_seconds": 300,
        "coordinates": "31.702108,34.985149",
        "nearest_building_dist_m": 0.0,
        "newly_covered_buildings": 1,
        "newly_covered_people_est": 7
      }
    },
    {
      "type": "Feature",
      "geometry": {
        "type": "Point",
        "coordinates": [
          34.99293473796019,
          31.73787789785235
        ]
      },
      "properties": {
        "rank": 161,
        "distance_metric": "euclidean",
        "placement_mode": "exact",
        "placement_semantics": "exact_point",
        "shelter_id": 782,
        "candidate_source": "buildings",
        "time_bucket": "5min",
        "time_seconds": 300,
        "coordinates": "31.737878,34.992935",
        "nearest_building_dist_m": 0.0,
        "newly_covered_buildings": 1,
        "newly_covered_people_est": 7
      }
    },
    {
      "type": "Feature",
      "geometry": {
        "type": "Point",
        "coordinates": [
          34.997008326719794,
          31.720691368715727
        ]
      },
      "properties": {
        "rank": 162,
        "distance_metric": "euclidean",
        "placement_mode": "exact",
        "placement_semantics": "exact_point",
        "shelter_id": 12,
        "candidate_source": "buildings",
        "time_bucket": "5min",
        "time_seconds": 300,
        "coordinates": "31.720691,34.997008",
        "nearest_building_dist_m": 0.0,
        "newly_covered_buildings": 1,
        "newly_covered_people_est": 7
      }
    },
    {
      "type": "Feature",
      "geometry": {
        "type": "Point",
        "coordinates": [
          34.97733571947431,
          31.71427813855425
        ]
      },
      "properties": {
        "rank": 163,
        "distance_metric": "euclidean",
        "placement_mode": "exact",
        "placement_semantics": "exact_point",
        "shelter_id": 296,
        "candidate_source": "buildings",
        "time_bucket": "5min",
        "time_seconds": 300,
        "coordinates": "31.714278,34.977336",
        "nearest_building_dist_m": 0.0,
        "newly_covered_buildings": 5,
        "newly_covered_people_est": 35
      }
    },
    {
      "type": "Feature",
      "geometry": {
        "type": "Point",
        "coordinates": [
          34.99945141993591,
          31.757747364782194
        ]
      },
      "properties": {
        "rank": 164,
        "distance_metric": "euclidean",
        "placement_mode": "exact",
        "placement_semantics": "exact_point",
        "shelter_id": 624,
        "candidate_source": "buildings",
        "time_bucket": "5min",
        "time_seconds": 300,
        "coordinates": "31.757747,34.999451",
        "nearest_building_dist_m": 0.0,
        "newly_covered_buildings": 5,
        "newly_covered_people_est": 35
      }
    },
    {
      "type": "Feature",
      "geometry": {
        "type": "Point",
        "coordinates": [
          35.00161396863465,
          31.705433845116175
        ]
      },
      "properties": {
        "rank": 165,
        "distance_metric": "euclidean",
        "placement_mode": "exact",
        "placement_semantics": "exact_point",
        "shelter_id": 2087,
        "candidate_source": "buildings",
        "time_bucket": "5min",
        "time_seconds": 300,
        "coordinates": "31.705434,35.001614",
        "nearest_building_dist_m": 0.0,
        "newly_covered_buildings": 5,
        "newly_covered_people_est": 35
      }
    },
    {
      "type": "Feature",
      "geometry": {
        "type": "Point",
        "coordinates": [
          34.962763679217396,
          31.708988046576646
        ]
      },
      "properties": {
        "rank": 166,
        "distance_metric": "euclidean",
        "placement_mode": "exact",
        "placement_semantics": "exact_point",
        "shelter_id": 2141,
        "candidate_source": "buildings",
        "time_bucket": "5min",
        "time_seconds": 300,
        "coordinates": "31.708988,34.962764",
        "nearest_building_dist_m": 0.0,
        "newly_covered_buildings": 5,
        "newly_covered_people_est": 35
      }
    },
    {
      "type": "Feature",
      "geometry": {
        "type": "Point",
        "coordinates": [
          34.99724989947653,
          31.75900830068186
        ]
      },
      "properties": {
        "rank": 167,
        "distance_metric": "euclidean",
        "placement_mode": "exact",
        "placement_semantics": "exact_point",
        "shelter_id": 3312,
        "candidate_source": "network_nodes",
        "time_bucket": "5min",
        "time_seconds": 300,
        "coordinates": "31.759008,34.997250",
        "nearest_building_dist_m": 38.22,
        "newly_covered_buildings": 5,
        "newly_covered_people_est": 35
      }
    },
    {
      "type": "Feature",
      "geometry": {
        "type": "Point",
        "coordinates": [
          34.95581429947622,
          31.73582020068173
        ]
      },
      "properties": {
        "rank": 168,
        "distance_metric": "euclidean",
        "placement_mode": "exact",
        "placement_semantics": "exact_point",
        "shelter_id": 3679,
        "candidate_source": "network_nodes",
        "time_bucket": "5min",
        "time_seconds": 300,
        "coordinates": "31.735820,34.955814",
        "nearest_building_dist_m": 62.48,
        "newly_covered_buildings": 5,
        "newly_covered_people_est": 35
      }
    },
    {
      "type": "Feature",
      "geometry": {
        "type": "Point",
        "coordinates": [
          35.00538969947196,
          31.699499800688557
        ]
      },
      "properties": {
        "rank": 169,
        "distance_metric": "euclidean",
        "placement_mode": "exact",
        "placement_semantics": "exact_point",
        "shelter_id": 3904,
        "candidate_source": "network_nodes",
        "time_bucket": "5min",
        "time_seconds": 300,
        "coordinates": "31.699500,35.005390",
        "nearest_building_dist_m": 41.04,
        "newly_covered_buildings": 5,
        "newly_covered_people_est": 35
      }
    },
    {
      "type": "Feature",
      "geometry": {
        "type": "Point",
        "coordinates": [
          34.97091371350186,
          31.70042778633251
        ]
      },
      "properties": {
        "rank": 170,
        "distance_metric": "euclidean",
        "placement_mode": "exact",
        "placement_semantics": "exact_point",
        "shelter_id": 259,
        "candidate_source": "buildings",
        "time_bucket": "5min",
        "time_seconds": 300,
        "coordinates": "31.700428,34.970914",
        "nearest_building_dist_m": 0.0,
        "newly_covered_buildings": 1,
        "newly_covered_people_est": 7
      }
    },
    {
      "type": "Feature",
      "geometry": {
        "type": "Point",
        "coordinates": [
          34.992240971298266,
          31.711807268100273
        ]
      },
      "properties": {
        "rank": 171,
        "distance_metric": "euclidean",
        "placement_mode": "exact",
        "placement_semantics": "exact_point",
        "shelter_id": 1031,
        "candidate_source": "buildings",
        "time_bucket": "5min",
        "time_seconds": 300,
        "coordinates": "31.711807,34.992241",
        "nearest_building_dist_m": 0.0,
        "newly_covered_buildings": 1,
        "newly_covered_people_est": 7
      }
    },
    {
      "type": "Feature",
      "geometry": {
        "type": "Point",
        "coordinates": [
          34.98925555628228,
          31.710573957690205
        ]
      },
      "properties": {
        "rank": 172,
        "distance_metric": "euclidean",
        "placement_mode": "exact",
        "placement_semantics": "exact_point",
        "shelter_id": 2038,
        "candidate_source": "buildings",
        "time_bucket": "5min",
        "time_seconds": 300,
        "coordinates": "31.710574,34.989256",
        "nearest_building_dist_m": 0.0,
        "newly_covered_buildings": 1,
        "newly_covered_people_est": 7
      }
    },
    {
      "type": "Feature",
      "geometry": {
        "type": "Point",
        "coordinates": [
          34.99374146073118,
          31.70225758231634
        ]
      },
      "properties": {
        "rank": 173,
        "distance_metric": "euclidean",
        "placement_mode": "exact",
        "placement_semantics": "exact_point",
        "shelter_id": 74,
        "candidate_source": "buildings",
        "time_bucket": "5min",
        "time_seconds": 300,
        "coordinates": "31.702258,34.993741",
        "nearest_building_dist_m": 0.0,
        "newly_covered_buildings": 1,
        "newly_covered_people_est": 7
      }
    },
    {
      "type": "Feature",
      "geometry": {
        "type": "Point",
        "coordinates": [
          34.99835008186069,
          31.710659373179187
        ]
      },
      "properties": {
        "rank": 174,
        "distance_metric": "euclidean",
        "placement_mode": "exact",
        "placement_semantics": "exact_point",
        "shelter_id": 148,
        "candidate_source": "buildings",
        "time_bucket": "5min",
        "time_seconds": 300,
        "coordinates": "31.710659,34.998350",
        "nearest_building_dist_m": 0.0,
        "newly_covered_buildings": 1,
        "newly_covered_people_est": 7
      }
    },
    {
      "type": "Feature",
      "geometry": {
        "type": "Point",
        "coordinates": [
          34.99095079361267,
          31.703059465330305
        ]
      },
      "properties": {
        "rank": 175,
        "distance_metric": "euclidean",
        "placement_mode": "exact",
        "placement_semantics": "exact_point",
        "shelter_id": 478,
        "candidate_source": "buildings",
        "time_bucket": "5min",
        "time_seconds": 300,
        "coordinates": "31.703059,34.990951",
        "nearest_building_dist_m": 0.0,
        "newly_covered_buildings": 1,
        "newly_covered_people_est": 7
      }
    },
    {
      "type": "Feature",
      "geometry": {
        "type": "Point",
        "coordinates": [
          35.00105042894784,
          31.70772724504899
        ]
      },
      "properties": {
        "rank": 176,
        "distance_metric": "euclidean",
        "placement_mode": "exact",
        "placement_semantics": "exact_point",
        "shelter_id": 1557,
        "candidate_source": "buildings",
        "time_bucket": "5min",
        "time_seconds": 300,
        "coordinates": "31.707727,35.001050",
        "nearest_building_dist_m": 0.0,
        "newly_covered_buildings": 1,
        "newly_covered_people_est": 7
      }
    },
    {
      "type": "Feature",
      "geometry": {
        "type": "Point",
        "coordinates": [
          34.99405538603185,
          31.704392892344107
        ]
      },
      "properties": {
        "rank": 177,
        "distance_metric": "euclidean",
        "placement_mode": "exact",
        "placement_semantics": "exact_point",
        "shelter_id": 2098,
        "candidate_source": "buildings",
        "time_bucket": "5min",
        "time_seconds": 300,
        "coordinates": "31.704393,34.994055",
        "nearest_building_dist_m": 0.0,
        "newly_covered_buildings": 1,
        "newly_covered_people_est": 7
      }
    },
    {
      "type": "Feature",
      "geometry": {
        "type": "Point",
        "coordinates": [
          34.99975041186936,
          31.706124700072092
        ]
      },
      "properties": {
        "rank": 178,
        "distance_metric": "euclidean",
        "placement_mode": "exact",
        "placement_semantics": "exact_point",
        "shelter_id": 205,
        "candidate_source": "buildings",
        "time_bucket": "5min",
        "time_seconds": 300,
        "coordinates": "31.706125,34.999750",
        "nearest_building_dist_m": 0.0,
        "newly_covered_buildings": 1,
        "newly_covered_people_est": 7
      }
    },
    {
      "type": "Feature",
      "geometry": {
        "type": "Point",
        "coordinates": [
          35.00498811265796,
          31.71204686485392
        ]
      },
      "properties": {
        "rank": 179,
        "distance_metric": "euclidean",
        "placement_mode": "exact",
        "placement_semantics": "exact_point",
        "shelter_id": 181,
        "candidate_source": "buildings",
        "time_bucket": "5min",
        "time_seconds": 300,
        "coordinates": "31.712047,35.004988",
        "nearest_building_dist_m": 0.0,
        "newly_covered_buildings": 1,
        "newly_covered_people_est": 7
      }
    },
    {
      "type": "Feature",
      "geometry": {
        "type": "Point",
        "coordinates": [
          35.00174064724772,
          31.718798681393643
        ]
      },
      "properties": {
        "rank": 180,
        "distance_metric": "euclidean",
        "placement_mode": "exact",
        "placement_semantics": "exact_point",
        "shelter_id": 1274,
        "candidate_source": "buildings",
        "time_bucket": "5min",
        "time_seconds": 300,
        "coordinates": "31.718799,35.001741",
        "nearest_building_dist_m": 0.0,
        "newly_covered_buildings": 1,
        "newly_covered_people_est": 7
      }
    },
    {
      "type": "Feature",
      "geometry": {
        "type": "Point",
        "coordinates": [
          34.97555661741829,
          31.719371225844604
        ]
      },
      "properties": {
        "rank": 181,
        "distance_metric": "euclidean",
        "placement_mode": "exact",
        "placement_semantics": "exact_point",
        "shelter_id": 758,
        "candidate_source": "buildings",
        "time_bucket": "5min",
        "time_seconds": 300,
        "coordinates": "31.719371,34.975557",
        "nearest_building_dist_m": 0.0,
        "newly_covered_buildings": 1,
        "newly_covered_people_est": 7
      }
    },
    {
      "type": "Feature",
      "geometry": {
        "type": "Point",
        "coordinates": [
          35.00100723123678,
          31.70956984268386
        ]
      },
      "properties": {
        "rank": 182,
        "distance_metric": "euclidean",
        "placement_mode": "exact",
        "placement_semantics": "exact_point",
        "shelter_id": 1215,
        "candidate_source": "buildings",
        "time_bucket": "5min",
        "time_seconds": 300,
        "coordinates": "31.709570,35.001007",
        "nearest_building_dist_m": 0.0,
        "newly_covered_buildings": 1,
        "newly_covered_people_est": 7
      }
    },
    {
      "type": "Feature",
      "geometry": {
        "type": "Point",
        "coordinates": [
          34.95890853657169,
          31.729770074216074
        ]
      },
      "properties": {
        "rank": 183,
        "distance_metric": "euclidean",
        "placement_mode": "exact",
        "placement_semantics": "exact_point",
        "shelter_id": 336,
        "candidate_source": "buildings",
        "time_bucket": "5min",
        "time_seconds": 300,
        "coordinates": "31.729770,34.958909",
        "nearest_building_dist_m": 0.0,
        "newly_covered_buildings": 4,
        "newly_covered_people_est": 28
      }
    },
    {
      "type": "Feature",
      "geometry": {
        "type": "Point",
        "coordinates": [
          34.99482882418994,
          31.75544291504359
        ]
      },
      "properties": {
        "rank": 184,
        "distance_metric": "euclidean",
        "placement_mode": "exact",
        "placement_semantics": "exact_point",
        "shelter_id": 777,
        "candidate_source": "buildings",
        "time_bucket": "5min",
        "time_seconds": 300,
        "coordinates": "31.755443,34.994829",
        "nearest_building_dist_m": 0.0,
        "newly_covered_buildings": 4,
        "newly_covered_people_est": 28
      }
    },
    {
      "type": "Feature",
      "geometry": {
        "type": "Point",
        "coordinates": [
          34.956380325224906,
          31.7379621212872
        ]
      },
      "properties": {
        "rank": 185,
        "distance_metric": "euclidean",
        "placement_mode": "exact",
        "placement_semantics": "exact_point",
        "shelter_id": 999,
        "candidate_source": "buildings",
        "time_bucket": "5min",
        "time_seconds": 300,
        "coordinates": "31.737962,34.956380",
        "nearest_building_dist_m": 0.0,
        "newly_covered_buildings": 4,
        "newly_covered_people_est": 28
      }
    },
    {
      "type": "Feature",
      "geometry": {
        "type": "Point",
        "coordinates": [
          34.95761857525991,
          31.732163238782416
        ]
      },
      "properties": {
        "rank": 186,
        "distance_metric": "euclidean",
        "placement_mode": "exact",
        "placement_semantics": "exact_point",
        "shelter_id": 1842,
        "candidate_source": "buildings",
        "time_bucket": "5min",
        "time_seconds": 300,
        "coordinates": "31.732163,34.957619",
        "nearest_building_dist_m": 0.0,
        "newly_covered_buildings": 4,
        "newly_covered_people_est": 28
      }
    },
    {
      "type": "Feature",
      "geometry": {
        "type": "Point",
        "coordinates": [
          34.95073441219323,
          31.739942396428244
        ]
      },
      "properties": {
        "rank": 187,
        "distance_metric": "euclidean",
        "placement_mode": "exact",
        "placement_semantics": "exact_point",
        "shelter_id": 1883,
        "candidate_source": "buildings",
        "time_bucket": "5min",
        "time_seconds": 300,
        "coordinates": "31.739942,34.950734",
        "nearest_building_dist_m": 0.0,
        "newly_covered_buildings": 4,
        "newly_covered_people_est": 28
      }
    },
    {
      "type": "Feature",
      "geometry": {
        "type": "Point",
        "coordinates": [
          35.00026715024822,
          31.704579092648224
        ]
      },
      "properties": {
        "rank": 188,
        "distance_metric": "euclidean",
        "placement_mode": "exact",
        "placement_semantics": "exact_point",
        "shelter_id": 2091,
        "candidate_source": "buildings",
        "time_bucket": "5min",
        "time_seconds": 300,
        "coordinates": "31.704579,35.000267",
        "nearest_building_dist_m": 0.0,
        "newly_covered_buildings": 4,
        "newly_covered_people_est": 28
      }
    },
    {
      "type": "Feature",
      "geometry": {
        "type": "Point",
        "coordinates": [
          34.99558629947675,
          31.76118190068153
        ]
      },
      "properties": {
        "rank": 189,
        "distance_metric": "euclidean",
        "placement_mode": "exact",
        "placement_semantics": "exact_point",
        "shelter_id": 6011,
        "candidate_source": "network_nodes",
        "time_bucket": "5min",
        "time_seconds": 300,
        "coordinates": "31.761182,34.995586",
        "nearest_building_dist_m": 47.35,
        "newly_covered_buildings": 4,
        "newly_covered_people_est": 28
      }
    },
    {
      "type": "Feature",
      "geometry": {
        "type": "Point",
        "coordinates": [
          34.97967215036744,
          31.750458373259054
        ]
      },
      "properties": {
        "rank": 190,
        "distance_metric": "euclidean",
        "placement_mode": "exact",
        "placement_semantics": "exact_point",
        "shelter_id": 95,
        "candidate_source": "buildings",
        "time_bucket": "5min",
        "time_seconds": 300,
        "coordinates": "31.750458,34.979672",
        "nearest_building_dist_m": 0.0,
        "newly_covered_buildings": 1,
        "newly_covered_people_est": 7
      }
    },
    {
      "type": "Feature",
      "geometry": {
        "type": "Point",
        "coordinates": [
          34.984749163441755,
          31.74782427437885
        ]
      },
      "properties": {
        "rank": 191,
        "distance_metric": "euclidean",
        "placement_mode": "exact",
        "placement_semantics": "exact_point",
        "shelter_id": 108,
        "candidate_source": "buildings",
        "time_bucket": "5min",
        "time_seconds": 300,
        "coordinates": "31.747824,34.984749",
        "nearest_building_dist_m": 0.0,
        "newly_covered_buildings": 1,
        "newly_covered_people_est": 7
      }
    },
    {
      "type": "Feature",
      "geometry": {
        "type": "Point",
        "coordinates": [
          35.014455582240096,
          31.759410277630266
        ]
      },
      "properties": {
        "rank": 192,
        "distance_metric": "euclidean",
        "placement_mode": "exact",
        "placement_semantics": "exact_point",
        "shelter_id": 177,
        "candidate_source": "buildings",
        "time_bucket": "5min",
        "time_seconds": 300,
        "coordinates": "31.759410,35.014456",
        "nearest_building_dist_m": 0.0,
        "newly_covered_buildings": 3,
        "newly_covered_people_est": 21
      }
    },
    {
      "type": "Feature",
      "geometry": {
        "type": "Point",
        "coordinates": [
          34.98992137605759,
          31.77020609661648
        ]
      },
      "properties": {
        "rank": 193,
        "distance_metric": "euclidean",
        "placement_mode": "exact",
        "placement_semantics": "exact_point",
        "shelter_id": 257,
        "candidate_source": "buildings",
        "time_bucket": "5min",
        "time_seconds": 300,
        "coordinates": "31.770206,34.989921",
        "nearest_building_dist_m": 0.0,
        "newly_covered_buildings": 3,
        "newly_covered_people_est": 21
      }
    },
    {
      "type": "Feature",
      "geometry": {
        "type": "Point",
        "coordinates": [
          34.96173923677526,
          31.727005154400853
        ]
      },
      "properties": {
        "rank": 194,
        "distance_metric": "euclidean",
        "placement_mode": "exact",
        "placement_semantics": "exact_point",
        "shelter_id": 334,
        "candidate_source": "buildings",
        "time_bucket": "5min",
        "time_seconds": 300,
        "coordinates": "31.727005,34.961739",
        "nearest_building_dist_m": 0.0,
        "newly_covered_buildings": 3,
        "newly_covered_people_est": 21
      }
    },
    {
      "type": "Feature",
      "geometry": {
        "type": "Point",
        "coordinates": [
          34.99778591676462,
          31.753098441489335
        ]
      },
      "properties": {
        "rank": 195,
        "distance_metric": "euclidean",
        "placement_mode": "exact",
        "placement_semantics": "exact_point",
        "shelter_id": 679,
        "candidate_source": "buildings",
        "time_bucket": "5min",
        "time_seconds": 300,
        "coordinates": "31.753098,34.997786",
        "nearest_building_dist_m": 0.0,
        "newly_covered_buildings": 3,
        "newly_covered_people_est": 21
      }
    },
    {
      "type": "Feature",
      "geometry": {
        "type": "Point",
        "coordinates": [
          34.97823055014615,
          31.726769209999528
        ]
      },
      "properties": {
        "rank": 196,
        "distance_metric": "euclidean",
        "placement_mode": "exact",
        "placement_semantics": "exact_point",
        "shelter_id": 746,
        "candidate_source": "buildings",
        "time_bucket": "5min",
        "time_seconds": 300,
        "coordinates": "31.726769,34.978231",
        "nearest_building_dist_m": 0.0,
        "newly_covered_buildings": 3,
        "newly_covered_people_est": 21
      }
    },
    {
      "type": "Feature",
      "geometry": {
        "type": "Point",
        "coordinates": [
          34.975969935459005,
          31.745663901200963
        ]
      },
      "properties": {
        "rank": 197,
        "distance_metric": "euclidean",
        "placement_mode": "exact",
        "placement_semantics": "exact_point",
        "shelter_id": 917,
        "candidate_source": "buildings",
        "time_bucket": "5min",
        "time_seconds": 300,
        "coordinates": "31.745664,34.975970",
        "nearest_building_dist_m": 0.0,
        "newly_covered_buildings": 1,
        "newly_covered_people_est": 7
      }
    },
    {
      "type": "Feature",
      "geometry": {
        "type": "Point",
        "coordinates": [
          35.00200557296687,
          31.760177756897146
        ]
      },
      "properties": {
        "rank": 198,
        "distance_metric": "euclidean",
        "placement_mode": "exact",
        "placement_semantics": "exact_point",
        "shelter_id": 1078,
        "candidate_source": "buildings",
        "time_bucket": "5min",
        "time_seconds": 300,
        "coordinates": "31.760178,35.002006",
        "nearest_building_dist_m": 0.0,
        "newly_covered_buildings": 3,
        "newly_covered_people_est": 21
      }
    },
    {
      "type": "Feature",
      "geometry": {
        "type": "Point",
        "coordinates": [
          34.99752233140067,
          31.756954815930587
        ]
      },
      "properties": {
        "rank": 199,
        "distance_metric": "euclidean",
        "placement_mode": "exact",
        "placement_semantics": "exact_point",
        "shelter_id": 1084,
        "candidate_source": "buildings",
        "time_bucket": "5min",
        "time_seconds": 300,
        "coordinates": "31.756955,34.997522",
        "nearest_building_dist_m": 0.0,
        "newly_covered_buildings": 3,
        "newly_covered_people_est": 21
      }
    },
    {
      "type": "Feature",
      "geometry": {
        "type": "Point",
        "coordinates": [
          34.97979341881044,
          31.74528555445051
        ]
      },
      "properties": {
        "rank": 200,
        "distance_metric": "euclidean",
        "placement_mode": "exact",
        "placement_semantics": "exact_point",
        "shelter_id": 1245,
        "candidate_source": "buildings",
        "time_bucket": "5min",
        "time_seconds": 300,
        "coordinates": "31.745286,34.979793",
        "nearest_building_dist_m": 0.0,
        "newly_covered_buildings": 1,
        "newly_covered_people_est": 7
      }
    }
  ]
}