{
  "type": "FeatureCollection",
  "features": [
    {
      "type": "Feature",
      "geometry": {
        "type": "Point",
        "coordinates": [
          34.994328385400664,
          31.76101038024822
        ]
      },
      "properties": {
        "rank": 1,
        "distance_metric": "euclidean",
        "placement_mode": "exact",
        "placement_semantics": "exact_point",
        "shelter_id": 5545,
        "candidate_source": "network_nodes",
        "time_bucket": "5min",
        "time_seconds": 300,
        "coordinates": "31.761010,34.994328",
        "nearest_building_dist_m": 22.71,
        "newly_covered_buildings": 19,
        "newly_covered_people_est": 133
      }
    },
    {
      "type": "Feature",
      "geometry": {
        "type": "Point",
        "coordinates": [
          34.987334658728784,
          31.753938817519625
        ]
      },
      "properties": {
        "rank": 2,
        "distance_metric": "euclidean",
        "placement_mode": "exact",
        "placement_semantics": "exact_point",
        "shelter_id": 5861,
        "candidate_source": "network_nodes",
        "time_bucket": "5min",
        "time_seconds": 300,
        "coordinates": "31.753939,34.987335",
        "nearest_building_dist_m": 14.81,
        "newly_covered_buildings": 18,
        "newly_covered_people_est": 126
      }
    },
    {
      "type": "Feature",
      "geometry": {
        "type": "Point",
        "coordinates": [
          35.01525896707492,
          31.761083710400175
        ]
      },
      "properties": {
        "rank": 3,
        "distance_metric": "euclidean",
        "placement_mode": "exact",
        "placement_semantics": "exact_point",
        "shelter_id": 194,
        "candidate_source": "buildings",
        "time_bucket": "5min",
        "time_seconds": 300,
        "coordinates": "31.761084,35.015259",
        "nearest_building_dist_m": 0.0,
        "newly_covered_buildings": 17,
        "newly_covered_people_est": 119
      }
    },
    {
      "type": "Feature",
      "geometry": {
        "type": "Point",
        "coordinates": [
          34.97607574418406,
          31.724639276462618
        ]
      },
      "properties": {
        "rank": 4,
        "distance_metric": "euclidean",
        "placement_mode": "exact",
        "placement_semantics": "exact_point",
        "shelter_id": 606,
        "candidate_source": "buildings",
        "time_bucket": "5min",
        "time_seconds": 300,
        "coordinates": "31.724639,34.976076",
        "nearest_building_dist_m": 0.0,
        "newly_covered_buildings": 17,
        "newly_covered_people_est": 119
      }
    },
    {
      "type": "Feature",
      "geometry": {
        "type": "Point",
        "coordinates": [
          34.97889006461258,
          31.721871810916827
        ]
      },
      "properties": {
        "rank": 5,
        "distance_metric": "euclidean",
        "placement_mode": "exact",
        "placement_semantics": "exact_point",
        "shelter_id": 6063,
        "candidate_source": "network_nodes",
        "time_bucket": "5min",
        "time_seconds": 300,
        "coordinates": "31.721872,34.978890",
        "nearest_building_dist_m": 28.82,
        "newly_covered_buildings": 15,
        "newly_covered_people_est": 105
      }
    },
    {
      "type": "Feature",
      "geometry": {
        "type": "Point",
        "coordinates": [
          34.971049659612746,
          31.701609427017438
        ]
      },
      "properties": {
        "rank": 6,
        "distance_metric": "euclidean",
        "placement_mode": "exact",
        "placement_semantics": "exact_point",
        "shelter_id": 6898,
        "candidate_source": "network_nodes",
        "time_bucket": "5min",
        "time_seconds": 300,
        "coordinates": "31.701609,34.971050",
        "nearest_building_dist_m": 30.64,
        "newly_covered_buildings": 15,
        "newly_covered_people_est": 105
      }
    },
    {
      "type": "Feature",
      "geometry": {
        "type": "Point",
        "coordinates": [
          34.98964153370317,
          31.754840288632927
        ]
      },
      "properties": {
        "rank": 7,
        "distance_metric": "euclidean",
        "placement_mode": "exact",
        "placement_semantics": "exact_point",
        "shelter_id": 126,
        "candidate_source": "buildings",
        "time_bucket": "5min",
        "time_seconds": 300,
        "coordinates": "31.754840,34.989642",
        "nearest_building_dist_m": 0.0,
        "newly_covered_buildings": 12,
        "newly_covered_people_est": 84
      }
    },
    {
      "type": "Feature",
      "geometry": {
        "type": "Point",
        "coordinates": [
          35.00087369947335,
          31.716581700686504
        ]
      },
      "properties": {
        "rank": 8,
        "distance_metric": "euclidean",
        "placement_mode": "exact",
        "placement_semantics": "exact_point",
        "shelter_id": 4077,
        "candidate_source": "network_nodes",
        "time_bucket": "5min",
        "time_seconds": 300,
        "coordinates": "31.716582,35.000874",
        "nearest_building_dist_m": 27.58,
        "newly_covered_buildings": 10,
        "newly_covered_people_est": 70
      }
    },
    {
      "type": "Feature",
      "geometry": {
        "type": "Point",
        "coordinates": [
          34.975919947961366,
          31.69720846156753
        ]
      },
      "properties": {
        "rank": 9,
        "distance_metric": "euclidean",
        "placement_mode": "exact",
        "placement_semantics": "exact_point",
        "shelter_id": 1470,
        "candidate_source": "buildings",
        "time_bucket": "5min",
        "time_seconds": 300,
        "coordinates": "31.697208,34.975920",
        "nearest_building_dist_m": 0.0,
        "newly_covered_buildings": 9,
        "newly_covered_people_est": 63
      }
    },
    {
      "type": "Feature",
      "geometry": {
        "type": "Point",
        "coordinates": [
          34.99546506607223,
          31.753080426827836
        ]
      },
      "properties": {
        "rank": 10,
        "distance_metric": "euclidean",
        "placement_mode": "exact",
        "placement_semantics": "exact_point",
        "shelter_id": 137,
        "candidate_source": "buildings",
        "time_bucket": "5min",
        "time_seconds": 300,
        "coordinates": "31.753080,34.995465",
        "nearest_building_dist_m": 0.0,
        "newly_covered_buildings": 8,
        "newly_covered_people_est": 56
      }
    },
    {
      "type": "Feature",
      "geometry": {
        "type": "Point",
        "coordinates": [
          34.99882986411472,
          31.75764226749957
        ]
      },
      "properties": {
        "rank": 11,
        "distance_metric": "euclidean",
        "placement_mode": "exact",
        "placement_semantics": "exact_point",
        "shelter_id": 708,
        "candidate_source": "buildings",
        "time_bucket": "5min",
        "time_seconds": 300,
        "coordinates": "31.757642,34.998830",
        "nearest_building_dist_m": 0.0,
        "newly_covered_buildings": 8,
        "newly_covered_people_est": 56
      }
    },
    {
      "type": "Feature",
      "geometry": {
        "type": "Point",
        "coordinates": [
          35.006602028560195,
          31.698895624075153
        ]
      },
      "properties": {
        "rank": 12,
        "distance_metric": "euclidean",
        "placement_mode": "exact",
        "placement_semantics": "exact_point",
        "shelter_id": 1384,
        "candidate_source": "buildings",
        "time_bucket": "5min",
        "time_seconds": 300,
        "coordinates": "31.698896,35.006602",
        "nearest_building_dist_m": 0.0,
        "newly_covered_buildings": 8,
        "newly_covered_people_est": 56
      }
    },
    {
      "type": "Feature",
      "geometry": {
        "type": "Point",
        "coordinates": [
          34.96162961038913,
          31.703517472103268
        ]
      },
      "properties": {
        "rank": 13,
        "distance_metric": "euclidean",
        "placement_mode": "exact",
        "placement_semantics": "exact_point",
        "shelter_id": 1497,
        "candidate_source": "buildings",
        "time_bucket": "5min",
        "time_seconds": 300,
        "coordinates": "31.703517,34.961630",
        "nearest_building_dist_m": 0.0,
        "newly_covered_buildings": 8,
        "newly_covered_people_est": 56
      }
    },
    {
      "type": "Feature",
      "geometry": {
        "type": "Point",
        "coordinates": [
          34.959496263207484,
          31.707200445368635
        ]
      },
      "properties": {
        "rank": 14,
        "distance_metric": "euclidean",
        "placement_mode": "exact",
        "placement_semantics": "exact_point",
        "shelter_id": 1503,
        "candidate_source": "buildings",
        "time_bucket": "5min",
        "time_seconds": 300,
        "coordinates": "31.707200,34.959496",
        "nearest_building_dist_m": 0.0,
        "newly_covered_buildings": 8,
        "newly_covered_people_est": 56
      }
    },
    {
      "type": "Feature",
      "geometry": {
        "type": "Point",
        "coordinates": [
          34.99734829947653,
          31.75907620068185
        ]
      },
      "properties": {
        "rank": 15,
        "distance_metric": "euclidean",
        "placement_mode": "exact",
        "placement_semantics": "exact_point",
        "shelter_id": 2925,
        "candidate_source": "network_nodes",
        "time_bucket": "5min",
        "time_seconds": 300,
        "coordinates": "31.759076,34.997348",
        "nearest_building_dist_m": 24.52,
        "newly_covered_buildings": 8,
        "newly_covered_people_est": 56
      }
    },
    {
      "type": "Feature",
      "geometry": {
        "type": "Point",
        "coordinates": [
          34.95543309947641,
          31.738341700681467
        ]
      },
      "properties": {
        "rank": 16,
        "distance_metric": "euclidean",
        "placement_mode": "exact",
        "placement_semantics": "exact_point",
        "shelter_id": 3230,
        "candidate_source": "network_nodes",
        "time_bucket": "5min",
        "time_seconds": 300,
        "coordinates": "31.738342,34.955433",
        "nearest_building_dist_m": 46.58,
        "newly_covered_buildings": 8,
        "newly_covered_people_est": 56
      }
    },
    {
      "type": "Feature",
      "geometry": {
        "type": "Point",
        "coordinates": [
          34.956911640265005,
          31.736683380812117
        ]
      },
      "properties": {
        "rank": 17,
        "distance_metric": "euclidean",
        "placement_mode": "exact",
        "placement_semantics": "exact_point",
        "shelter_id": 5878,
        "candidate_source": "network_nodes",
        "time_bucket": "5min",
        "time_seconds": 300,
        "coordinates": "31.736683,34.956912",
        "nearest_building_dist_m": 33.8,
        "newly_covered_buildings": 8,
        "newly_covered_people_est": 56
      }
    },
    {
      "type": "Feature",
      "geometry": {
        "type": "Point",
        "coordinates": [
          34.96913844983057,
          31.70112144778659
        ]
      },
      "properties": {
        "rank": 18,
        "distance_metric": "euclidean",
        "placement_mode": "exact",
        "placement_semantics": "exact_point",
        "shelter_id": 1492,
        "candidate_source": "buildings",
        "time_bucket": "5min",
        "time_seconds": 300,
        "coordinates": "31.701121,34.969138",
        "nearest_building_dist_m": 0.0,
        "newly_covered_buildings": 7,
        "newly_covered_people_est": 49
      }
    },
    {
      "type": "Feature",
      "geometry": {
        "type": "Point",
        "coordinates": [
          34.96241398074052,
          31.707155119799232
        ]
      },
      "properties": {
        "rank": 19,
        "distance_metric": "euclidean",
        "placement_mode": "exact",
        "placement_semantics": "exact_point",
        "shelter_id": 1508,
        "candidate_source": "buildings",
        "time_bucket": "5min",
        "time_seconds": 300,
        "coordinates": "31.707155,34.962414",
        "nearest_building_dist_m": 0.0,
        "newly_covered_buildings": 7,
        "newly_covered_people_est": 49
      }
    },
    {
      "type": "Feature",
      "geometry": {
        "type": "Point",
        "coordinates": [
          34.977694899475985,
          31.742476500682383
        ]
      },
      "properties": {
        "rank": 20,
        "distance_metric": "euclidean",
        "placement_mode": "exact",
        "placement_semantics": "exact_point",
        "shelter_id": 2223,
        "candidate_source": "network_nodes",
        "time_bucket": "5min",
        "time_seconds": 300,
        "coordinates": "31.742477,34.977695",
        "nearest_building_dist_m": 33.33,
        "newly_covered_buildings": 7,
        "newly_covered_people_est": 49
      }
    },
    {
      "type": "Feature",
      "geometry": {
        "type": "Point",
        "coordinates": [
          34.97509162755749,
          31.724730028251443
        ]
      },
      "properties": {
        "rank": 21,
        "distance_metric": "euclidean",
        "placement_mode": "exact",
        "placement_semantics": "exact_point",
        "shelter_id": 668,
        "candidate_source": "buildings",
        "time_bucket": "5min",
        "time_seconds": 300,
        "coordinates": "31.724730,34.975092",
        "nearest_building_dist_m": 0.0,
        "newly_covered_buildings": 6,
        "newly_covered_people_est": 42
      }
    },
    {
      "type": "Feature",
      "geometry": {
        "type": "Point",
        "coordinates": [
          34.98740458977398,
          31.7483147972817
        ]
      },
      "properties": {
        "rank": 22,
        "distance_metric": "euclidean",
        "placement_mode": "exact",
        "placement_semantics": "exact_point",
        "shelter_id": 751,
        "candidate_source": "buildings",
        "time_bucket": "5min",
        "time_seconds": 300,
        "coordinates": "31.748315,34.987405",
        "nearest_building_dist_m": 0.0,
        "newly_covered_buildings": 6,
        "newly_covered_people_est": 42
      }
    },
    {
      "type": "Feature",
      "geometry": {
        "type": "Point",
        "coordinates": [
          34.95594623149107,
          31.74048511748546
        ]
      },
      "properties": {
        "rank": 23,
        "distance_metric": "euclidean",
        "placement_mode": "exact",
        "placement_semantics": "exact_point",
        "shelter_id": 999,
        "candidate_source": "buildings",
        "time_bucket": "5min",
        "time_seconds": 300,
        "coordinates": "31.740485,34.955946",
        "nearest_building_dist_m": 0.0,
        "newly_covered_buildings": 6,
        "newly_covered_people_est": 42
      }
    },
    {
      "type": "Feature",
      "geometry": {
        "type": "Point",
        "coordinates": [
          34.96732071179055,
          31.7018618136571
        ]
      },
      "properties": {
        "rank": 24,
        "distance_metric": "euclidean",
        "placement_mode": "exact",
        "placement_semantics": "exact_point",
        "shelter_id": 1441,
        "candidate_source": "buildings",
        "time_bucket": "5min",
        "time_seconds": 300,
        "coordinates": "31.701862,34.967321",
        "nearest_building_dist_m": 0.0,
        "newly_covered_buildings": 6,
        "newly_covered_people_est": 42
      }
    },
    {
      "type": "Feature",
      "geometry": {
        "type": "Point",
        "coordinates": [
          34.989623799476654,
          31.75725760068157
        ]
      },
      "properties": {
        "rank": 25,
        "distance_metric": "euclidean",
        "placement_mode": "exact",
        "placement_semantics": "exact_point",
        "shelter_id": 2198,
        "candidate_source": "network_nodes",
        "time_bucket": "5min",
        "time_seconds": 300,
        "coordinates": "31.757258,34.989624",
        "nearest_building_dist_m": 24.81,
        "newly_covered_buildings": 6,
        "newly_covered_people_est": 42
      }
    },
    {
      "type": "Feature",
      "geometry": {
        "type": "Point",
        "coordinates": [
          34.99297079947644,
          31.755776300681923
        ]
      },
      "properties": {
        "rank": 26,
        "distance_metric": "euclidean",
        "placement_mode": "exact",
        "placement_semantics": "exact_point",
        "shelter_id": 2515,
        "candidate_source": "network_nodes",
        "time_bucket": "5min",
        "time_seconds": 300,
        "coordinates": "31.755776,34.992971",
        "nearest_building_dist_m": 51.04,
        "newly_covered_buildings": 6,
        "newly_covered_people_est": 42
      }
    },
    {
      "type": "Feature",
      "geometry": {
        "type": "Point",
        "coordinates": [
          34.98671499689397,
          31.743147750369143
        ]
      },
      "properties": {
        "rank": 27,
        "distance_metric": "euclidean",
        "placement_mode": "exact",
        "placement_semantics": "exact_point",
        "shelter_id": 6126,
        "candidate_source": "network_nodes",
        "time_bucket": "5min",
        "time_seconds": 300,
        "coordinates": "31.743148,34.986715",
        "nearest_building_dist_m": 48.25,
        "newly_covered_buildings": 6,
        "newly_covered_people_est": 42
      }
    },
    {
      "type": "Feature",
      "geometry": {
        "type": "Point",
        "coordinates": [
          34.97733572111089,
          31.714278136478583
        ]
      },
      "properties": {
        "rank": 28,
        "distance_metric": "euclidean",
        "placement_mode": "exact",
        "placement_semantics": "exact_point",
        "shelter_id": 168,
        "candidate_source": "buildings",
        "time_bucket": "5min",
        "time_seconds": 300,
        "coordinates": "31.714278,34.977336",
        "nearest_building_dist_m": 0.0,
        "newly_covered_buildings": 5,
        "newly_covered_people_est": 35
      }
    },
    {
      "type": "Feature",
      "geometry": {
        "type": "Point",
        "coordinates": [
          34.958908538474866,
          31.729770072597603
        ]
      },
      "properties": {
        "rank": 29,
        "distance_metric": "euclidean",
        "placement_mode": "exact",
        "placement_semantics": "exact_point",
        "shelter_id": 175,
        "candidate_source": "buildings",
        "time_bucket": "5min",
        "time_seconds": 300,
        "coordinates": "31.729770,34.958909",
        "nearest_building_dist_m": 0.0,
        "newly_covered_buildings": 5,
        "newly_covered_people_est": 35
      }
    },
    {
      "type": "Feature",
      "geometry": {
        "type": "Point",
        "coordinates": [
          34.98143994725483,
          31.752408790815352
        ]
      },
      "properties": {
        "rank": 30,
        "distance_metric": "euclidean",
        "placement_mode": "exact",
        "placement_semantics": "exact_point",
        "shelter_id": 204,
        "candidate_source": "buildings",
        "time_bucket": "5min",
        "time_seconds": 300,
        "coordinates": "31.752409,34.981440",
        "nearest_building_dist_m": 0.0,
        "newly_covered_buildings": 5,
        "newly_covered_people_est": 35
      }
    },
    {
      "type": "Feature",
      "geometry": {
        "type": "Point",
        "coordinates": [
          34.99112613257222,
          31.71696606038266
        ]
      },
      "properties": {
        "rank": 31,
        "distance_metric": "euclidean",
        "placement_mode": "exact",
        "placement_semantics": "exact_point",
        "shelter_id": 870,
        "candidate_source": "buildings",
        "time_bucket": "5min",
        "time_seconds": 300,
        "coordinates": "31.716966,34.991126",
        "nearest_building_dist_m": 0.0,
        "newly_covered_buildings": 5,
        "newly_covered_people_est": 35
      }
    },
    {
      "type": "Feature",
      "geometry": {
        "type": "Point",
        "coordinates": [
          35.00161397015656,
          31.705433843270985
        ]
      },
      "properties": {
        "rank": 32,
        "distance_metric": "euclidean",
        "placement_mode": "exact",
        "placement_semantics": "exact_point",
        "shelter_id": 1388,
        "candidate_source": "buildings",
        "time_bucket": "5min",
        "time_seconds": 300,
        "coordinates": "31.705434,35.001614",
        "nearest_building_dist_m": 0.0,
        "newly_covered_buildings": 5,
        "newly_covered_people_est": 35
      }
    },
    {
      "type": "Feature",
      "geometry": {
        "type": "Point",
        "coordinates": [
          34.962763680708946,
          31.708988044358495
        ]
      },
      "properties": {
        "rank": 33,
        "distance_metric": "euclidean",
        "placement_mode": "exact",
        "placement_semantics": "exact_point",
        "shelter_id": 1420,
        "candidate_source": "buildings",
        "time_bucket": "5min",
        "time_seconds": 300,
        "coordinates": "31.708988,34.962764",
        "nearest_building_dist_m": 0.0,
        "newly_covered_buildings": 5,
        "newly_covered_people_est": 35
      }
    },
    {
      "type": "Feature",
      "geometry": {
        "type": "Point",
        "coordinates": [
          34.96526814452698,
          31.704138102151827
        ]
      },
      "properties": {
        "rank": 34,
        "distance_metric": "euclidean",
        "placement_mode": "exact",
        "placement_semantics": "exact_point",
        "shelter_id": 1435,
        "candidate_source": "buildings",
        "time_bucket": "5min",
        "time_seconds": 300,
        "coordinates": "31.704138,34.965268",
        "nearest_building_dist_m": 0.0,
        "newly_covered_buildings": 5,
        "newly_covered_people_est": 35
      }
    },
    {
      "type": "Feature",
      "geometry": {
        "type": "Point",
        "coordinates": [
          34.97417188776696,
          31.7002846453621
        ]
      },
      "properties": {
        "rank": 35,
        "distance_metric": "euclidean",
        "placement_mode": "exact",
        "placement_semantics": "exact_point",
        "shelter_id": 1457,
        "candidate_source": "buildings",
        "time_bucket": "5min",
        "time_seconds": 300,
        "coordinates": "31.700285,34.974172",
        "nearest_building_dist_m": 0.0,
        "newly_covered_buildings": 5,
        "newly_covered_people_est": 35
      }
    },
    {
      "type": "Feature",
      "geometry": {
        "type": "Point",
        "coordinates": [
          34.99694539947614,
          31.75341850068242
        ]
      },
      "properties": {
        "rank": 36,
        "distance_metric": "euclidean",
        "placement_mode": "exact",
        "placement_semantics": "exact_point",
        "shelter_id": 3048,
        "candidate_source": "network_nodes",
        "time_bucket": "5min",
        "time_seconds": 300,
        "coordinates": "31.753419,34.996945",
        "nearest_building_dist_m": 46.46,
        "newly_covered_buildings": 5,
        "newly_covered_people_est": 35
      }
    },
    {
      "type": "Feature",
      "geometry": {
        "type": "Point",
        "coordinates": [
          35.00538969947196,
          31.699499800688557
        ]
      },
      "properties": {
        "rank": 37,
        "distance_metric": "euclidean",
        "placement_mode": "exact",
        "placement_semantics": "exact_point",
        "shelter_id": 3427,
        "candidate_source": "network_nodes",
        "time_bucket": "5min",
        "time_seconds": 300,
        "coordinates": "31.699500,35.005390",
        "nearest_building_dist_m": 41.04,
        "newly_covered_buildings": 5,
        "newly_covered_people_est": 35
      }
    },
    {
      "type": "Feature",
      "geometry": {
        "type": "Point",
        "coordinates": [
          34.98102639947342,
          31.70845490068614
        ]
      },
      "properties": {
        "rank": 38,
        "distance_metric": "euclidean",
        "placement_mode": "exact",
        "placement_semantics": "exact_point",
        "shelter_id": 3651,
        "candidate_source": "network_nodes",
        "time_bucket": "5min",
        "time_seconds": 300,
        "coordinates": "31.708455,34.981026",
        "nearest_building_dist_m": 22.55,
        "newly_covered_buildings": 5,
        "newly_covered_people_est": 35
      }
    },
    {
      "type": "Feature",
      "geometry": {
        "type": "Point",
        "coordinates": [
          34.99686976721014,
          31.74544643861562
        ]
      },
      "properties": {
        "rank": 39,
        "distance_metric": "euclidean",
        "placement_mode": "exact",
        "placement_semantics": "exact_point",
        "shelter_id": 5716,
        "candidate_source": "network_nodes",
        "time_bucket": "5min",
        "time_seconds": 300,
        "coordinates": "31.745446,34.996870",
        "nearest_building_dist_m": 30.69,
        "newly_covered_buildings": 5,
        "newly_covered_people_est": 35
      }
    },
    {
      "type": "Feature",
      "geometry": {
        "type": "Point",
        "coordinates": [
          34.99193681173322,
          31.757858625832288
        ]
      },
      "properties": {
        "rank": 40,
        "distance_metric": "euclidean",
        "placement_mode": "exact",
        "placement_semantics": "exact_point",
        "shelter_id": 36,
        "candidate_source": "buildings",
        "time_bucket": "5min",
        "time_seconds": 300,
        "coordinates": "31.757859,34.991937",
        "nearest_building_dist_m": 0.0,
        "newly_covered_buildings": 4,
        "newly_covered_people_est": 28
      }
    },
    {
      "type": "Feature",
      "geometry": {
        "type": "Point",
        "coordinates": [
          34.99686100721708,
          31.749817044034252
        ]
      },
      "properties": {
        "rank": 41,
        "distance_metric": "euclidean",
        "placement_mode": "exact",
        "placement_semantics": "exact_point",
        "shelter_id": 50,
        "candidate_source": "buildings",
        "time_bucket": "5min",
        "time_seconds": 300,
        "coordinates": "31.749817,34.996861",
        "nearest_building_dist_m": 0.0,
        "newly_covered_buildings": 4,
        "newly_covered_people_est": 28
      }
    },
    {
      "type": "Feature",
      "geometry": {
        "type": "Point",
        "coordinates": [
          34.97861306452214,
          31.738362948542118
        ]
      },
      "properties": {
        "rank": 42,
        "distance_metric": "euclidean",
        "placement_mode": "exact",
        "placement_semantics": "exact_point",
        "shelter_id": 66,
        "candidate_source": "buildings",
        "time_bucket": "5min",
        "time_seconds": 300,
        "coordinates": "31.738363,34.978613",
        "nearest_building_dist_m": 0.0,
        "newly_covered_buildings": 4,
        "newly_covered_people_est": 28
      }
    },
    {
      "type": "Feature",
      "geometry": {
        "type": "Point",
        "coordinates": [
          35.014455583770896,
          31.759410275683454
        ]
      },
      "properties": {
        "rank": 43,
        "distance_metric": "euclidean",
        "placement_mode": "exact",
        "placement_semantics": "exact_point",
        "shelter_id": 99,
        "candidate_source": "buildings",
        "time_bucket": "5min",
        "time_seconds": 300,
        "coordinates": "31.759410,35.014456",
        "nearest_building_dist_m": 0.0,
        "newly_covered_buildings": 4,
        "newly_covered_people_est": 28
      }
    },
    {
      "type": "Feature",
      "geometry": {
        "type": "Point",
        "coordinates": [
          34.990090677964176,
          31.77090857652389
        ]
      },
      "properties": {
        "rank": 44,
        "distance_metric": "euclidean",
        "placement_mode": "exact",
        "placement_semantics": "exact_point",
        "shelter_id": 153,
        "candidate_source": "buildings",
        "time_bucket": "5min",
        "time_seconds": 300,
        "coordinates": "31.770909,34.990091",
        "nearest_building_dist_m": 0.0,
        "newly_covered_buildings": 4,
        "newly_covered_people_est": 28
      }
    },
    {
      "type": "Feature",
      "geometry": {
        "type": "Point",
        "coordinates": [
          34.987796265751385,
          31.712042912225797
        ]
      },
      "properties": {
        "rank": 45,
        "distance_metric": "euclidean",
        "placement_mode": "exact",
        "placement_semantics": "exact_point",
        "shelter_id": 170,
        "candidate_source": "buildings",
        "time_bucket": "5min",
        "time_seconds": 300,
        "coordinates": "31.712043,34.987796",
        "nearest_building_dist_m": 0.0,
        "newly_covered_buildings": 4,
        "newly_covered_people_est": 28
      }
    },
    {
      "type": "Feature",
      "geometry": {
        "type": "Point",
        "coordinates": [
          34.997607774691666,
          31.741317333038
        ]
      },
      "properties": {
        "rank": 46,
        "distance_metric": "euclidean",
        "placement_mode": "exact",
        "placement_semantics": "exact_point",
        "shelter_id": 252,
        "candidate_source": "buildings",
        "time_bucket": "5min",
        "time_seconds": 300,
        "coordinates": "31.741317,34.997608",
        "nearest_building_dist_m": 0.0,
        "newly_covered_buildings": 4,
        "newly_covered_people_est": 28
      }
    },
    {
      "type": "Feature",
      "geometry": {
        "type": "Point",
        "coordinates": [
          34.97749712542973,
          31.743945027489488
        ]
      },
      "properties": {
        "rank": 47,
        "distance_metric": "euclidean",
        "placement_mode": "exact",
        "placement_semantics": "exact_point",
        "shelter_id": 576,
        "candidate_source": "buildings",
        "time_bucket": "5min",
        "time_seconds": 300,
        "coordinates": "31.743945,34.977497",
        "nearest_building_dist_m": 0.0,
        "newly_covered_buildings": 4,
        "newly_covered_people_est": 28
      }
    },
    {
      "type": "Feature",
      "geometry": {
        "type": "Point",
        "coordinates": [
          34.96277472934731,
          31.713459382648388
        ]
      },
      "properties": {
        "rank": 48,
        "distance_metric": "euclidean",
        "placement_mode": "exact",
        "placement_semantics": "exact_point",
        "shelter_id": 599,
        "candidate_source": "buildings",
        "time_bucket": "5min",
        "time_seconds": 300,
        "coordinates": "31.713459,34.962775",
        "nearest_building_dist_m": 0.0,
        "newly_covered_buildings": 4,
        "newly_covered_people_est": 28
      }
    },
    {
      "type": "Feature",
      "geometry": {
        "type": "Point",
        "coordinates": [
          34.99117780473121,
          31.768157361321283
        ]
      },
      "properties": {
        "rank": 49,
        "distance_metric": "euclidean",
        "placement_mode": "exact",
        "placement_semantics": "exact_point",
        "shelter_id": 602,
        "candidate_source": "buildings",
        "time_bucket": "5min",
        "time_seconds": 300,
        "coordinates": "31.768157,34.991178",
        "nearest_building_dist_m": 0.0,
        "newly_covered_buildings": 4,
        "newly_covered_people_est": 28
      }
    },
    {
      "type": "Feature",
      "geometry": {
        "type": "Point",
        "coordinates": [
          35.00320892487746,
          31.71313208269774
        ]
      },
      "properties": {
        "rank": 50,
        "distance_metric": "euclidean",
        "placement_mode": "exact",
        "placement_semantics": "exact_point",
        "shelter_id": 623,
        "candidate_source": "buildings",
        "time_bucket": "5min",
        "time_seconds": 300,
        "coordinates": "31.713132,35.003209",
        "nearest_building_dist_m": 0.0,
        "newly_covered_buildings": 4,
        "newly_covered_people_est": 28
      }
    },
    {
      "type": "Feature",
      "geometry": {
        "type": "Point",
        "coordinates": [
          34.99653951606662,
          31.760644482619636
        ]
      },
      "properties": {
        "rank": 51,
        "distance_metric": "euclidean",
        "placement_mode": "exact",
        "placement_semantics": "exact_point",
        "shelter_id": 918,
        "candidate_source": "buildings",
        "time_bucket": "5min",
        "time_seconds": 300,
        "coordinates": "31.760644,34.996540",
        "nearest_building_dist_m": 0.0,
        "newly_covered_buildings": 4,
        "newly_covered_people_est": 28
      }
    },
    {
      "type": "Feature",
      "geometry": {
        "type": "Point",
        "coordinates": [
          35.00026715176365,
          31.704579090683016
        ]
      },
      "properties": {
        "rank": 52,
        "distance_metric": "euclidean",
        "placement_mode": "exact",
        "placement_semantics": "exact_point",
        "shelter_id": 1392,
        "candidate_source": "buildings",
        "time_bucket": "5min",
        "time_seconds": 300,
        "coordinates": "31.704579,35.000267",
        "nearest_building_dist_m": 0.0,
        "newly_covered_buildings": 4,
        "newly_covered_people_est": 28
      }
    },
    {
      "type": "Feature",
      "geometry": {
        "type": "Point",
        "coordinates": [
          34.9902489458468,
          31.755373791445265
        ]
      },
      "properties": {
        "rank": 53,
        "distance_metric": "euclidean",
        "placement_mode": "exact",
        "placement_semantics": "exact_point",
        "shelter_id": 1962,
        "candidate_source": "buildings",
        "time_bucket": "5min",
        "time_seconds": 300,
        "coordinates": "31.755374,34.990249",
        "nearest_building_dist_m": 0.0,
        "newly_covered_buildings": 4,
        "newly_covered_people_est": 28
      }
    },
    {
      "type": "Feature",
      "geometry": {
        "type": "Point",
        "coordinates": [
          34.96634709947426,
          31.713490100684723
        ]
      },
      "properties": {
        "rank": 54,
        "distance_metric": "euclidean",
        "placement_mode": "exact",
        "placement_semantics": "exact_point",
        "shelter_id": 3389,
        "candidate_source": "network_nodes",
        "time_bucket": "5min",
        "time_seconds": 300,
        "coordinates": "31.713490,34.966347",
        "nearest_building_dist_m": 65.94,
        "newly_covered_buildings": 4,
        "newly_covered_people_est": 28
      }
    },
    {
      "type": "Feature",
      "geometry": {
        "type": "Point",
        "coordinates": [
          34.995783099473215,
          31.71238810068664
        ]
      },
      "properties": {
        "rank": 55,
        "distance_metric": "euclidean",
        "placement_mode": "exact",
        "placement_semantics": "exact_point",
        "shelter_id": 5130,
        "candidate_source": "network_nodes",
        "time_bucket": "5min",
        "time_seconds": 300,
        "coordinates": "31.712388,34.995783",
        "nearest_building_dist_m": 42.44,
        "newly_covered_buildings": 4,
        "newly_covered_people_est": 28
      }
    },
    {
      "type": "Feature",
      "geometry": {
        "type": "Point",
        "coordinates": [
          34.983929509722266,
          31.75509792553867
        ]
      },
      "properties": {
        "rank": 56,
        "distance_metric": "euclidean",
        "placement_mode": "exact",
        "placement_semantics": "exact_point",
        "shelter_id": 197,
        "candidate_source": "buildings",
        "time_bucket": "5min",
        "time_seconds": 300,
        "coordinates": "31.755098,34.983930",
        "nearest_building_dist_m": 0.0,
        "newly_covered_buildings": 3,
        "newly_covered_people_est": 21
      }
    },
    {
      "type": "Feature",
      "geometry": {
        "type": "Point",
        "coordinates": [
          34.97886812193794,
          31.74804230787498
        ]
      },
      "properties": {
        "rank": 57,
        "distance_metric": "euclidean",
        "placement_mode": "exact",
        "placement_semantics": "exact_point",
        "shelter_id": 254,
        "candidate_source": "buildings",
        "time_bucket": "5min",
        "time_seconds": 300,
        "coordinates": "31.748042,34.978868",
        "nearest_building_dist_m": 0.0,
        "newly_covered_buildings": 3,
        "newly_covered_people_est": 21
      }
    },
    {
      "type": "Feature",
      "geometry": {
        "type": "Point",
        "coordinates": [
          34.99988208205341,
          31.71268736919101
        ]
      },
      "properties": {
        "rank": 58,
        "distance_metric": "euclidean",
        "placement_mode": "exact",
        "placement_semantics": "exact_point",
        "shelter_id": 294,
        "candidate_source": "buildings",
        "time_bucket": "5min",
        "time_seconds": 300,
        "coordinates": "31.712687,34.999882",
        "nearest_building_dist_m": 0.0,
        "newly_covered_buildings": 3,
        "newly_covered_people_est": 21
      }
    },
    {
      "type": "Feature",
      "geometry": {
        "type": "Point",
        "coordinates": [
          34.97823055202106,
          31.72676920808314
        ]
      },
      "properties": {
        "rank": 59,
        "distance_metric": "euclidean",
        "placement_mode": "exact",
        "placement_semantics": "exact_point",
        "shelter_id": 465,
        "candidate_source": "buildings",
        "time_bucket": "5min",
        "time_seconds": 300,
        "coordinates": "31.726769,34.978231",
        "nearest_building_dist_m": 0.0,
        "newly_covered_buildings": 3,
        "newly_covered_people_est": 21
      }
    },
    {
      "type": "Feature",
      "geometry": {
        "type": "Point",
        "coordinates": [
          34.991266438200945,
          31.740721330931898
        ]
      },
      "properties": {
        "rank": 60,
        "distance_metric": "euclidean",
        "placement_mode": "exact",
        "placement_semantics": "exact_point",
        "shelter_id": 660,
        "candidate_source": "buildings",
        "time_bucket": "5min",
        "time_seconds": 300,
        "coordinates": "31.740721,34.991266",
        "nearest_building_dist_m": 0.0,
        "newly_covered_buildings": 3,
        "newly_covered_people_est": 21
      }
    },
    {
      "type": "Feature",
      "geometry": {
        "type": "Point",
        "coordinates": [
          35.002005574641665,
          31.76017775496427
        ]
      },
      "properties": {
        "rank": 61,
        "distance_metric": "euclidean",
        "placement_mode": "exact",
        "placement_semantics": "exact_point",
        "shelter_id": 716,
        "candidate_source": "buildings",
        "time_bucket": "5min",
        "time_seconds": 300,
        "coordinates": "31.760178,35.002006",
        "nearest_building_dist_m": 0.0,
        "newly_covered_buildings": 3,
        "newly_covered_people_est": 21
      }
    },
    {
      "type": "Feature",
      "geometry": {
        "type": "Point",
        "coordinates": [
          34.99752233298942,
          31.756954813992326
        ]
      },
      "properties": {
        "rank": 62,
        "distance_metric": "euclidean",
        "placement_mode": "exact",
        "placement_semantics": "exact_point",
        "shelter_id": 723,
        "candidate_source": "buildings",
        "time_bucket": "5min",
        "time_seconds": 300,
        "coordinates": "31.756955,34.997522",
        "nearest_building_dist_m": 0.0,
        "newly_covered_buildings": 3,
        "newly_covered_people_est": 21
      }
    },
    {
      "type": "Feature",
      "geometry": {
        "type": "Point",
        "coordinates": [
          34.97574410112396,
          31.7425001024066
        ]
      },
      "properties": {
        "rank": 63,
        "distance_metric": "euclidean",
        "placement_mode": "exact",
        "placement_semantics": "exact_point",
        "shelter_id": 1141,
        "candidate_source": "buildings",
        "time_bucket": "5min",
        "time_seconds": 300,
        "coordinates": "31.742500,34.975744",
        "nearest_building_dist_m": 0.0,
        "newly_covered_buildings": 3,
        "newly_covered_people_est": 21
      }
    },
    {
      "type": "Feature",
      "geometry": {
        "type": "Point",
        "coordinates": [
          35.00045350298077,
          31.70993173913173
        ]
      },
      "properties": {
        "rank": 64,
        "distance_metric": "euclidean",
        "placement_mode": "exact",
        "placement_semantics": "exact_point",
        "shelter_id": 1293,
        "candidate_source": "buildings",
        "time_bucket": "5min",
        "time_seconds": 300,
        "coordinates": "31.709932,35.000454",
        "nearest_building_dist_m": 0.0,
        "newly_covered_buildings": 3,
        "newly_covered_people_est": 21
      }
    },
    {
      "type": "Feature",
      "geometry": {
        "type": "Point",
        "coordinates": [
          34.99883050435765,
          31.71788278925009
        ]
      },
      "properties": {
        "rank": 65,
        "distance_metric": "euclidean",
        "placement_mode": "exact",
        "placement_semantics": "exact_point",
        "shelter_id": 1319,
        "candidate_source": "buildings",
        "time_bucket": "5min",
        "time_seconds": 300,
        "coordinates": "31.717883,34.998831",
        "nearest_building_dist_m": 0.0,
        "newly_covered_buildings": 3,
        "newly_covered_people_est": 21
      }
    },
    {
      "type": "Feature",
      "geometry": {
        "type": "Point",
        "coordinates": [
          35.00548048619775,
          31.7027702566583
        ]
      },
      "properties": {
        "rank": 66,
        "distance_metric": "euclidean",
        "placement_mode": "exact",
        "placement_semantics": "exact_point",
        "shelter_id": 1519,
        "candidate_source": "buildings",
        "time_bucket": "5min",
        "time_seconds": 300,
        "coordinates": "31.702770,35.005480",
        "nearest_building_dist_m": 0.0,
        "newly_covered_buildings": 3,
        "newly_covered_people_est": 21
      }
    },
    {
      "type": "Feature",
      "geometry": {
        "type": "Point",
        "coordinates": [
          34.957091499476334,
          31.737941900681605
        ]
      },
      "properties": {
        "rank": 67,
        "distance_metric": "euclidean",
        "placement_mode": "exact",
        "placement_semantics": "exact_point",
        "shelter_id": 3240,
        "candidate_source": "network_nodes",
        "time_bucket": "5min",
        "time_seconds": 300,
        "coordinates": "31.737942,34.957091",
        "nearest_building_dist_m": 42.91,
        "newly_covered_buildings": 3,
        "newly_covered_people_est": 21
      }
    },
    {
      "type": "Feature",
      "geometry": {
        "type": "Point",
        "coordinates": [
          34.98855089947328,
          31.710055400686425
        ]
      },
      "properties": {
        "rank": 68,
        "distance_metric": "euclidean",
        "placement_mode": "exact",
        "placement_semantics": "exact_point",
        "shelter_id": 3797,
        "candidate_source": "network_nodes",
        "time_bucket": "5min",
        "time_seconds": 300,
        "coordinates": "31.710055,34.988551",
        "nearest_building_dist_m": 83.07,
        "newly_covered_buildings": 3,
        "newly_covered_people_est": 21
      }
    },
    {
      "type": "Feature",
      "geometry": {
        "type": "Point",
        "coordinates": [
          34.968945099473714,
          31.70703490068555
        ]
      },
      "properties": {
        "rank": 69,
        "distance_metric": "euclidean",
        "placement_mode": "exact",
        "placement_semantics": "exact_point",
        "shelter_id": 4473,
        "candidate_source": "network_nodes",
        "time_bucket": "5min",
        "time_seconds": 300,
        "coordinates": "31.707035,34.968945",
        "nearest_building_dist_m": 29.51,
        "newly_covered_buildings": 3,
        "newly_covered_people_est": 21
      }
    },
    {
      "type": "Feature",
      "geometry": {
        "type": "Point",
        "coordinates": [
          34.99348654416492,
          31.74607386173792
        ]
      },
      "properties": {
        "rank": 70,
        "distance_metric": "euclidean",
        "placement_mode": "exact",
        "placement_semantics": "exact_point",
        "shelter_id": 7245,
        "candidate_source": "network_nodes",
        "time_bucket": "5min",
        "time_seconds": 300,
        "coordinates": "31.746074,34.993487",
        "nearest_building_dist_m": 25.26,
        "newly_covered_buildings": 3,
        "newly_covered_people_est": 21
      }
    },
    {
      "type": "Feature",
      "geometry": {
        "type": "Point",
        "coordinates": [
          35.01549699742058,
          31.762930605075457
        ]
      },
      "properties": {
        "rank": 71,
        "distance_metric": "euclidean",
        "placement_mode": "exact",
        "placement_semantics": "exact_point",
        "shelter_id": 0,
        "candidate_source": "buildings",
        "time_bucket": "5min",
        "time_seconds": 300,
        "coordinates": "31.762931,35.015497",
        "nearest_building_dist_m": 0.0,
        "newly_covered_buildings": 2,
        "newly_covered_people_est": 14
      }
    },
    {
      "type": "Feature",
      "geometry": {
        "type": "Point",
        "coordinates": [
          34.987662858078245,
          31.747195404675157
        ]
      },
      "properties": {
        "rank": 72,
        "distance_metric": "euclidean",
        "placement_mode": "exact",
        "placement_semantics": "exact_point",
        "shelter_id": 8,
        "candidate_source": "buildings",
        "time_bucket": "5min",
        "time_seconds": 300,
        "coordinates": "31.747195,34.987663",
        "nearest_building_dist_m": 0.0,
        "newly_covered_buildings": 2,
        "newly_covered_people_est": 14
      }
    },
    {
      "type": "Feature",
      "geometry": {
        "type": "Point",
        "coordinates": [
          34.99661211215427,
          31.758833838752988
        ]
      },
      "properties": {
        "rank": 73,
        "distance_metric": "euclidean",
        "placement_mode": "exact",
        "placement_semantics": "exact_point",
        "shelter_id": 16,
        "candidate_source": "buildings",
        "time_bucket": "5min",
        "time_seconds": 300,
        "coordinates": "31.758834,34.996612",
        "nearest_building_dist_m": 0.0,
        "newly_covered_buildings": 2,
        "newly_covered_people_est": 14
      }
    },
    {
      "type": "Feature",
      "geometry": {
        "type": "Point",
        "coordinates": [
          34.98474916488214,
          31.747824272392144
        ]
      },
      "properties": {
        "rank": 74,
        "distance_metric": "euclidean",
        "placement_mode": "exact",
        "placement_semantics": "exact_point",
        "shelter_id": 54,
        "candidate_source": "buildings",
        "time_bucket": "5min",
        "time_seconds": 300,
        "coordinates": "31.747824,34.984749",
        "nearest_building_dist_m": 0.0,
        "newly_covered_buildings": 2,
        "newly_covered_people_est": 14
      }
    },
    {
      "type": "Feature",
      "geometry": {
        "type": "Point",
        "coordinates": [
          34.98814491314423,
          31.739472870951086
        ]
      },
      "properties": {
        "rank": 75,
        "distance_metric": "euclidean",
        "placement_mode": "exact",
        "placement_semantics": "exact_point",
        "shelter_id": 68,
        "candidate_source": "buildings",
        "time_bucket": "5min",
        "time_seconds": 300,
        "coordinates": "31.739473,34.988145",
        "nearest_building_dist_m": 0.0,
        "newly_covered_buildings": 2,
        "newly_covered_people_est": 14
      }
    },
    {
      "type": "Feature",
      "geometry": {
        "type": "Point",
        "coordinates": [
          34.98528028073339,
          31.738719040893404
        ]
      },
      "properties": {
        "rank": 76,
        "distance_metric": "euclidean",
        "placement_mode": "exact",
        "placement_semantics": "exact_point",
        "shelter_id": 69,
        "candidate_source": "buildings",
        "time_bucket": "5min",
        "time_seconds": 300,
        "coordinates": "31.738719,34.985280",
        "nearest_building_dist_m": 0.0,
        "newly_covered_buildings": 2,
        "newly_covered_people_est": 14
      }
    },
    {
      "type": "Feature",
      "geometry": {
        "type": "Point",
        "coordinates": [
          34.97721596588248,
          31.74969223804508
        ]
      },
      "properties": {
        "rank": 77,
        "distance_metric": "euclidean",
        "placement_mode": "exact",
        "placement_semantics": "exact_point",
        "shelter_id": 84,
        "candidate_source": "buildings",
        "time_bucket": "5min",
        "time_seconds": 300,
        "coordinates": "31.749692,34.977216",
        "nearest_building_dist_m": 0.0,
        "newly_covered_buildings": 2,
        "newly_covered_people_est": 14
      }
    },
    {
      "type": "Feature",
      "geometry": {
        "type": "Point",
        "coordinates": [
          34.95184927496437,
          31.735121968297175
        ]
      },
      "properties": {
        "rank": 78,
        "distance_metric": "euclidean",
        "placement_mode": "exact",
        "placement_semantics": "exact_point",
        "shelter_id": 88,
        "candidate_source": "buildings",
        "time_bucket": "5min",
        "time_seconds": 300,
        "coordinates": "31.735122,34.951849",
        "nearest_building_dist_m": 0.0,
        "newly_covered_buildings": 2,
        "newly_covered_people_est": 14
      }
    },
    {
      "type": "Feature",
      "geometry": {
        "type": "Point",
        "coordinates": [
          34.978673370766366,
          31.72231742149255
        ]
      },
      "properties": {
        "rank": 79,
        "distance_metric": "euclidean",
        "placement_mode": "exact",
        "placement_semantics": "exact_point",
        "shelter_id": 374,
        "candidate_source": "buildings",
        "time_bucket": "5min",
        "time_seconds": 300,
        "coordinates": "31.722317,34.978673",
        "nearest_building_dist_m": 0.0,
        "newly_covered_buildings": 2,
        "newly_covered_people_est": 14
      }
    },
    {
      "type": "Feature",
      "geometry": {
        "type": "Point",
        "coordinates": [
          35.01973253318524,
          31.759172285146235
        ]
      },
      "properties": {
        "rank": 80,
        "distance_metric": "euclidean",
        "placement_mode": "exact",
        "placement_semantics": "exact_point",
        "shelter_id": 505,
        "candidate_source": "buildings",
        "time_bucket": "5min",
        "time_seconds": 300,
        "coordinates": "31.759172,35.019733",
        "nearest_building_dist_m": 0.0,
        "newly_covered_buildings": 2,
        "newly_covered_people_est": 14
      }
    },
    {
      "type": "Feature",
      "geometry": {
        "type": "Point",
        "coordinates": [
          35.01734023245052,
          31.760353213610614
        ]
      },
      "properties": {
        "rank": 81,
        "distance_metric": "euclidean",
        "placement_mode": "exact",
        "placement_semantics": "exact_point",
        "shelter_id": 583,
        "candidate_source": "buildings",
        "time_bucket": "5min",
        "time_seconds": 300,
        "coordinates": "31.760353,35.017340",
        "nearest_building_dist_m": 0.0,
        "newly_covered_buildings": 2,
        "newly_covered_people_est": 14
      }
    },
    {
      "type": "Feature",
      "geometry": {
        "type": "Point",
        "coordinates": [
          34.97805007648528,
          31.721425348960846
        ]
      },
      "properties": {
        "rank": 82,
        "distance_metric": "euclidean",
        "placement_mode": "exact",
        "placement_semantics": "exact_point",
        "shelter_id": 681,
        "candidate_source": "buildings",
        "time_bucket": "5min",
        "time_seconds": 300,
        "coordinates": "31.721425,34.978050",
        "nearest_building_dist_m": 0.0,
        "newly_covered_buildings": 2,
        "newly_covered_people_est": 14
      }
    },
    {
      "type": "Feature",
      "geometry": {
        "type": "Point",
        "coordinates": [
          34.979346105260426,
          31.74088749937424
        ]
      },
      "properties": {
        "rank": 83,
        "distance_metric": "euclidean",
        "placement_mode": "exact",
        "placement_semantics": "exact_point",
        "shelter_id": 782,
        "candidate_source": "buildings",
        "time_bucket": "5min",
        "time_seconds": 300,
        "coordinates": "31.740887,34.979346",
        "nearest_building_dist_m": 0.0,
        "newly_covered_buildings": 2,
        "newly_covered_people_est": 14
      }
    },
    {
      "type": "Feature",
      "geometry": {
        "type": "Point",
        "coordinates": [
          34.996064835926525,
          31.722154494542085
        ]
      },
      "properties": {
        "rank": 84,
        "distance_metric": "euclidean",
        "placement_mode": "exact",
        "placement_semantics": "exact_point",
        "shelter_id": 808,
        "candidate_source": "buildings",
        "time_bucket": "5min",
        "time_seconds": 300,
        "coordinates": "31.722154,34.996065",
        "nearest_building_dist_m": 0.0,
        "newly_covered_buildings": 2,
        "newly_covered_people_est": 14
      }
    },
    {
      "type": "Feature",
      "geometry": {
        "type": "Point",
        "coordinates": [
          34.988046827650145,
          31.756305996655783
        ]
      },
      "properties": {
        "rank": 85,
        "distance_metric": "euclidean",
        "placement_mode": "exact",
        "placement_semantics": "exact_point",
        "shelter_id": 819,
        "candidate_source": "buildings",
        "time_bucket": "5min",
        "time_seconds": 300,
        "coordinates": "31.756306,34.988047",
        "nearest_building_dist_m": 0.0,
        "newly_covered_buildings": 2,
        "newly_covered_people_est": 14
      }
    },
    {
      "type": "Feature",
      "geometry": {
        "type": "Point",
        "coordinates": [
          34.99516929257509,
          31.711100114870863
        ]
      },
      "properties": {
        "rank": 86,
        "distance_metric": "euclidean",
        "placement_mode": "exact",
        "placement_semantics": "exact_point",
        "shelter_id": 993,
        "candidate_source": "buildings",
        "time_bucket": "5min",
        "time_seconds": 300,
        "coordinates": "31.711100,34.995169",
        "nearest_building_dist_m": 0.0,
        "newly_covered_buildings": 2,
        "newly_covered_people_est": 14
      }
    },
    {
      "type": "Feature",
      "geometry": {
        "type": "Point",
        "coordinates": [
          34.95506156743533,
          31.738066595056353
        ]
      },
      "properties": {
        "rank": 87,
        "distance_metric": "euclidean",
        "placement_mode": "exact",
        "placement_semantics": "exact_point",
        "shelter_id": 1213,
        "candidate_source": "buildings",
        "time_bucket": "5min",
        "time_seconds": 300,
        "coordinates": "31.738067,34.955062",
        "nearest_building_dist_m": 0.0,
        "newly_covered_buildings": 2,
        "newly_covered_people_est": 14
      }
    },
    {
      "type": "Feature",
      "geometry": {
        "type": "Point",
        "coordinates": [
          35.00086556439276,
          31.70317532097369
        ]
      },
      "properties": {
        "rank": 88,
        "distance_metric": "euclidean",
        "placement_mode": "exact",
        "placement_semantics": "exact_point",
        "shelter_id": 1397,
        "candidate_source": "buildings",
        "time_bucket": "5min",
        "time_seconds": 300,
        "coordinates": "31.703175,35.000866",
        "nearest_building_dist_m": 0.0,
        "newly_covered_buildings": 2,
        "newly_covered_people_est": 14
      }
    },
    {
      "type": "Feature",
      "geometry": {
        "type": "Point",
        "coordinates": [
          34.96934882291514,
          31.70156327068254
        ]
      },
      "properties": {
        "rank": 89,
        "distance_metric": "euclidean",
        "placement_mode": "exact",
        "placement_semantics": "exact_point",
        "shelter_id": 1446,
        "candidate_source": "buildings",
        "time_bucket": "5min",
        "time_seconds": 300,
        "coordinates": "31.701563,34.969349",
        "nearest_building_dist_m": 0.0,
        "newly_covered_buildings": 2,
        "newly_covered_people_est": 14
      }
    },
    {
      "type": "Feature",
      "geometry": {
        "type": "Point",
        "coordinates": [
          34.97675622178067,
          31.697349587919504
        ]
      },
      "properties": {
        "rank": 90,
        "distance_metric": "euclidean",
        "placement_mode": "exact",
        "placement_semantics": "exact_point",
        "shelter_id": 1472,
        "candidate_source": "buildings",
        "time_bucket": "5min",
        "time_seconds": 300,
        "coordinates": "31.697350,34.976756",
        "nearest_building_dist_m": 0.0,
        "newly_covered_buildings": 2,
        "newly_covered_people_est": 14
      }
    },
    {
      "type": "Feature",
      "geometry": {
        "type": "Point",
        "coordinates": [
          34.97061349888595,
          31.69969830913246
        ]
      },
      "properties": {
        "rank": 91,
        "distance_metric": "euclidean",
        "placement_mode": "exact",
        "placement_semantics": "exact_point",
        "shelter_id": 1483,
        "candidate_source": "buildings",
        "time_bucket": "5min",
        "time_seconds": 300,
        "coordinates": "31.699698,34.970613",
        "nearest_building_dist_m": 0.0,
        "newly_covered_buildings": 2,
        "newly_covered_people_est": 14
      }
    },
    {
      "type": "Feature",
      "geometry": {
        "type": "Point",
        "coordinates": [
          34.994693830357186,
          31.70166175295681
        ]
      },
      "properties": {
        "rank": 92,
        "distance_metric": "euclidean",
        "placement_mode": "exact",
        "placement_semantics": "exact_point",
        "shelter_id": 1541,
        "candidate_source": "buildings",
        "time_bucket": "5min",
        "time_seconds": 300,
        "coordinates": "31.701662,34.994694",
        "nearest_building_dist_m": 0.0,
        "newly_covered_buildings": 2,
        "newly_covered_people_est": 14
      }
    },
    {
      "type": "Feature",
      "geometry": {
        "type": "Point",
        "coordinates": [
          34.96852918332282,
          31.711178879480308
        ]
      },
      "properties": {
        "rank": 93,
        "distance_metric": "euclidean",
        "placement_mode": "exact",
        "placement_semantics": "exact_point",
        "shelter_id": 1975,
        "candidate_source": "buildings",
        "time_bucket": "5min",
        "time_seconds": 300,
        "coordinates": "31.711179,34.968529",
        "nearest_building_dist_m": 0.0,
        "newly_covered_buildings": 2,
        "newly_covered_people_est": 14
      }
    },
    {
      "type": "Feature",
      "geometry": {
        "type": "Point",
        "coordinates": [
          34.97913249947603,
          31.743953600682328
        ]
      },
      "properties": {
        "rank": 94,
        "distance_metric": "euclidean",
        "placement_mode": "exact",
        "placement_semantics": "exact_point",
        "shelter_id": 2236,
        "candidate_source": "network_nodes",
        "time_bucket": "5min",
        "time_seconds": 300,
        "coordinates": "31.743954,34.979132",
        "nearest_building_dist_m": 51.97,
        "newly_covered_buildings": 2,
        "newly_covered_people_est": 14
      }
    },
    {
      "type": "Feature",
      "geometry": {
        "type": "Point",
        "coordinates": [
          34.971873999473196,
          31.701327400686324
        ]
      },
      "properties": {
        "rank": 95,
        "distance_metric": "euclidean",
        "placement_mode": "exact",
        "placement_semantics": "exact_point",
        "shelter_id": 3479,
        "candidate_source": "network_nodes",
        "time_bucket": "5min",
        "time_seconds": 300,
        "coordinates": "31.701327,34.971874",
        "nearest_building_dist_m": 27.41,
        "newly_covered_buildings": 2,
        "newly_covered_people_est": 14
      }
    },
    {
      "type": "Feature",
      "geometry": {
        "type": "Point",
        "coordinates": [
          35.00380829947275,
          31.7095932006874
        ]
      },
      "properties": {
        "rank": 96,
        "distance_metric": "euclidean",
        "placement_mode": "exact",
        "placement_semantics": "exact_point",
        "shelter_id": 4153,
        "candidate_source": "network_nodes",
        "time_bucket": "5min",
        "time_seconds": 300,
        "coordinates": "31.709593,35.003808",
        "nearest_building_dist_m": 87.36,
        "newly_covered_buildings": 2,
        "newly_covered_people_est": 14
      }
    },
    {
      "type": "Feature",
      "geometry": {
        "type": "Point",
        "coordinates": [
          34.984309253445815,
          31.752843996758045
        ]
      },
      "properties": {
        "rank": 97,
        "distance_metric": "euclidean",
        "placement_mode": "exact",
        "placement_semantics": "exact_point",
        "shelter_id": 9,
        "candidate_source": "buildings",
        "time_bucket": "5min",
        "time_seconds": 300,
        "coordinates": "31.752844,34.984309",
        "nearest_building_dist_m": 0.0,
        "newly_covered_buildings": 1,
        "newly_covered_people_est": 7
      }
    },
    {
      "type": "Feature",
      "geometry": {
        "type": "Point",
        "coordinates": [
          35.00759451906955,
          31.756335814546944
        ]
      },
      "properties": {
        "rank": 98,
        "distance_metric": "euclidean",
        "placement_mode": "exact",
        "placement_semantics": "exact_point",
        "shelter_id": 14,
        "candidate_source": "buildings",
        "time_bucket": "5min",
        "time_seconds": 300,
        "coordinates": "31.756336,35.007595",
        "nearest_building_dist_m": 0.0,
        "newly_covered_buildings": 1,
        "newly_covered_people_est": 7
      }
    },
    {
      "type": "Feature",
      "geometry": {
        "type": "Point",
        "coordinates": [
          34.997559625685945,
          31.75922916780632
        ]
      },
      "properties": {
        "rank": 99,
        "distance_metric": "euclidean",
        "placement_mode": "exact",
        "placement_semantics": "exact_point",
        "shelter_id": 15,
        "candidate_source": "buildings",
        "time_bucket": "5min",
        "time_seconds": 300,
        "coordinates": "31.759229,34.997560",
        "nearest_building_dist_m": 0.0,
        "newly_covered_buildings": 1,
        "newly_covered_people_est": 7
      }
    },
    {
      "type": "Feature",
      "geometry": {
        "type": "Point",
        "coordinates": [
          34.987585405586216,
          31.70091321460619
        ]
      },
      "properties": {
        "rank": 100,
        "distance_metric": "euclidean",
        "placement_mode": "exact",
        "placement_semantics": "exact_point",
        "shelter_id": 23,
        "candidate_source": "buildings",
        "time_bucket": "5min",
        "time_seconds": 300,
        "coordinates": "31.700913,34.987585",
        "nearest_building_dist_m": 0.0,
        "newly_covered_buildings": 1,
        "newly_covered_people_est": 7
      }
    },
    {
      "type": "Feature",
      "geometry": {
        "type": "Point",
        "coordinates": [
          34.97882282252128,
          31.75072413634312
        ]
      },
      "properties": {
        "rank": 101,
        "distance_metric": "euclidean",
        "placement_mode": "exact",
        "placement_semantics": "exact_point",
        "shelter_id": 48,
        "candidate_source": "buildings",
        "time_bucket": "5min",
        "time_seconds": 300,
        "coordinates": "31.750724,34.978823",
        "nearest_building_dist_m": 0.0,
        "newly_covered_buildings": 1,
        "newly_covered_people_est": 7
      }
    },
    {
      "type": "Feature",
      "geometry": {
        "type": "Point",
        "coordinates": [
          34.99678993065126,
          31.750128481424806
        ]
      },
      "properties": {
        "rank": 102,
        "distance_metric": "euclidean",
        "placement_mode": "exact",
        "placement_semantics": "exact_point",
        "shelter_id": 51,
        "candidate_source": "buildings",
        "time_bucket": "5min",
        "time_seconds": 300,
        "coordinates": "31.750128,34.996790",
        "nearest_building_dist_m": 0.0,
        "newly_covered_buildings": 1,
        "newly_covered_people_est": 7
      }
    },
    {
      "type": "Feature",
      "geometry": {
        "type": "Point",
        "coordinates": [
          34.982234394545884,
          31.714728361492373
        ]
      },
      "properties": {
        "rank": 103,
        "distance_metric": "euclidean",
        "placement_mode": "exact",
        "placement_semantics": "exact_point",
        "shelter_id": 75,
        "candidate_source": "buildings",
        "time_bucket": "5min",
        "time_seconds": 300,
        "coordinates": "31.714728,34.982234",
        "nearest_building_dist_m": 0.0,
        "newly_covered_buildings": 1,
        "newly_covered_people_est": 7
      }
    },
    {
      "type": "Feature",
      "geometry": {
        "type": "Point",
        "coordinates": [
          34.99344835371037,
          31.761456646626495
        ]
      },
      "properties": {
        "rank": 104,
        "distance_metric": "euclidean",
        "placement_mode": "exact",
        "placement_semantics": "exact_point",
        "shelter_id": 92,
        "candidate_source": "buildings",
        "time_bucket": "5min",
        "time_seconds": 300,
        "coordinates": "31.761457,34.993448",
        "nearest_building_dist_m": 0.0,
        "newly_covered_buildings": 1,
        "newly_covered_people_est": 7
      }
    },
    {
      "type": "Feature",
      "geometry": {
        "type": "Point",
        "coordinates": [
          34.992765058631555,
          31.774530494410076
        ]
      },
      "properties": {
        "rank": 105,
        "distance_metric": "euclidean",
        "placement_mode": "exact",
        "placement_semantics": "exact_point",
        "shelter_id": 154,
        "candidate_source": "buildings",
        "time_bucket": "5min",
        "time_seconds": 300,
        "coordinates": "31.774530,34.992765",
        "nearest_building_dist_m": 0.0,
        "newly_covered_buildings": 1,
        "newly_covered_people_est": 7
      }
    },
    {
      "type": "Feature",
      "geometry": {
        "type": "Point",
        "coordinates": [
          34.991160118541245,
          31.7689753130925
        ]
      },
      "properties": {
        "rank": 106,
        "distance_metric": "euclidean",
        "placement_mode": "exact",
        "placement_semantics": "exact_point",
        "shelter_id": 156,
        "candidate_source": "buildings",
        "time_bucket": "5min",
        "time_seconds": 300,
        "coordinates": "31.768975,34.991160",
        "nearest_building_dist_m": 0.0,
        "newly_covered_buildings": 1,
        "newly_covered_people_est": 7
      }
    },
    {
      "type": "Feature",
      "geometry": {
        "type": "Point",
        "coordinates": [
          34.99279144998848,
          31.767360483503445
        ]
      },
      "properties": {
        "rank": 107,
        "distance_metric": "euclidean",
        "placement_mode": "exact",
        "placement_semantics": "exact_point",
        "shelter_id": 158,
        "candidate_source": "buildings",
        "time_bucket": "5min",
        "time_seconds": 300,
        "coordinates": "31.767360,34.992791",
        "nearest_building_dist_m": 0.0,
        "newly_covered_buildings": 1,
        "newly_covered_people_est": 7
      }
    },
    {
      "type": "Feature",
      "geometry": {
        "type": "Point",
        "coordinates": [
          34.98014641081526,
          31.70892802128464
        ]
      },
      "properties": {
        "rank": 108,
        "distance_metric": "euclidean",
        "placement_mode": "exact",
        "placement_semantics": "exact_point",
        "shelter_id": 163,
        "candidate_source": "buildings",
        "time_bucket": "5min",
        "time_seconds": 300,
        "coordinates": "31.708928,34.980146",
        "nearest_building_dist_m": 0.0,
        "newly_covered_buildings": 1,
        "newly_covered_people_est": 7
      }
    },
    {
      "type": "Feature",
      "geometry": {
        "type": "Point",
        "coordinates": [
          34.989557947072704,
          31.71162540622002
        ]
      },
      "properties": {
        "rank": 109,
        "distance_metric": "euclidean",
        "placement_mode": "exact",
        "placement_semantics": "exact_point",
        "shelter_id": 171,
        "candidate_source": "buildings",
        "time_bucket": "5min",
        "time_seconds": 300,
        "coordinates": "31.711625,34.989558",
        "nearest_building_dist_m": 0.0,
        "newly_covered_buildings": 1,
        "newly_covered_people_est": 7
      }
    },
    {
      "type": "Feature",
      "geometry": {
        "type": "Point",
        "coordinates": [
          34.998772037807335,
          31.752494085848486
        ]
      },
      "properties": {
        "rank": 110,
        "distance_metric": "euclidean",
        "placement_mode": "exact",
        "placement_semantics": "exact_point",
        "shelter_id": 182,
        "candidate_source": "buildings",
        "time_bucket": "5min",
        "time_seconds": 300,
        "coordinates": "31.752494,34.998772",
        "nearest_building_dist_m": 0.0,
        "newly_covered_buildings": 1,
        "newly_covered_people_est": 7
      }
    },
    {
      "type": "Feature",
      "geometry": {
        "type": "Point",
        "coordinates": [
          35.00121043796509,
          31.748103341015508
        ]
      },
      "properties": {
        "rank": 111,
        "distance_metric": "euclidean",
        "placement_mode": "exact",
        "placement_semantics": "exact_point",
        "shelter_id": 187,
        "candidate_source": "buildings",
        "time_bucket": "5min",
        "time_seconds": 300,
        "coordinates": "31.748103,35.001210",
        "nearest_building_dist_m": 0.0,
        "newly_covered_buildings": 1,
        "newly_covered_people_est": 7
      }
    },
    {
      "type": "Feature",
      "geometry": {
        "type": "Point",
        "coordinates": [
          34.98700449953618,
          31.755171527356428
        ]
      },
      "properties": {
        "rank": 112,
        "distance_metric": "euclidean",
        "placement_mode": "exact",
        "placement_semantics": "exact_point",
        "shelter_id": 196,
        "candidate_source": "buildings",
        "time_bucket": "5min",
        "time_seconds": 300,
        "coordinates": "31.755172,34.987004",
        "nearest_building_dist_m": 0.0,
        "newly_covered_buildings": 1,
        "newly_covered_people_est": 7
      }
    },
    {
      "type": "Feature",
      "geometry": {
        "type": "Point",
        "coordinates": [
          34.99057364410973,
          31.751377405718134
        ]
      },
      "properties": {
        "rank": 113,
        "distance_metric": "euclidean",
        "placement_mode": "exact",
        "placement_semantics": "exact_point",
        "shelter_id": 215,
        "candidate_source": "buildings",
        "time_bucket": "5min",
        "time_seconds": 300,
        "coordinates": "31.751377,34.990574",
        "nearest_building_dist_m": 0.0,
        "newly_covered_buildings": 1,
        "newly_covered_people_est": 7
      }
    },
    {
      "type": "Feature",
      "geometry": {
        "type": "Point",
        "coordinates": [
          34.997154648880496,
          31.747165458346164
        ]
      },
      "properties": {
        "rank": 114,
        "distance_metric": "euclidean",
        "placement_mode": "exact",
        "placement_semantics": "exact_point",
        "shelter_id": 238,
        "candidate_source": "buildings",
        "time_bucket": "5min",
        "time_seconds": 300,
        "coordinates": "31.747165,34.997155",
        "nearest_building_dist_m": 0.0,
        "newly_covered_buildings": 1,
        "newly_covered_people_est": 7
      }
    },
    {
      "type": "Feature",
      "geometry": {
        "type": "Point",
        "coordinates": [
          34.99689397502757,
          31.74037669431722
        ]
      },
      "properties": {
        "rank": 115,
        "distance_metric": "euclidean",
        "placement_mode": "exact",
        "placement_semantics": "exact_point",
        "shelter_id": 253,
        "candidate_source": "buildings",
        "time_bucket": "5min",
        "time_seconds": 300,
        "coordinates": "31.740377,34.996894",
        "nearest_building_dist_m": 0.0,
        "newly_covered_buildings": 1,
        "newly_covered_people_est": 7
      }
    },
    {
      "type": "Feature",
      "geometry": {
        "type": "Point",
        "coordinates": [
          34.96850358392458,
          31.73589253946493
        ]
      },
      "properties": {
        "rank": 116,
        "distance_metric": "euclidean",
        "placement_mode": "exact",
        "placement_semantics": "exact_point",
        "shelter_id": 288,
        "candidate_source": "buildings",
        "time_bucket": "5min",
        "time_seconds": 300,
        "coordinates": "31.735893,34.968504",
        "nearest_building_dist_m": 0.0,
        "newly_covered_buildings": 1,
        "newly_covered_people_est": 7
      }
    },
    {
      "type": "Feature",
      "geometry": {
        "type": "Point",
        "coordinates": [
          34.96636026058045,
          31.712610298464536
        ]
      },
      "properties": {
        "rank": 117,
        "distance_metric": "euclidean",
        "placement_mode": "exact",
        "placement_semantics": "exact_point",
        "shelter_id": 289,
        "candidate_source": "buildings",
        "time_bucket": "5min",
        "time_seconds": 300,
        "coordinates": "31.712610,34.966360",
        "nearest_building_dist_m": 0.0,
        "newly_covered_buildings": 1,
        "newly_covered_people_est": 7
      }
    },
    {
      "type": "Feature",
      "geometry": {
        "type": "Point",
        "coordinates": [
          34.9579478091122,
          31.736038795595302
        ]
      },
      "properties": {
        "rank": 118,
        "distance_metric": "euclidean",
        "placement_mode": "exact",
        "placement_semantics": "exact_point",
        "shelter_id": 344,
        "candidate_source": "buildings",
        "time_bucket": "5min",
        "time_seconds": 300,
        "coordinates": "31.736039,34.957948",
        "nearest_building_dist_m": 0.0,
        "newly_covered_buildings": 1,
        "newly_covered_people_est": 7
      }
    },
    {
      "type": "Feature",
      "geometry": {
        "type": "Point",
        "coordinates": [
          34.99236301736255,
          31.734283549407223
        ]
      },
      "properties": {
        "rank": 119,
        "distance_metric": "euclidean",
        "placement_mode": "exact",
        "placement_semantics": "exact_point",
        "shelter_id": 346,
        "candidate_source": "buildings",
        "time_bucket": "5min",
        "time_seconds": 300,
        "coordinates": "31.734284,34.992363",
        "nearest_building_dist_m": 0.0,
        "newly_covered_buildings": 1,
        "newly_covered_people_est": 7
      }
    },
    {
      "type": "Feature",
      "geometry": {
        "type": "Point",
        "coordinates": [
          35.01790717661183,
          31.75938870141666
        ]
      },
      "properties": {
        "rank": 120,
        "distance_metric": "euclidean",
        "placement_mode": "exact",
        "placement_semantics": "exact_point",
        "shelter_id": 375,
        "candidate_source": "buildings",
        "time_bucket": "5min",
        "time_seconds": 300,
        "coordinates": "31.759389,35.017907",
        "nearest_building_dist_m": 0.0,
        "newly_covered_buildings": 1,
        "newly_covered_people_est": 7
      }
    },
    {
      "type": "Feature",
      "geometry": {
        "type": "Point",
        "coordinates": [
          34.97983669381329,
          31.738152196039856
        ]
      },
      "properties": {
        "rank": 121,
        "distance_metric": "euclidean",
        "placement_mode": "exact",
        "placement_semantics": "exact_point",
        "shelter_id": 426,
        "candidate_source": "buildings",
        "time_bucket": "5min",
        "time_seconds": 300,
        "coordinates": "31.738152,34.979837",
        "nearest_building_dist_m": 0.0,
        "newly_covered_buildings": 1,
        "newly_covered_people_est": 7
      }
    },
    {
      "type": "Feature",
      "geometry": {
        "type": "Point",
        "coordinates": [
          34.97690645017143,
          31.724722368887665
        ]
      },
      "properties": {
        "rank": 122,
        "distance_metric": "euclidean",
        "placement_mode": "exact",
        "placement_semantics": "exact_point",
        "shelter_id": 440,
        "candidate_source": "buildings",
        "time_bucket": "5min",
        "time_seconds": 300,
        "coordinates": "31.724722,34.976906",
        "nearest_building_dist_m": 0.0,
        "newly_covered_buildings": 1,
        "newly_covered_people_est": 7
      }
    },
    {
      "type": "Feature",
      "geometry": {
        "type": "Point",
        "coordinates": [
          34.98584811390597,
          31.72863914647732
        ]
      },
      "properties": {
        "rank": 123,
        "distance_metric": "euclidean",
        "placement_mode": "exact",
        "placement_semantics": "exact_point",
        "shelter_id": 459,
        "candidate_source": "buildings",
        "time_bucket": "5min",
        "time_seconds": 300,
        "coordinates": "31.728639,34.985848",
        "nearest_building_dist_m": 0.0,
        "newly_covered_buildings": 1,
        "newly_covered_people_est": 7
      }
    },
    {
      "type": "Feature",
      "geometry": {
        "type": "Point",
        "coordinates": [
          34.99199671860879,
          31.756079054316377
        ]
      },
      "properties": {
        "rank": 124,
        "distance_metric": "euclidean",
        "placement_mode": "exact",
        "placement_semantics": "exact_point",
        "shelter_id": 461,
        "candidate_source": "buildings",
        "time_bucket": "5min",
        "time_seconds": 300,
        "coordinates": "31.756079,34.991997",
        "nearest_building_dist_m": 0.0,
        "newly_covered_buildings": 1,
        "newly_covered_people_est": 7
      }
    },
    {
      "type": "Feature",
      "geometry": {
        "type": "Point",
        "coordinates": [
          34.99002206413294,
          31.71771316413069
        ]
      },
      "properties": {
        "rank": 125,
        "distance_metric": "euclidean",
        "placement_mode": "exact",
        "placement_semantics": "exact_point",
        "shelter_id": 463,
        "candidate_source": "buildings",
        "time_bucket": "5min",
        "time_seconds": 300,
        "coordinates": "31.717713,34.990022",
        "nearest_building_dist_m": 0.0,
        "newly_covered_buildings": 1,
        "newly_covered_people_est": 7
      }
    },
    {
      "type": "Feature",
      "geometry": {
        "type": "Point",
        "coordinates": [
          34.975556618756,
          31.719371224117932
        ]
      },
      "properties": {
        "rank": 126,
        "distance_metric": "euclidean",
        "placement_mode": "exact",
        "placement_semantics": "exact_point",
        "shelter_id": 474,
        "candidate_source": "buildings",
        "time_bucket": "5min",
        "time_seconds": 300,
        "coordinates": "31.719371,34.975557",
        "nearest_building_dist_m": 0.0,
        "newly_covered_buildings": 1,
        "newly_covered_people_est": 7
      }
    },
    {
      "type": "Feature",
      "geometry": {
        "type": "Point",
        "coordinates": [
          35.00923914555309,
          31.760807607710294
        ]
      },
      "properties": {
        "rank": 127,
        "distance_metric": "euclidean",
        "placement_mode": "exact",
        "placement_semantics": "exact_point",
        "shelter_id": 559,
        "candidate_source": "buildings",
        "time_bucket": "5min",
        "time_seconds": 300,
        "coordinates": "31.760808,35.009239",
        "nearest_building_dist_m": 0.0,
        "newly_covered_buildings": 1,
        "newly_covered_people_est": 7
      }
    },
    {
      "type": "Feature",
      "geometry": {
        "type": "Point",
        "coordinates": [
          34.950910383083446,
          31.747515586326514
        ]
      },
      "properties": {
        "rank": 128,
        "distance_metric": "euclidean",
        "placement_mode": "exact",
        "placement_semantics": "exact_point",
        "shelter_id": 793,
        "candidate_source": "buildings",
        "time_bucket": "5min",
        "time_seconds": 300,
        "coordinates": "31.747516,34.950910",
        "nearest_building_dist_m": 0.0,
        "newly_covered_buildings": 1,
        "newly_covered_people_est": 7
      }
    },
    {
      "type": "Feature",
      "geometry": {
        "type": "Point",
        "coordinates": [
          34.97979342040356,
          31.74528555277744
        ]
      },
      "properties": {
        "rank": 129,
        "distance_metric": "euclidean",
        "placement_mode": "exact",
        "placement_semantics": "exact_point",
        "shelter_id": 853,
        "candidate_source": "buildings",
        "time_bucket": "5min",
        "time_seconds": 300,
        "coordinates": "31.745286,34.979793",
        "nearest_building_dist_m": 0.0,
        "newly_covered_buildings": 1,
        "newly_covered_people_est": 7
      }
    },
    {
      "type": "Feature",
      "geometry": {
        "type": "Point",
        "coordinates": [
          35.00174064884315,
          31.718798679464978
        ]
      },
      "properties": {
        "rank": 130,
        "distance_metric": "euclidean",
        "placement_mode": "exact",
        "placement_semantics": "exact_point",
        "shelter_id": 872,
        "candidate_source": "buildings",
        "time_bucket": "5min",
        "time_seconds": 300,
        "coordinates": "31.718799,35.001741",
        "nearest_building_dist_m": 0.0,
        "newly_covered_buildings": 1,
        "newly_covered_people_est": 7
      }
    },
    {
      "type": "Feature",
      "geometry": {
        "type": "Point",
        "coordinates": [
          34.982528935282495,
          31.715915967947403
        ]
      },
      "properties": {
        "rank": 131,
        "distance_metric": "euclidean",
        "placement_mode": "exact",
        "placement_semantics": "exact_point",
        "shelter_id": 873,
        "candidate_source": "buildings",
        "time_bucket": "5min",
        "time_seconds": 300,
        "coordinates": "31.715916,34.982529",
        "nearest_building_dist_m": 0.0,
        "newly_covered_buildings": 1,
        "newly_covered_people_est": 7
      }
    },
    {
      "type": "Feature",
      "geometry": {
        "type": "Point",
        "coordinates": [
          35.00139100061301,
          31.73876686695302
        ]
      },
      "properties": {
        "rank": 132,
        "distance_metric": "euclidean",
        "placement_mode": "exact",
        "placement_semantics": "exact_point",
        "shelter_id": 895,
        "candidate_source": "buildings",
        "time_bucket": "5min",
        "time_seconds": 300,
        "coordinates": "31.738767,35.001391",
        "nearest_building_dist_m": 0.0,
        "newly_covered_buildings": 1,
        "newly_covered_people_est": 7
      }
    },
    {
      "type": "Feature",
      "geometry": {
        "type": "Point",
        "coordinates": [
          34.96979269450279,
          31.734422080505446
        ]
      },
      "properties": {
        "rank": 133,
        "distance_metric": "euclidean",
        "placement_mode": "exact",
        "placement_semantics": "exact_point",
        "shelter_id": 898,
        "candidate_source": "buildings",
        "time_bucket": "5min",
        "time_seconds": 300,
        "coordinates": "31.734422,34.969793",
        "nearest_building_dist_m": 0.0,
        "newly_covered_buildings": 1,
        "newly_covered_people_est": 7
      }
    },
    {
      "type": "Feature",
      "geometry": {
        "type": "Point",
        "coordinates": [
          34.95456029163346,
          31.696945642578886
        ]
      },
      "properties": {
        "rank": 134,
        "distance_metric": "euclidean",
        "placement_mode": "exact",
        "placement_semantics": "exact_point",
        "shelter_id": 912,
        "candidate_source": "buildings",
        "time_bucket": "5min",
        "time_seconds": 300,
        "coordinates": "31.696946,34.954560",
        "nearest_building_dist_m": 0.0,
        "newly_covered_buildings": 1,
        "newly_covered_people_est": 7
      }
    },
    {
      "type": "Feature",
      "geometry": {
        "type": "Point",
        "coordinates": [
          34.97662413519221,
          31.726330790451968
        ]
      },
      "properties": {
        "rank": 135,
        "distance_metric": "euclidean",
        "placement_mode": "exact",
        "placement_semantics": "exact_point",
        "shelter_id": 927,
        "candidate_source": "buildings",
        "time_bucket": "5min",
        "time_seconds": 300,
        "coordinates": "31.726331,34.976624",
        "nearest_building_dist_m": 0.0,
        "newly_covered_buildings": 1,
        "newly_covered_people_est": 7
      }
    },
    {
      "type": "Feature",
      "geometry": {
        "type": "Point",
        "coordinates": [
          34.9810031038989,
          31.74936375575994
        ]
      },
      "properties": {
        "rank": 136,
        "distance_metric": "euclidean",
        "placement_mode": "exact",
        "placement_semantics": "exact_point",
        "shelter_id": 963,
        "candidate_source": "buildings",
        "time_bucket": "5min",
        "time_seconds": 300,
        "coordinates": "31.749364,34.981003",
        "nearest_building_dist_m": 0.0,
        "newly_covered_buildings": 1,
        "newly_covered_people_est": 7
      }
    },
    {
      "type": "Feature",
      "geometry": {
        "type": "Point",
        "coordinates": [
          34.976810629550414,
          31.74561252662005
        ]
      },
      "properties": {
        "rank": 137,
        "distance_metric": "euclidean",
        "placement_mode": "exact",
        "placement_semantics": "exact_point",
        "shelter_id": 1037,
        "candidate_source": "buildings",
        "time_bucket": "5min",
        "time_seconds": 300,
        "coordinates": "31.745613,34.976811",
        "nearest_building_dist_m": 0.0,
        "newly_covered_buildings": 1,
        "newly_covered_people_est": 7
      }
    },
    {
      "type": "Feature",
      "geometry": {
        "type": "Point",
        "coordinates": [
          34.98324439184756,
          31.73818592500453
        ]
      },
      "properties": {
        "rank": 138,
        "distance_metric": "euclidean",
        "placement_mode": "exact",
        "placement_semantics": "exact_point",
        "shelter_id": 1056,
        "candidate_source": "buildings",
        "time_bucket": "5min",
        "time_seconds": 300,
        "coordinates": "31.738186,34.983244",
        "nearest_building_dist_m": 0.0,
        "newly_covered_buildings": 1,
        "newly_covered_people_est": 7
      }
    },
    {
      "type": "Feature",
      "geometry": {
        "type": "Point",
        "coordinates": [
          35.00105043048143,
          31.707727243382646
        ]
      },
      "properties": {
        "rank": 139,
        "distance_metric": "euclidean",
        "placement_mode": "exact",
        "placement_semantics": "exact_point",
        "shelter_id": 1070,
        "candidate_source": "buildings",
        "time_bucket": "5min",
        "time_seconds": 300,
        "coordinates": "31.707727,35.001050",
        "nearest_building_dist_m": 0.0,
        "newly_covered_buildings": 1,
        "newly_covered_people_est": 7
      }
    },
    {
      "type": "Feature",
      "geometry": {
        "type": "Point",
        "coordinates": [
          34.98241688662107,
          31.72808186101022
        ]
      },
      "properties": {
        "rank": 140,
        "distance_metric": "euclidean",
        "placement_mode": "exact",
        "placement_semantics": "exact_point",
        "shelter_id": 1196,
        "candidate_source": "buildings",
        "time_bucket": "5min",
        "time_seconds": 300,
        "coordinates": "31.728082,34.982417",
        "nearest_building_dist_m": 0.0,
        "newly_covered_buildings": 1,
        "newly_covered_people_est": 7
      }
    },
    {
      "type": "Feature",
      "geometry": {
        "type": "Point",
        "coordinates": [
          34.98758179760814,
          31.712857908217064
        ]
      },
      "properties": {
        "rank": 141,
        "distance_metric": "euclidean",
        "placement_mode": "exact",
        "placement_semantics": "exact_point",
        "shelter_id": 1232,
        "candidate_source": "buildings",
        "time_bucket": "5min",
        "time_seconds": 300,
        "coordinates": "31.712858,34.987582",
        "nearest_building_dist_m": 0.0,
        "newly_covered_buildings": 1,
        "newly_covered_people_est": 7
      }
    },
    {
      "type": "Feature",
      "geometry": {
        "type": "Point",
        "coordinates": [
          34.99490170323029,
          31.761537615524222
        ]
      },
      "properties": {
        "rank": 142,
        "distance_metric": "euclidean",
        "placement_mode": "exact",
        "placement_semantics": "exact_point",
        "shelter_id": 1263,
        "candidate_source": "buildings",
        "time_bucket": "5min",
        "time_seconds": 300,
        "coordinates": "31.761538,34.994902",
        "nearest_building_dist_m": 0.0,
        "newly_covered_buildings": 1,
        "newly_covered_people_est": 7
      }
    },
    {
      "type": "Feature",
      "geometry": {
        "type": "Point",
        "coordinates": [
          34.95457354453221,
          31.73413042526019
        ]
      },
      "properties": {
        "rank": 143,
        "distance_metric": "euclidean",
        "placement_mode": "exact",
        "placement_semantics": "exact_point",
        "shelter_id": 1300,
        "candidate_source": "buildings",
        "time_bucket": "5min",
        "time_seconds": 300,
        "coordinates": "31.734130,34.954574",
        "nearest_building_dist_m": 0.0,
        "newly_covered_buildings": 1,
        "newly_covered_people_est": 7
      }
    },
    {
      "type": "Feature",
      "geometry": {
        "type": "Point",
        "coordinates": [
          34.956804582218275,
          31.73218950600174
        ]
      },
      "properties": {
        "rank": 144,
        "distance_metric": "euclidean",
        "placement_mode": "exact",
        "placement_semantics": "exact_point",
        "shelter_id": 1301,
        "candidate_source": "buildings",
        "time_bucket": "5min",
        "time_seconds": 300,
        "coordinates": "31.732190,34.956805",
        "nearest_building_dist_m": 0.0,
        "newly_covered_buildings": 1,
        "newly_covered_people_est": 7
      }
    },
    {
      "type": "Feature",
      "geometry": {
        "type": "Point",
        "coordinates": [
          34.993226330000496,
          31.722300528664867
        ]
      },
      "properties": {
        "rank": 145,
        "distance_metric": "euclidean",
        "placement_mode": "exact",
        "placement_semantics": "exact_point",
        "shelter_id": 1321,
        "candidate_source": "buildings",
        "time_bucket": "5min",
        "time_seconds": 300,
        "coordinates": "31.722301,34.993226",
        "nearest_building_dist_m": 0.0,
        "newly_covered_buildings": 1,
        "newly_covered_people_est": 7
      }
    },
    {
      "type": "Feature",
      "geometry": {
        "type": "Point",
        "coordinates": [
          34.966894277508615,
          31.709755652380757
        ]
      },
      "properties": {
        "rank": 146,
        "distance_metric": "euclidean",
        "placement_mode": "exact",
        "placement_semantics": "exact_point",
        "shelter_id": 1383,
        "candidate_source": "buildings",
        "time_bucket": "5min",
        "time_seconds": 300,
        "coordinates": "31.709756,34.966894",
        "nearest_building_dist_m": 0.0,
        "newly_covered_buildings": 1,
        "newly_covered_people_est": 7
      }
    },
    {
      "type": "Feature",
      "geometry": {
        "type": "Point",
        "coordinates": [
          34.994055387610025,
          31.70439289038985
        ]
      },
      "properties": {
        "rank": 147,
        "distance_metric": "euclidean",
        "placement_mode": "exact",
        "placement_semantics": "exact_point",
        "shelter_id": 1399,
        "candidate_source": "buildings",
        "time_bucket": "5min",
        "time_seconds": 300,
        "coordinates": "31.704393,34.994055",
        "nearest_building_dist_m": 0.0,
        "newly_covered_buildings": 1,
        "newly_covered_people_est": 7
      }
    },
    {
      "type": "Feature",
      "geometry": {
        "type": "Point",
        "coordinates": [
          34.96191412138184,
          31.70981394643918
        ]
      },
      "properties": {
        "rank": 148,
        "distance_metric": "euclidean",
        "placement_mode": "exact",
        "placement_semantics": "exact_point",
        "shelter_id": 1424,
        "candidate_source": "buildings",
        "time_bucket": "5min",
        "time_seconds": 300,
        "coordinates": "31.709814,34.961914",
        "nearest_building_dist_m": 0.0,
        "newly_covered_buildings": 1,
        "newly_covered_people_est": 7
      }
    },
    {
      "type": "Feature",
      "geometry": {
        "type": "Point",
        "coordinates": [
          34.960115694698786,
          31.710440893595173
        ]
      },
      "properties": {
        "rank": 149,
        "distance_metric": "euclidean",
        "placement_mode": "exact",
        "placement_semantics": "exact_point",
        "shelter_id": 1427,
        "candidate_source": "buildings",
        "time_bucket": "5min",
        "time_seconds": 300,
        "coordinates": "31.710441,34.960116",
        "nearest_building_dist_m": 0.0,
        "newly_covered_buildings": 1,
        "newly_covered_people_est": 7
      }
    },
    {
      "type": "Feature",
      "geometry": {
        "type": "Point",
        "coordinates": [
          34.959922685994336,
          31.70769165529998
        ]
      },
      "properties": {
        "rank": 150,
        "distance_metric": "euclidean",
        "placement_mode": "exact",
        "placement_semantics": "exact_point",
        "shelter_id": 1500,
        "candidate_source": "buildings",
        "time_bucket": "5min",
        "time_seconds": 300,
        "coordinates": "31.707692,34.959923",
        "nearest_building_dist_m": 0.0,
        "newly_covered_buildings": 1,
        "newly_covered_people_est": 7
      }
    },
    {
      "type": "Feature",
      "geometry": {
        "type": "Point",
        "coordinates": [
          34.96255562900862,
          31.706848977650232
        ]
      },
      "properties": {
        "rank": 151,
        "distance_metric": "euclidean",
        "placement_mode": "exact",
        "placement_semantics": "exact_point",
        "shelter_id": 1509,
        "candidate_source": "buildings",
        "time_bucket": "5min",
        "time_seconds": 300,
        "coordinates": "31.706849,34.962556",
        "nearest_building_dist_m": 0.0,
        "newly_covered_buildings": 1,
        "newly_covered_people_est": 7
      }
    },
    {
      "type": "Feature",
      "geometry": {
        "type": "Point",
        "coordinates": [
          35.005781834685884,
          31.6998841542704
        ]
      },
      "properties": {
        "rank": 152,
        "distance_metric": "euclidean",
        "placement_mode": "exact",
        "placement_semantics": "exact_point",
        "shelter_id": 1528,
        "candidate_source": "buildings",
        "time_bucket": "5min",
        "time_seconds": 300,
        "coordinates": "31.699884,35.005782",
        "nearest_building_dist_m": 0.0,
        "newly_covered_buildings": 1,
        "newly_covered_people_est": 7
      }
    },
    {
      "type": "Feature",
      "geometry": {
        "type": "Point",
        "coordinates": [
          34.98920569790506,
          31.709557566305097
        ]
      },
      "properties": {
        "rank": 153,
        "distance_metric": "euclidean",
        "placement_mode": "exact",
        "placement_semantics": "exact_point",
        "shelter_id": 1547,
        "candidate_source": "buildings",
        "time_bucket": "5min",
        "time_seconds": 300,
        "coordinates": "31.709558,34.989206",
        "nearest_building_dist_m": 0.0,
        "newly_covered_buildings": 1,
        "newly_covered_people_est": 7
      }
    },
    {
      "type": "Feature",
      "geometry": {
        "type": "Point",
        "coordinates": [
          34.964634855570736,
          31.708117038973942
        ]
      },
      "properties": {
        "rank": 154,
        "distance_metric": "euclidean",
        "placement_mode": "exact",
        "placement_semantics": "exact_point",
        "shelter_id": 1573,
        "candidate_source": "buildings",
        "time_bucket": "5min",
        "time_seconds": 300,
        "coordinates": "31.708117,34.964635",
        "nearest_building_dist_m": 0.0,
        "newly_covered_buildings": 1,
        "newly_covered_people_est": 7
      }
    },
    {
      "type": "Feature",
      "geometry": {
        "type": "Point",
        "coordinates": [
          34.99568009838501,
          31.707736429159105
        ]
      },
      "properties": {
        "rank": 155,
        "distance_metric": "euclidean",
        "placement_mode": "exact",
        "placement_semantics": "exact_point",
        "shelter_id": 1591,
        "candidate_source": "buildings",
        "time_bucket": "5min",
        "time_seconds": 300,
        "coordinates": "31.707736,34.995680",
        "nearest_building_dist_m": 0.0,
        "newly_covered_buildings": 1,
        "newly_covered_people_est": 7
      }
    },
    {
      "type": "Feature",
      "geometry": {
        "type": "Point",
        "coordinates": [
          34.99068600534805,
          31.722578702090793
        ]
      },
      "properties": {
        "rank": 156,
        "distance_metric": "euclidean",
        "placement_mode": "exact",
        "placement_semantics": "exact_point",
        "shelter_id": 1700,
        "candidate_source": "buildings",
        "time_bucket": "5min",
        "time_seconds": 300,
        "coordinates": "31.722579,34.990686",
        "nearest_building_dist_m": 0.0,
        "newly_covered_buildings": 1,
        "newly_covered_people_est": 7
      }
    },
    {
      "type": "Feature",
      "geometry": {
        "type": "Point",
        "coordinates": [
          34.99522298727423,
          31.7557347969457
        ]
      },
      "properties": {
        "rank": 157,
        "distance_metric": "euclidean",
        "placement_mode": "exact",
        "placement_semantics": "exact_point",
        "shelter_id": 1963,
        "candidate_source": "buildings",
        "time_bucket": "5min",
        "time_seconds": 300,
        "coordinates": "31.755735,34.995223",
        "nearest_building_dist_m": 0.0,
        "newly_covered_buildings": 1,
        "newly_covered_people_est": 7
      }
    },
    {
      "type": "Feature",
      "geometry": {
        "type": "Point",
        "coordinates": [
          34.98599954951386,
          31.75673849246615
        ]
      },
      "properties": {
        "rank": 158,
        "distance_metric": "euclidean",
        "placement_mode": "exact",
        "placement_semantics": "exact_point",
        "shelter_id": 1969,
        "candidate_source": "buildings",
        "time_bucket": "5min",
        "time_seconds": 300,
        "coordinates": "31.756738,34.986000",
        "nearest_building_dist_m": 0.0,
        "newly_covered_buildings": 1,
        "newly_covered_people_est": 7
      }
    }
  ]
}