{
  "type": "FeatureCollection",
  "features": [
    {
      "type": "Feature",
      "geometry": {
        "type": "Point",
        "coordinates": [
          34.978033858325524,
          31.742271851384384
        ]
      },
      "properties": {
        "rank": 1,
        "distance_metric": "graph",
        "placement_mode": "exact",
        "placement_semantics": "exact_point",
        "shelter_id": 6895,
        "candidate_source": "network_nodes",
        "time_bucket": "5min",
        "time_seconds": 300,
        "coordinates": "31.742272,34.978034",
        "nearest_building_dist_m": 20.74,
        "newly_covered_buildings": 47,
        "newly_covered_people_est": 329
      }
    },
    {
      "type": "Feature",
      "geometry": {
        "type": "Point",
        "coordinates": [
          34.94948236492858,
          31.738189507897573
        ]
      },
      "properties": {
        "rank": 2,
        "distance_metric": "graph",
        "placement_mode": "exact",
        "placement_semantics": "exact_point",
        "shelter_id": 1893,
        "candidate_source": "buildings",
        "time_bucket": "5min",
        "time_seconds": 300,
        "coordinates": "31.738190,34.949482",
        "nearest_building_dist_m": 0.0,
        "newly_covered_buildings": 36,
        "newly_covered_people_est": 252
      }
    },
    {
      "type": "Feature",
      "geometry": {
        "type": "Point",
        "coordinates": [
          34.978228999476116,
          31.74439500068222
        ]
      },
      "properties": {
        "rank": 3,
        "distance_metric": "graph",
        "placement_mode": "exact",
        "placement_semantics": "exact_point",
        "shelter_id": 3469,
        "candidate_source": "network_nodes",
        "time_bucket": "5min",
        "time_seconds": 300,
        "coordinates": "31.744395,34.978229",
        "nearest_building_dist_m": 29.49,
        "newly_covered_buildings": 36,
        "newly_covered_people_est": 252
      }
    },
    {
      "type": "Feature",
      "geometry": {
        "type": "Point",
        "coordinates": [
          34.98728140977671,
          31.748384686856046
        ]
      },
      "properties": {
        "rank": 4,
        "distance_metric": "graph",
        "placement_mode": "exact",
        "placement_semantics": "exact_point",
        "shelter_id": 9142,
        "candidate_source": "network_nodes",
        "time_bucket": "5min",
        "time_seconds": 300,
        "coordinates": "31.748385,34.987281",
        "nearest_building_dist_m": 16.46,
        "newly_covered_buildings": 31,
        "newly_covered_people_est": 217
      }
    },
    {
      "type": "Feature",
      "geometry": {
        "type": "Point",
        "coordinates": [
          34.9807530040558,
          31.751889459468718
        ]
      },
      "properties": {
        "rank": 5,
        "distance_metric": "graph",
        "placement_mode": "exact",
        "placement_semantics": "exact_point",
        "shelter_id": 2788,
        "candidate_source": "buildings",
        "time_bucket": "5min",
        "time_seconds": 300,
        "coordinates": "31.751889,34.980753",
        "nearest_building_dist_m": 0.0,
        "newly_covered_buildings": 30,
        "newly_covered_people_est": 210
      }
    },
    {
      "type": "Feature",
      "geometry": {
        "type": "Point",
        "coordinates": [
          34.98665599947543,
          31.738835400683303
        ]
      },
      "properties": {
        "rank": 6,
        "distance_metric": "graph",
        "placement_mode": "exact",
        "placement_semantics": "exact_point",
        "shelter_id": 3489,
        "candidate_source": "network_nodes",
        "time_bucket": "5min",
        "time_seconds": 300,
        "coordinates": "31.738835,34.986656",
        "nearest_building_dist_m": 24.05,
        "newly_covered_buildings": 24,
        "newly_covered_people_est": 168
      }
    },
    {
      "type": "Feature",
      "geometry": {
        "type": "Point",
        "coordinates": [
          34.976223668995054,
          31.74336472456368
        ]
      },
      "properties": {
        "rank": 7,
        "distance_metric": "graph",
        "placement_mode": "exact",
        "placement_semantics": "exact_point",
        "shelter_id": 7330,
        "candidate_source": "network_nodes",
        "time_bucket": "5min",
        "time_seconds": 300,
        "coordinates": "31.743365,34.976224",
        "nearest_building_dist_m": 20.86,
        "newly_covered_buildings": 24,
        "newly_covered_people_est": 168
      }
    },
    {
      "type": "Feature",
      "geometry": {
        "type": "Point",
        "coordinates": [
          34.97819999947571,
          31.73911090068277
        ]
      },
      "properties": {
        "rank": 8,
        "distance_metric": "graph",
        "placement_mode": "exact",
        "placement_semantics": "exact_point",
        "shelter_id": 3521,
        "candidate_source": "network_nodes",
        "time_bucket": "5min",
        "time_seconds": 300,
        "coordinates": "31.739111,34.978200",
        "nearest_building_dist_m": 19.82,
        "newly_covered_buildings": 22,
        "newly_covered_people_est": 154
      }
    },
    {
      "type": "Feature",
      "geometry": {
        "type": "Point",
        "coordinates": [
          34.993064122381895,
          31.708057382606913
        ]
      },
      "properties": {
        "rank": 9,
        "distance_metric": "graph",
        "placement_mode": "exact",
        "placement_semantics": "exact_point",
        "shelter_id": 970,
        "candidate_source": "buildings",
        "time_bucket": "5min",
        "time_seconds": 300,
        "coordinates": "31.708057,34.993064",
        "nearest_building_dist_m": 0.0,
        "newly_covered_buildings": 20,
        "newly_covered_people_est": 140
      }
    },
    {
      "type": "Feature",
      "geometry": {
        "type": "Point",
        "coordinates": [
          34.981670284113804,
          31.73643532557908
        ]
      },
      "properties": {
        "rank": 10,
        "distance_metric": "graph",
        "placement_mode": "exact",
        "placement_semantics": "exact_point",
        "shelter_id": 1565,
        "candidate_source": "buildings",
        "time_bucket": "5min",
        "time_seconds": 300,
        "coordinates": "31.736435,34.981670",
        "nearest_building_dist_m": 0.0,
        "newly_covered_buildings": 19,
        "newly_covered_people_est": 133
      }
    },
    {
      "type": "Feature",
      "geometry": {
        "type": "Point",
        "coordinates": [
          34.98450189947548,
          31.73873220068318
        ]
      },
      "properties": {
        "rank": 11,
        "distance_metric": "graph",
        "placement_mode": "exact",
        "placement_semantics": "exact_point",
        "shelter_id": 3488,
        "candidate_source": "network_nodes",
        "time_bucket": "5min",
        "time_seconds": 300,
        "coordinates": "31.738732,34.984502",
        "nearest_building_dist_m": 25.82,
        "newly_covered_buildings": 19,
        "newly_covered_people_est": 133
      }
    },
    {
      "type": "Feature",
      "geometry": {
        "type": "Point",
        "coordinates": [
          34.97865327632286,
          31.73798426385922
        ]
      },
      "properties": {
        "rank": 12,
        "distance_metric": "graph",
        "placement_mode": "exact",
        "placement_semantics": "exact_point",
        "shelter_id": 8337,
        "candidate_source": "network_nodes",
        "time_bucket": "5min",
        "time_seconds": 300,
        "coordinates": "31.737984,34.978653",
        "nearest_building_dist_m": 22.4,
        "newly_covered_buildings": 19,
        "newly_covered_people_est": 133
      }
    },
    {
      "type": "Feature",
      "geometry": {
        "type": "Point",
        "coordinates": [
          34.97942520637045,
          31.750744308783663
        ]
      },
      "properties": {
        "rank": 13,
        "distance_metric": "graph",
        "placement_mode": "exact",
        "placement_semantics": "exact_point",
        "shelter_id": 2678,
        "candidate_source": "buildings",
        "time_bucket": "5min",
        "time_seconds": 300,
        "coordinates": "31.750744,34.979425",
        "nearest_building_dist_m": 0.0,
        "newly_covered_buildings": 18,
        "newly_covered_people_est": 126
      }
    },
    {
      "type": "Feature",
      "geometry": {
        "type": "Point",
        "coordinates": [
          35.00354729947269,
          31.7086796006875
        ]
      },
      "properties": {
        "rank": 14,
        "distance_metric": "graph",
        "placement_mode": "exact",
        "placement_semantics": "exact_point",
        "shelter_id": 5315,
        "candidate_source": "network_nodes",
        "time_bucket": "5min",
        "time_seconds": 300,
        "coordinates": "31.708680,35.003547",
        "nearest_building_dist_m": 38.29,
        "newly_covered_buildings": 18,
        "newly_covered_people_est": 126
      }
    },
    {
      "type": "Feature",
      "geometry": {
        "type": "Point",
        "coordinates": [
          34.995869497871425,
          31.708149960037137
        ]
      },
      "properties": {
        "rank": 15,
        "distance_metric": "graph",
        "placement_mode": "exact",
        "placement_semantics": "exact_point",
        "shelter_id": 3134,
        "candidate_source": "buildings",
        "time_bucket": "5min",
        "time_seconds": 300,
        "coordinates": "31.708150,34.995869",
        "nearest_building_dist_m": 0.0,
        "newly_covered_buildings": 17,
        "newly_covered_people_est": 119
      }
    },
    {
      "type": "Feature",
      "geometry": {
        "type": "Point",
        "coordinates": [
          34.996835999475664,
          31.746751900683087
        ]
      },
      "properties": {
        "rank": 16,
        "distance_metric": "graph",
        "placement_mode": "exact",
        "placement_semantics": "exact_point",
        "shelter_id": 3375,
        "candidate_source": "network_nodes",
        "time_bucket": "5min",
        "time_seconds": 300,
        "coordinates": "31.746752,34.996836",
        "nearest_building_dist_m": 23.94,
        "newly_covered_buildings": 17,
        "newly_covered_people_est": 119
      }
    },
    {
      "type": "Feature",
      "geometry": {
        "type": "Point",
        "coordinates": [
          34.99555200048686,
          31.75295675453083
        ]
      },
      "properties": {
        "rank": 17,
        "distance_metric": "graph",
        "placement_mode": "exact",
        "placement_semantics": "exact_point",
        "shelter_id": 2884,
        "candidate_source": "buildings",
        "time_bucket": "5min",
        "time_seconds": 300,
        "coordinates": "31.752957,34.995552",
        "nearest_building_dist_m": 0.0,
        "newly_covered_buildings": 16,
        "newly_covered_people_est": 112
      }
    },
    {
      "type": "Feature",
      "geometry": {
        "type": "Point",
        "coordinates": [
          34.98259989947375,
          31.713937800685652
        ]
      },
      "properties": {
        "rank": 18,
        "distance_metric": "graph",
        "placement_mode": "exact",
        "placement_semantics": "exact_point",
        "shelter_id": 4116,
        "candidate_source": "network_nodes",
        "time_bucket": "5min",
        "time_seconds": 300,
        "coordinates": "31.713938,34.982600",
        "nearest_building_dist_m": 31.19,
        "newly_covered_buildings": 16,
        "newly_covered_people_est": 112
      }
    },
    {
      "type": "Feature",
      "geometry": {
        "type": "Point",
        "coordinates": [
          34.984385806384,
          31.71457189834617
        ]
      },
      "properties": {
        "rank": 19,
        "distance_metric": "graph",
        "placement_mode": "exact",
        "placement_semantics": "exact_point",
        "shelter_id": 1263,
        "candidate_source": "buildings",
        "time_bucket": "5min",
        "time_seconds": 300,
        "coordinates": "31.714572,34.984386",
        "nearest_building_dist_m": 0.0,
        "newly_covered_buildings": 15,
        "newly_covered_people_est": 105
      }
    },
    {
      "type": "Feature",
      "geometry": {
        "type": "Point",
        "coordinates": [
          34.98356523645257,
          31.736848315402163
        ]
      },
      "properties": {
        "rank": 20,
        "distance_metric": "graph",
        "placement_mode": "exact",
        "placement_semantics": "exact_point",
        "shelter_id": 8276,
        "candidate_source": "network_nodes",
        "time_bucket": "5min",
        "time_seconds": 300,
        "coordinates": "31.736848,34.983565",
        "nearest_building_dist_m": 21.73,
        "newly_covered_buildings": 15,
        "newly_covered_people_est": 105
      }
    },
    {
      "type": "Feature",
      "geometry": {
        "type": "Point",
        "coordinates": [
          34.9880325204111,
          31.75392663472455
        ]
      },
      "properties": {
        "rank": 21,
        "distance_metric": "graph",
        "placement_mode": "exact",
        "placement_semantics": "exact_point",
        "shelter_id": 2969,
        "candidate_source": "buildings",
        "time_bucket": "5min",
        "time_seconds": 300,
        "coordinates": "31.753927,34.988033",
        "nearest_building_dist_m": 0.0,
        "newly_covered_buildings": 14,
        "newly_covered_people_est": 98
      }
    },
    {
      "type": "Feature",
      "geometry": {
        "type": "Point",
        "coordinates": [
          34.974754499475836,
          31.738916200682585
        ]
      },
      "properties": {
        "rank": 22,
        "distance_metric": "graph",
        "placement_mode": "exact",
        "placement_semantics": "exact_point",
        "shelter_id": 3754,
        "candidate_source": "network_nodes",
        "time_bucket": "5min",
        "time_seconds": 300,
        "coordinates": "31.738916,34.974754",
        "nearest_building_dist_m": 27.59,
        "newly_covered_buildings": 14,
        "newly_covered_people_est": 98
      }
    },
    {
      "type": "Feature",
      "geometry": {
        "type": "Point",
        "coordinates": [
          34.998605499472724,
          31.706860700687386
        ]
      },
      "properties": {
        "rank": 23,
        "distance_metric": "graph",
        "placement_mode": "exact",
        "placement_semantics": "exact_point",
        "shelter_id": 5119,
        "candidate_source": "network_nodes",
        "time_bucket": "5min",
        "time_seconds": 300,
        "coordinates": "31.706861,34.998605",
        "nearest_building_dist_m": 24.35,
        "newly_covered_buildings": 14,
        "newly_covered_people_est": 98
      }
    },
    {
      "type": "Feature",
      "geometry": {
        "type": "Point",
        "coordinates": [
          34.99745633948848,
          31.750167142572398
        ]
      },
      "properties": {
        "rank": 24,
        "distance_metric": "graph",
        "placement_mode": "exact",
        "placement_semantics": "exact_point",
        "shelter_id": 2615,
        "candidate_source": "buildings",
        "time_bucket": "5min",
        "time_seconds": 300,
        "coordinates": "31.750167,34.997456",
        "nearest_building_dist_m": 0.0,
        "newly_covered_buildings": 13,
        "newly_covered_people_est": 91
      }
    },
    {
      "type": "Feature",
      "geometry": {
        "type": "Point",
        "coordinates": [
          34.97777999947553,
          31.736109700683055
        ]
      },
      "properties": {
        "rank": 25,
        "distance_metric": "graph",
        "placement_mode": "exact",
        "placement_semantics": "exact_point",
        "shelter_id": 3760,
        "candidate_source": "network_nodes",
        "time_bucket": "5min",
        "time_seconds": 300,
        "coordinates": "31.736110,34.977780",
        "nearest_building_dist_m": 23.94,
        "newly_covered_buildings": 13,
        "newly_covered_people_est": 91
      }
    },
    {
      "type": "Feature",
      "geometry": {
        "type": "Point",
        "coordinates": [
          34.99063159947372,
          31.71712950068582
        ]
      },
      "properties": {
        "rank": 26,
        "distance_metric": "graph",
        "placement_mode": "exact",
        "placement_semantics": "exact_point",
        "shelter_id": 4378,
        "candidate_source": "network_nodes",
        "time_bucket": "5min",
        "time_seconds": 300,
        "coordinates": "31.717130,34.990632",
        "nearest_building_dist_m": 33.98,
        "newly_covered_buildings": 13,
        "newly_covered_people_est": 91
      }
    },
    {
      "type": "Feature",
      "geometry": {
        "type": "Point",
        "coordinates": [
          34.99792117813698,
          31.749079239285265
        ]
      },
      "properties": {
        "rank": 27,
        "distance_metric": "graph",
        "placement_mode": "exact",
        "placement_semantics": "exact_point",
        "shelter_id": 9193,
        "candidate_source": "network_nodes",
        "time_bucket": "5min",
        "time_seconds": 300,
        "coordinates": "31.749079,34.997921",
        "nearest_building_dist_m": 18.17,
        "newly_covered_buildings": 13,
        "newly_covered_people_est": 91
      }
    },
    {
      "type": "Feature",
      "geometry": {
        "type": "Point",
        "coordinates": [
          34.989056056679395,
          31.739296800938636
        ]
      },
      "properties": {
        "rank": 28,
        "distance_metric": "graph",
        "placement_mode": "exact",
        "placement_semantics": "exact_point",
        "shelter_id": 1784,
        "candidate_source": "buildings",
        "time_bucket": "5min",
        "time_seconds": 300,
        "coordinates": "31.739297,34.989056",
        "nearest_building_dist_m": 0.0,
        "newly_covered_buildings": 12,
        "newly_covered_people_est": 84
      }
    },
    {
      "type": "Feature",
      "geometry": {
        "type": "Point",
        "coordinates": [
          34.98358809020795,
          31.743369337245014
        ]
      },
      "properties": {
        "rank": 29,
        "distance_metric": "graph",
        "placement_mode": "exact",
        "placement_semantics": "exact_point",
        "shelter_id": 2010,
        "candidate_source": "buildings",
        "time_bucket": "5min",
        "time_seconds": 300,
        "coordinates": "31.743369,34.983588",
        "nearest_building_dist_m": 0.0,
        "newly_covered_buildings": 12,
        "newly_covered_people_est": 84
      }
    },
    {
      "type": "Feature",
      "geometry": {
        "type": "Point",
        "coordinates": [
          34.97747862094185,
          31.745179006039923
        ]
      },
      "properties": {
        "rank": 30,
        "distance_metric": "graph",
        "placement_mode": "exact",
        "placement_semantics": "exact_point",
        "shelter_id": 2162,
        "candidate_source": "buildings",
        "time_bucket": "5min",
        "time_seconds": 300,
        "coordinates": "31.745179,34.977479",
        "nearest_building_dist_m": 0.0,
        "newly_covered_buildings": 12,
        "newly_covered_people_est": 84
      }
    },
    {
      "type": "Feature",
      "geometry": {
        "type": "Point",
        "coordinates": [
          34.99513219947669,
          31.7602179006816
        ]
      },
      "properties": {
        "rank": 31,
        "distance_metric": "graph",
        "placement_mode": "exact",
        "placement_semantics": "exact_point",
        "shelter_id": 6477,
        "candidate_source": "network_nodes",
        "time_bucket": "5min",
        "time_seconds": 300,
        "coordinates": "31.760218,34.995132",
        "nearest_building_dist_m": 27.63,
        "newly_covered_buildings": 12,
        "newly_covered_people_est": 84
      }
    },
    {
      "type": "Feature",
      "geometry": {
        "type": "Point",
        "coordinates": [
          34.979519334536796,
          31.741067309754467
        ]
      },
      "properties": {
        "rank": 32,
        "distance_metric": "graph",
        "placement_mode": "exact",
        "placement_semantics": "exact_point",
        "shelter_id": 6989,
        "candidate_source": "network_nodes",
        "time_bucket": "5min",
        "time_seconds": 300,
        "coordinates": "31.741067,34.979519",
        "nearest_building_dist_m": 30.63,
        "newly_covered_buildings": 12,
        "newly_covered_people_est": 84
      }
    },
    {
      "type": "Feature",
      "geometry": {
        "type": "Point",
        "coordinates": [
          34.98740129963567,
          31.700998627243468
        ]
      },
      "properties": {
        "rank": 33,
        "distance_metric": "graph",
        "placement_mode": "exact",
        "placement_semantics": "exact_point",
        "shelter_id": 763,
        "candidate_source": "buildings",
        "time_bucket": "5min",
        "time_seconds": 300,
        "coordinates": "31.700999,34.987401",
        "nearest_building_dist_m": 0.0,
        "newly_covered_buildings": 11,
        "newly_covered_people_est": 77
      }
    },
    {
      "type": "Feature",
      "geometry": {
        "type": "Point",
        "coordinates": [
          34.9750708880229,
          31.745391221546033
        ]
      },
      "properties": {
        "rank": 34,
        "distance_metric": "graph",
        "placement_mode": "exact",
        "placement_semantics": "exact_point",
        "shelter_id": 2169,
        "candidate_source": "buildings",
        "time_bucket": "5min",
        "time_seconds": 300,
        "coordinates": "31.745391,34.975071",
        "nearest_building_dist_m": 0.0,
        "newly_covered_buildings": 11,
        "newly_covered_people_est": 77
      }
    },
    {
      "type": "Feature",
      "geometry": {
        "type": "Point",
        "coordinates": [
          34.980017999473255,
          31.705939200686338
        ]
      },
      "properties": {
        "rank": 35,
        "distance_metric": "graph",
        "placement_mode": "exact",
        "placement_semantics": "exact_point",
        "shelter_id": 4734,
        "candidate_source": "network_nodes",
        "time_bucket": "5min",
        "time_seconds": 300,
        "coordinates": "31.705939,34.980018",
        "nearest_building_dist_m": 19.75,
        "newly_covered_buildings": 11,
        "newly_covered_people_est": 77
      }
    },
    {
      "type": "Feature",
      "geometry": {
        "type": "Point",
        "coordinates": [
          34.957741977335104,
          31.732756610092363
        ]
      },
      "properties": {
        "rank": 36,
        "distance_metric": "graph",
        "placement_mode": "exact",
        "placement_semantics": "exact_point",
        "shelter_id": 1493,
        "candidate_source": "buildings",
        "time_bucket": "5min",
        "time_seconds": 300,
        "coordinates": "31.732757,34.957742",
        "nearest_building_dist_m": 0.0,
        "newly_covered_buildings": 10,
        "newly_covered_people_est": 70
      }
    },
    {
      "type": "Feature",
      "geometry": {
        "type": "Point",
        "coordinates": [
          34.979195355165984,
          31.74433862716286
        ]
      },
      "properties": {
        "rank": 37,
        "distance_metric": "graph",
        "placement_mode": "exact",
        "placement_semantics": "exact_point",
        "shelter_id": 2089,
        "candidate_source": "buildings",
        "time_bucket": "5min",
        "time_seconds": 300,
        "coordinates": "31.744339,34.979195",
        "nearest_building_dist_m": 0.0,
        "newly_covered_buildings": 10,
        "newly_covered_people_est": 70
      }
    },
    {
      "type": "Feature",
      "geometry": {
        "type": "Point",
        "coordinates": [
          34.98154473992539,
          31.75285863587626
        ]
      },
      "properties": {
        "rank": 38,
        "distance_metric": "graph",
        "placement_mode": "exact",
        "placement_semantics": "exact_point",
        "shelter_id": 2871,
        "candidate_source": "buildings",
        "time_bucket": "5min",
        "time_seconds": 300,
        "coordinates": "31.752859,34.981545",
        "nearest_building_dist_m": 0.0,
        "newly_covered_buildings": 10,
        "newly_covered_people_est": 70
      }
    },
    {
      "type": "Feature",
      "geometry": {
        "type": "Point",
        "coordinates": [
          34.98983712323171,
          31.754162144426846
        ]
      },
      "properties": {
        "rank": 39,
        "distance_metric": "graph",
        "placement_mode": "exact",
        "placement_semantics": "exact_point",
        "shelter_id": 2979,
        "candidate_source": "buildings",
        "time_bucket": "5min",
        "time_seconds": 300,
        "coordinates": "31.754162,34.989837",
        "nearest_building_dist_m": 0.0,
        "newly_covered_buildings": 10,
        "newly_covered_people_est": 70
      }
    },
    {
      "type": "Feature",
      "geometry": {
        "type": "Point",
        "coordinates": [
          34.98881509947339,
          31.711607500686277
        ]
      },
      "properties": {
        "rank": 40,
        "distance_metric": "graph",
        "placement_mode": "exact",
        "placement_semantics": "exact_point",
        "shelter_id": 4918,
        "candidate_source": "network_nodes",
        "time_bucket": "5min",
        "time_seconds": 300,
        "coordinates": "31.711608,34.988815",
        "nearest_building_dist_m": 30.89,
        "newly_covered_buildings": 10,
        "newly_covered_people_est": 70
      }
    },
    {
      "type": "Feature",
      "geometry": {
        "type": "Point",
        "coordinates": [
          34.981407004748796,
          31.739792646167533
        ]
      },
      "properties": {
        "rank": 41,
        "distance_metric": "graph",
        "placement_mode": "exact",
        "placement_semantics": "exact_point",
        "shelter_id": 6786,
        "candidate_source": "network_nodes",
        "time_bucket": "5min",
        "time_seconds": 300,
        "coordinates": "31.739793,34.981407",
        "nearest_building_dist_m": 22.1,
        "newly_covered_buildings": 10,
        "newly_covered_people_est": 70
      }
    },
    {
      "type": "Feature",
      "geometry": {
        "type": "Point",
        "coordinates": [
          34.98043643784236,
          31.708698609329975
        ]
      },
      "properties": {
        "rank": 42,
        "distance_metric": "graph",
        "placement_mode": "exact",
        "placement_semantics": "exact_point",
        "shelter_id": 7627,
        "candidate_source": "network_nodes",
        "time_bucket": "5min",
        "time_seconds": 300,
        "coordinates": "31.708699,34.980436",
        "nearest_building_dist_m": 13.27,
        "newly_covered_buildings": 10,
        "newly_covered_people_est": 70
      }
    },
    {
      "type": "Feature",
      "geometry": {
        "type": "Point",
        "coordinates": [
          34.99881164738389,
          31.709830594713704
        ]
      },
      "properties": {
        "rank": 43,
        "distance_metric": "graph",
        "placement_mode": "exact",
        "placement_semantics": "exact_point",
        "shelter_id": 7673,
        "candidate_source": "network_nodes",
        "time_bucket": "5min",
        "time_seconds": 300,
        "coordinates": "31.709831,34.998812",
        "nearest_building_dist_m": 9.97,
        "newly_covered_buildings": 10,
        "newly_covered_people_est": 70
      }
    },
    {
      "type": "Feature",
      "geometry": {
        "type": "Point",
        "coordinates": [
          34.98923490841387,
          31.706195972169418
        ]
      },
      "properties": {
        "rank": 44,
        "distance_metric": "graph",
        "placement_mode": "exact",
        "placement_semantics": "exact_point",
        "shelter_id": 920,
        "candidate_source": "buildings",
        "time_bucket": "5min",
        "time_seconds": 300,
        "coordinates": "31.706196,34.989235",
        "nearest_building_dist_m": 0.0,
        "newly_covered_buildings": 9,
        "newly_covered_people_est": 63
      }
    },
    {
      "type": "Feature",
      "geometry": {
        "type": "Point",
        "coordinates": [
          34.98255011741094,
          31.738928948347475
        ]
      },
      "properties": {
        "rank": 45,
        "distance_metric": "graph",
        "placement_mode": "exact",
        "placement_semantics": "exact_point",
        "shelter_id": 1748,
        "candidate_source": "buildings",
        "time_bucket": "5min",
        "time_seconds": 300,
        "coordinates": "31.738929,34.982550",
        "nearest_building_dist_m": 0.0,
        "newly_covered_buildings": 9,
        "newly_covered_people_est": 63
      }
    },
    {
      "type": "Feature",
      "geometry": {
        "type": "Point",
        "coordinates": [
          34.98737415254292,
          31.74602012859502
        ]
      },
      "properties": {
        "rank": 46,
        "distance_metric": "graph",
        "placement_mode": "exact",
        "placement_semantics": "exact_point",
        "shelter_id": 2231,
        "candidate_source": "buildings",
        "time_bucket": "5min",
        "time_seconds": 300,
        "coordinates": "31.746020,34.987374",
        "nearest_building_dist_m": 0.0,
        "newly_covered_buildings": 9,
        "newly_covered_people_est": 63
      }
    },
    {
      "type": "Feature",
      "geometry": {
        "type": "Point",
        "coordinates": [
          34.979569899273756,
          31.74773180420413
        ]
      },
      "properties": {
        "rank": 47,
        "distance_metric": "graph",
        "placement_mode": "exact",
        "placement_semantics": "exact_point",
        "shelter_id": 2391,
        "candidate_source": "buildings",
        "time_bucket": "5min",
        "time_seconds": 300,
        "coordinates": "31.747732,34.979570",
        "nearest_building_dist_m": 0.0,
        "newly_covered_buildings": 9,
        "newly_covered_people_est": 63
      }
    },
    {
      "type": "Feature",
      "geometry": {
        "type": "Point",
        "coordinates": [
          34.998756299473506,
          31.718110400686214
        ]
      },
      "properties": {
        "rank": 48,
        "distance_metric": "graph",
        "placement_mode": "exact",
        "placement_semantics": "exact_point",
        "shelter_id": 3977,
        "candidate_source": "network_nodes",
        "time_bucket": "5min",
        "time_seconds": 300,
        "coordinates": "31.718110,34.998756",
        "nearest_building_dist_m": 44.75,
        "newly_covered_buildings": 9,
        "newly_covered_people_est": 63
      }
    },
    {
      "type": "Feature",
      "geometry": {
        "type": "Point",
        "coordinates": [
          34.993143599472646,
          31.70311780068746
        ]
      },
      "properties": {
        "rank": 49,
        "distance_metric": "graph",
        "placement_mode": "exact",
        "placement_semantics": "exact_point",
        "shelter_id": 4828,
        "candidate_source": "network_nodes",
        "time_bucket": "5min",
        "time_seconds": 300,
        "coordinates": "31.703118,34.993144",
        "nearest_building_dist_m": 23.1,
        "newly_covered_buildings": 9,
        "newly_covered_people_est": 63
      }
    },
    {
      "type": "Feature",
      "geometry": {
        "type": "Point",
        "coordinates": [
          34.99187619947291,
          31.70662090068701
        ]
      },
      "properties": {
        "rank": 50,
        "distance_metric": "graph",
        "placement_mode": "exact",
        "placement_semantics": "exact_point",
        "shelter_id": 4842,
        "candidate_source": "network_nodes",
        "time_bucket": "5min",
        "time_seconds": 300,
        "coordinates": "31.706621,34.991876",
        "nearest_building_dist_m": 23.03,
        "newly_covered_buildings": 9,
        "newly_covered_people_est": 63
      }
    },
    {
      "type": "Feature",
      "geometry": {
        "type": "Point",
        "coordinates": [
          35.00087369947335,
          31.716581700686504
        ]
      },
      "properties": {
        "rank": 51,
        "distance_metric": "graph",
        "placement_mode": "exact",
        "placement_semantics": "exact_point",
        "shelter_id": 5217,
        "candidate_source": "network_nodes",
        "time_bucket": "5min",
        "time_seconds": 300,
        "coordinates": "31.716582,35.000874",
        "nearest_building_dist_m": 57.81,
        "newly_covered_buildings": 9,
        "newly_covered_people_est": 63
      }
    },
    {
      "type": "Feature",
      "geometry": {
        "type": "Point",
        "coordinates": [
          34.99451909947323,
          31.71209940068657
        ]
      },
      "properties": {
        "rank": 52,
        "distance_metric": "graph",
        "placement_mode": "exact",
        "placement_semantics": "exact_point",
        "shelter_id": 5985,
        "candidate_source": "network_nodes",
        "time_bucket": "5min",
        "time_seconds": 300,
        "coordinates": "31.712099,34.994519",
        "nearest_building_dist_m": 23.74,
        "newly_covered_buildings": 9,
        "newly_covered_people_est": 63
      }
    },
    {
      "type": "Feature",
      "geometry": {
        "type": "Point",
        "coordinates": [
          34.991850541356406,
          31.755489089560612
        ]
      },
      "properties": {
        "rank": 53,
        "distance_metric": "graph",
        "placement_mode": "exact",
        "placement_semantics": "exact_point",
        "shelter_id": 7262,
        "candidate_source": "network_nodes",
        "time_bucket": "5min",
        "time_seconds": 300,
        "coordinates": "31.755489,34.991851",
        "nearest_building_dist_m": 13.36,
        "newly_covered_buildings": 9,
        "newly_covered_people_est": 63
      }
    },
    {
      "type": "Feature",
      "geometry": {
        "type": "Point",
        "coordinates": [
          34.984390169036864,
          31.73725036314721
        ]
      },
      "properties": {
        "rank": 54,
        "distance_metric": "graph",
        "placement_mode": "exact",
        "placement_semantics": "exact_point",
        "shelter_id": 8272,
        "candidate_source": "network_nodes",
        "time_bucket": "5min",
        "time_seconds": 300,
        "coordinates": "31.737250,34.984390",
        "nearest_building_dist_m": 19.15,
        "newly_covered_buildings": 9,
        "newly_covered_people_est": 63
      }
    },
    {
      "type": "Feature",
      "geometry": {
        "type": "Point",
        "coordinates": [
          34.98440111777886,
          31.70168340116711
        ]
      },
      "properties": {
        "rank": 55,
        "distance_metric": "graph",
        "placement_mode": "exact",
        "placement_semantics": "exact_point",
        "shelter_id": 123,
        "candidate_source": "buildings",
        "time_bucket": "5min",
        "time_seconds": 300,
        "coordinates": "31.701683,34.984401",
        "nearest_building_dist_m": 0.0,
        "newly_covered_buildings": 8,
        "newly_covered_people_est": 56
      }
    },
    {
      "type": "Feature",
      "geometry": {
        "type": "Point",
        "coordinates": [
          34.95236360674721,
          31.733715808305455
        ]
      },
      "properties": {
        "rank": 56,
        "distance_metric": "graph",
        "placement_mode": "exact",
        "placement_semantics": "exact_point",
        "shelter_id": 1491,
        "candidate_source": "buildings",
        "time_bucket": "5min",
        "time_seconds": 300,
        "coordinates": "31.733716,34.952364",
        "nearest_building_dist_m": 0.0,
        "newly_covered_buildings": 8,
        "newly_covered_people_est": 56
      }
    },
    {
      "type": "Feature",
      "geometry": {
        "type": "Point",
        "coordinates": [
          34.98219982938167,
          31.735685951201425
        ]
      },
      "properties": {
        "rank": 57,
        "distance_metric": "graph",
        "placement_mode": "exact",
        "placement_semantics": "exact_point",
        "shelter_id": 1514,
        "candidate_source": "buildings",
        "time_bucket": "5min",
        "time_seconds": 300,
        "coordinates": "31.735686,34.982200",
        "nearest_building_dist_m": 0.0,
        "newly_covered_buildings": 8,
        "newly_covered_people_est": 56
      }
    },
    {
      "type": "Feature",
      "geometry": {
        "type": "Point",
        "coordinates": [
          34.98958470346684,
          31.705690281543614
        ]
      },
      "properties": {
        "rank": 58,
        "distance_metric": "graph",
        "placement_mode": "exact",
        "placement_semantics": "exact_point",
        "shelter_id": 3067,
        "candidate_source": "buildings",
        "time_bucket": "5min",
        "time_seconds": 300,
        "coordinates": "31.705690,34.989585",
        "nearest_building_dist_m": 0.0,
        "newly_covered_buildings": 8,
        "newly_covered_people_est": 56
      }
    },
    {
      "type": "Feature",
      "geometry": {
        "type": "Point",
        "coordinates": [
          34.99320479947441,
          31.72772180068488
        ]
      },
      "properties": {
        "rank": 59,
        "distance_metric": "graph",
        "placement_mode": "exact",
        "placement_semantics": "exact_point",
        "shelter_id": 3607,
        "candidate_source": "network_nodes",
        "time_bucket": "5min",
        "time_seconds": 300,
        "coordinates": "31.727722,34.993205",
        "nearest_building_dist_m": 25.27,
        "newly_covered_buildings": 8,
        "newly_covered_people_est": 56
      }
    },
    {
      "type": "Feature",
      "geometry": {
        "type": "Point",
        "coordinates": [
          34.99646645526354,
          31.749720008596572
        ]
      },
      "properties": {
        "rank": 60,
        "distance_metric": "graph",
        "placement_mode": "exact",
        "placement_semantics": "exact_point",
        "shelter_id": 9231,
        "candidate_source": "network_nodes",
        "time_bucket": "5min",
        "time_seconds": 300,
        "coordinates": "31.749720,34.996466",
        "nearest_building_dist_m": 22.52,
        "newly_covered_buildings": 8,
        "newly_covered_people_est": 56
      }
    },
    {
      "type": "Feature",
      "geometry": {
        "type": "Point",
        "coordinates": [
          34.97961849373377,
          31.735723989006743
        ]
      },
      "properties": {
        "rank": 61,
        "distance_metric": "graph",
        "placement_mode": "exact",
        "placement_semantics": "exact_point",
        "shelter_id": 146,
        "candidate_source": "buildings",
        "time_bucket": "5min",
        "time_seconds": 300,
        "coordinates": "31.735724,34.979618",
        "nearest_building_dist_m": 0.0,
        "newly_covered_buildings": 7,
        "newly_covered_people_est": 49
      }
    },
    {
      "type": "Feature",
      "geometry": {
        "type": "Point",
        "coordinates": [
          34.99485457366931,
          31.70958060805445
        ]
      },
      "properties": {
        "rank": 62,
        "distance_metric": "graph",
        "placement_mode": "exact",
        "placement_semantics": "exact_point",
        "shelter_id": 620,
        "candidate_source": "buildings",
        "time_bucket": "5min",
        "time_seconds": 300,
        "coordinates": "31.709581,34.994855",
        "nearest_building_dist_m": 0.0,
        "newly_covered_buildings": 7,
        "newly_covered_people_est": 49
      }
    },
    {
      "type": "Feature",
      "geometry": {
        "type": "Point",
        "coordinates": [
          34.98077529217979,
          31.701523762560768
        ]
      },
      "properties": {
        "rank": 63,
        "distance_metric": "graph",
        "placement_mode": "exact",
        "placement_semantics": "exact_point",
        "shelter_id": 747,
        "candidate_source": "buildings",
        "time_bucket": "5min",
        "time_seconds": 300,
        "coordinates": "31.701524,34.980775",
        "nearest_building_dist_m": 0.0,
        "newly_covered_buildings": 7,
        "newly_covered_people_est": 49
      }
    },
    {
      "type": "Feature",
      "geometry": {
        "type": "Point",
        "coordinates": [
          34.97846396076007,
          31.702982847018895
        ]
      },
      "properties": {
        "rank": 64,
        "distance_metric": "graph",
        "placement_mode": "exact",
        "placement_semantics": "exact_point",
        "shelter_id": 807,
        "candidate_source": "buildings",
        "time_bucket": "5min",
        "time_seconds": 300,
        "coordinates": "31.702983,34.978464",
        "nearest_building_dist_m": 0.0,
        "newly_covered_buildings": 7,
        "newly_covered_people_est": 49
      }
    },
    {
      "type": "Feature",
      "geometry": {
        "type": "Point",
        "coordinates": [
          35.00158923020402,
          31.70865088217965
        ]
      },
      "properties": {
        "rank": 65,
        "distance_metric": "graph",
        "placement_mode": "exact",
        "placement_semantics": "exact_point",
        "shelter_id": 991,
        "candidate_source": "buildings",
        "time_bucket": "5min",
        "time_seconds": 300,
        "coordinates": "31.708651,35.001589",
        "nearest_building_dist_m": 0.0,
        "newly_covered_buildings": 7,
        "newly_covered_people_est": 49
      }
    },
    {
      "type": "Feature",
      "geometry": {
        "type": "Point",
        "coordinates": [
          35.00082237582225,
          31.712086327636676
        ]
      },
      "properties": {
        "rank": 66,
        "distance_metric": "graph",
        "placement_mode": "exact",
        "placement_semantics": "exact_point",
        "shelter_id": 1138,
        "candidate_source": "buildings",
        "time_bucket": "5min",
        "time_seconds": 300,
        "coordinates": "31.712086,35.000822",
        "nearest_building_dist_m": 0.0,
        "newly_covered_buildings": 7,
        "newly_covered_people_est": 49
      }
    },
    {
      "type": "Feature",
      "geometry": {
        "type": "Point",
        "coordinates": [
          34.99330693908351,
          31.724019421949496
        ]
      },
      "properties": {
        "rank": 67,
        "distance_metric": "graph",
        "placement_mode": "exact",
        "placement_semantics": "exact_point",
        "shelter_id": 1410,
        "candidate_source": "buildings",
        "time_bucket": "5min",
        "time_seconds": 300,
        "coordinates": "31.724019,34.993307",
        "nearest_building_dist_m": 0.0,
        "newly_covered_buildings": 7,
        "newly_covered_people_est": 49
      }
    },
    {
      "type": "Feature",
      "geometry": {
        "type": "Point",
        "coordinates": [
          34.9917909517489,
          31.740926468693427
        ]
      },
      "properties": {
        "rank": 68,
        "distance_metric": "graph",
        "placement_mode": "exact",
        "placement_semantics": "exact_point",
        "shelter_id": 1888,
        "candidate_source": "buildings",
        "time_bucket": "5min",
        "time_seconds": 300,
        "coordinates": "31.740926,34.991791",
        "nearest_building_dist_m": 0.0,
        "newly_covered_buildings": 7,
        "newly_covered_people_est": 49
      }
    },
    {
      "type": "Feature",
      "geometry": {
        "type": "Point",
        "coordinates": [
          34.98818924027591,
          31.746958105956594
        ]
      },
      "properties": {
        "rank": 69,
        "distance_metric": "graph",
        "placement_mode": "exact",
        "placement_semantics": "exact_point",
        "shelter_id": 2300,
        "candidate_source": "buildings",
        "time_bucket": "5min",
        "time_seconds": 300,
        "coordinates": "31.746958,34.988189",
        "nearest_building_dist_m": 0.0,
        "newly_covered_buildings": 7,
        "newly_covered_people_est": 49
      }
    },
    {
      "type": "Feature",
      "geometry": {
        "type": "Point",
        "coordinates": [
          34.98924074607253,
          31.748081523491734
        ]
      },
      "properties": {
        "rank": 70,
        "distance_metric": "graph",
        "placement_mode": "exact",
        "placement_semantics": "exact_point",
        "shelter_id": 2454,
        "candidate_source": "buildings",
        "time_bucket": "5min",
        "time_seconds": 300,
        "coordinates": "31.748082,34.989241",
        "nearest_building_dist_m": 0.0,
        "newly_covered_buildings": 7,
        "newly_covered_people_est": 49
      }
    },
    {
      "type": "Feature",
      "geometry": {
        "type": "Point",
        "coordinates": [
          34.98985274880674,
          31.75369846995719
        ]
      },
      "properties": {
        "rank": 71,
        "distance_metric": "graph",
        "placement_mode": "exact",
        "placement_semantics": "exact_point",
        "shelter_id": 2951,
        "candidate_source": "buildings",
        "time_bucket": "5min",
        "time_seconds": 300,
        "coordinates": "31.753698,34.989853",
        "nearest_building_dist_m": 0.0,
        "newly_covered_buildings": 7,
        "newly_covered_people_est": 49
      }
    },
    {
      "type": "Feature",
      "geometry": {
        "type": "Point",
        "coordinates": [
          34.9896153504131,
          31.7694251723942
        ]
      },
      "properties": {
        "rank": 72,
        "distance_metric": "graph",
        "placement_mode": "exact",
        "placement_semantics": "exact_point",
        "shelter_id": 3025,
        "candidate_source": "buildings",
        "time_bucket": "5min",
        "time_seconds": 300,
        "coordinates": "31.769425,34.989615",
        "nearest_building_dist_m": 0.0,
        "newly_covered_buildings": 7,
        "newly_covered_people_est": 49
      }
    },
    {
      "type": "Feature",
      "geometry": {
        "type": "Point",
        "coordinates": [
          34.99644179947615,
          31.753322500682398
        ]
      },
      "properties": {
        "rank": 73,
        "distance_metric": "graph",
        "placement_mode": "exact",
        "placement_semantics": "exact_point",
        "shelter_id": 4415,
        "candidate_source": "network_nodes",
        "time_bucket": "5min",
        "time_seconds": 300,
        "coordinates": "31.753323,34.996442",
        "nearest_building_dist_m": 57.46,
        "newly_covered_buildings": 7,
        "newly_covered_people_est": 49
      }
    },
    {
      "type": "Feature",
      "geometry": {
        "type": "Point",
        "coordinates": [
          34.97729649947328,
          31.704981300686274
        ]
      },
      "properties": {
        "rank": 74,
        "distance_metric": "graph",
        "placement_mode": "exact",
        "placement_semantics": "exact_point",
        "shelter_id": 4728,
        "candidate_source": "network_nodes",
        "time_bucket": "5min",
        "time_seconds": 300,
        "coordinates": "31.704981,34.977296",
        "nearest_building_dist_m": 13.09,
        "newly_covered_buildings": 7,
        "newly_covered_people_est": 49
      }
    },
    {
      "type": "Feature",
      "geometry": {
        "type": "Point",
        "coordinates": [
          34.97396499947323,
          31.702771200686293
        ]
      },
      "properties": {
        "rank": 75,
        "distance_metric": "graph",
        "placement_mode": "exact",
        "placement_semantics": "exact_point",
        "shelter_id": 5595,
        "candidate_source": "network_nodes",
        "time_bucket": "5min",
        "time_seconds": 300,
        "coordinates": "31.702771,34.973965",
        "nearest_building_dist_m": 34.29,
        "newly_covered_buildings": 7,
        "newly_covered_people_est": 49
      }
    },
    {
      "type": "Feature",
      "geometry": {
        "type": "Point",
        "coordinates": [
          34.985018405716616,
          31.7143513217313
        ]
      },
      "properties": {
        "rank": 76,
        "distance_metric": "graph",
        "placement_mode": "exact",
        "placement_semantics": "exact_point",
        "shelter_id": 7881,
        "candidate_source": "network_nodes",
        "time_bucket": "5min",
        "time_seconds": 300,
        "coordinates": "31.714351,34.985018",
        "nearest_building_dist_m": 10.16,
        "newly_covered_buildings": 7,
        "newly_covered_people_est": 49
      }
    },
    {
      "type": "Feature",
      "geometry": {
        "type": "Point",
        "coordinates": [
          34.98040842242216,
          31.744145832675564
        ]
      },
      "properties": {
        "rank": 77,
        "distance_metric": "graph",
        "placement_mode": "exact",
        "placement_semantics": "exact_point",
        "shelter_id": 8711,
        "candidate_source": "network_nodes",
        "time_bucket": "5min",
        "time_seconds": 300,
        "coordinates": "31.744146,34.980408",
        "nearest_building_dist_m": 19.12,
        "newly_covered_buildings": 7,
        "newly_covered_people_est": 49
      }
    },
    {
      "type": "Feature",
      "geometry": {
        "type": "Point",
        "coordinates": [
          34.99326767179984,
          31.73573155597032
        ]
      },
      "properties": {
        "rank": 78,
        "distance_metric": "graph",
        "placement_mode": "exact",
        "placement_semantics": "exact_point",
        "shelter_id": 296,
        "candidate_source": "buildings",
        "time_bucket": "5min",
        "time_seconds": 300,
        "coordinates": "31.735732,34.993268",
        "nearest_building_dist_m": 0.0,
        "newly_covered_buildings": 6,
        "newly_covered_people_est": 42
      }
    },
    {
      "type": "Feature",
      "geometry": {
        "type": "Point",
        "coordinates": [
          34.99712128530045,
          31.751963703409654
        ]
      },
      "properties": {
        "rank": 79,
        "distance_metric": "graph",
        "placement_mode": "exact",
        "placement_semantics": "exact_point",
        "shelter_id": 453,
        "candidate_source": "buildings",
        "time_bucket": "5min",
        "time_seconds": 300,
        "coordinates": "31.751964,34.997121",
        "nearest_building_dist_m": 0.0,
        "newly_covered_buildings": 6,
        "newly_covered_people_est": 42
      }
    },
    {
      "type": "Feature",
      "geometry": {
        "type": "Point",
        "coordinates": [
          34.98725433202511,
          31.753192796788124
        ]
      },
      "properties": {
        "rank": 80,
        "distance_metric": "graph",
        "placement_mode": "exact",
        "placement_semantics": "exact_point",
        "shelter_id": 541,
        "candidate_source": "buildings",
        "time_bucket": "5min",
        "time_seconds": 300,
        "coordinates": "31.753193,34.987254",
        "nearest_building_dist_m": 0.0,
        "newly_covered_buildings": 6,
        "newly_covered_people_est": 42
      }
    },
    {
      "type": "Feature",
      "geometry": {
        "type": "Point",
        "coordinates": [
          34.979692087355886,
          31.739159190725992
        ]
      },
      "properties": {
        "rank": 81,
        "distance_metric": "graph",
        "placement_mode": "exact",
        "placement_semantics": "exact_point",
        "shelter_id": 556,
        "candidate_source": "buildings",
        "time_bucket": "5min",
        "time_seconds": 300,
        "coordinates": "31.739159,34.979692",
        "nearest_building_dist_m": 0.0,
        "newly_covered_buildings": 6,
        "newly_covered_people_est": 42
      }
    },
    {
      "type": "Feature",
      "geometry": {
        "type": "Point",
        "coordinates": [
          34.980758276792116,
          31.70251887975595
        ]
      },
      "properties": {
        "rank": 82,
        "distance_metric": "graph",
        "placement_mode": "exact",
        "placement_semantics": "exact_point",
        "shelter_id": 791,
        "candidate_source": "buildings",
        "time_bucket": "5min",
        "time_seconds": 300,
        "coordinates": "31.702519,34.980758",
        "nearest_building_dist_m": 0.0,
        "newly_covered_buildings": 6,
        "newly_covered_people_est": 42
      }
    },
    {
      "type": "Feature",
      "geometry": {
        "type": "Point",
        "coordinates": [
          34.97797610390143,
          31.703290095814083
        ]
      },
      "properties": {
        "rank": 83,
        "distance_metric": "graph",
        "placement_mode": "exact",
        "placement_semantics": "exact_point",
        "shelter_id": 818,
        "candidate_source": "buildings",
        "time_bucket": "5min",
        "time_seconds": 300,
        "coordinates": "31.703290,34.977976",
        "nearest_building_dist_m": 0.0,
        "newly_covered_buildings": 6,
        "newly_covered_people_est": 42
      }
    },
    {
      "type": "Feature",
      "geometry": {
        "type": "Point",
        "coordinates": [
          34.96220116853471,
          31.727052415361232
        ]
      },
      "properties": {
        "rank": 84,
        "distance_metric": "graph",
        "placement_mode": "exact",
        "placement_semantics": "exact_point",
        "shelter_id": 1436,
        "candidate_source": "buildings",
        "time_bucket": "5min",
        "time_seconds": 300,
        "coordinates": "31.727052,34.962201",
        "nearest_building_dist_m": 0.0,
        "newly_covered_buildings": 6,
        "newly_covered_people_est": 42
      }
    },
    {
      "type": "Feature",
      "geometry": {
        "type": "Point",
        "coordinates": [
          34.98937753006468,
          31.732939998566824
        ]
      },
      "properties": {
        "rank": 85,
        "distance_metric": "graph",
        "placement_mode": "exact",
        "placement_semantics": "exact_point",
        "shelter_id": 1479,
        "candidate_source": "buildings",
        "time_bucket": "5min",
        "time_seconds": 300,
        "coordinates": "31.732940,34.989378",
        "nearest_building_dist_m": 0.0,
        "newly_covered_buildings": 6,
        "newly_covered_people_est": 42
      }
    },
    {
      "type": "Feature",
      "geometry": {
        "type": "Point",
        "coordinates": [
          34.954103019312704,
          31.733598859880686
        ]
      },
      "properties": {
        "rank": 86,
        "distance_metric": "graph",
        "placement_mode": "exact",
        "placement_semantics": "exact_point",
        "shelter_id": 1492,
        "candidate_source": "buildings",
        "time_bucket": "5min",
        "time_seconds": 300,
        "coordinates": "31.733599,34.954103",
        "nearest_building_dist_m": 0.0,
        "newly_covered_buildings": 6,
        "newly_covered_people_est": 42
      }
    },
    {
      "type": "Feature",
      "geometry": {
        "type": "Point",
        "coordinates": [
          34.981711922187415,
          31.73693596837511
        ]
      },
      "properties": {
        "rank": 87,
        "distance_metric": "graph",
        "placement_mode": "exact",
        "placement_semantics": "exact_point",
        "shelter_id": 1582,
        "candidate_source": "buildings",
        "time_bucket": "5min",
        "time_seconds": 300,
        "coordinates": "31.736936,34.981712",
        "nearest_building_dist_m": 0.0,
        "newly_covered_buildings": 6,
        "newly_covered_people_est": 42
      }
    },
    {
      "type": "Feature",
      "geometry": {
        "type": "Point",
        "coordinates": [
          34.984812141734324,
          31.73909090591727
        ]
      },
      "properties": {
        "rank": 88,
        "distance_metric": "graph",
        "placement_mode": "exact",
        "placement_semantics": "exact_point",
        "shelter_id": 1760,
        "candidate_source": "buildings",
        "time_bucket": "5min",
        "time_seconds": 300,
        "coordinates": "31.739091,34.984812",
        "nearest_building_dist_m": 0.0,
        "newly_covered_buildings": 6,
        "newly_covered_people_est": 42
      }
    },
    {
      "type": "Feature",
      "geometry": {
        "type": "Point",
        "coordinates": [
          34.975180896735445,
          31.744246848084448
        ]
      },
      "properties": {
        "rank": 89,
        "distance_metric": "graph",
        "placement_mode": "exact",
        "placement_semantics": "exact_point",
        "shelter_id": 2084,
        "candidate_source": "buildings",
        "time_bucket": "5min",
        "time_seconds": 300,
        "coordinates": "31.744247,34.975181",
        "nearest_building_dist_m": 0.0,
        "newly_covered_buildings": 6,
        "newly_covered_people_est": 42
      }
    },
    {
      "type": "Feature",
      "geometry": {
        "type": "Point",
        "coordinates": [
          34.99704136690404,
          31.74972850086466
        ]
      },
      "properties": {
        "rank": 90,
        "distance_metric": "graph",
        "placement_mode": "exact",
        "placement_semantics": "exact_point",
        "shelter_id": 2578,
        "candidate_source": "buildings",
        "time_bucket": "5min",
        "time_seconds": 300,
        "coordinates": "31.749729,34.997041",
        "nearest_building_dist_m": 0.0,
        "newly_covered_buildings": 6,
        "newly_covered_people_est": 42
      }
    },
    {
      "type": "Feature",
      "geometry": {
        "type": "Point",
        "coordinates": [
          34.989616723433855,
          31.751103169146244
        ]
      },
      "properties": {
        "rank": 91,
        "distance_metric": "graph",
        "placement_mode": "exact",
        "placement_semantics": "exact_point",
        "shelter_id": 2713,
        "candidate_source": "buildings",
        "time_bucket": "5min",
        "time_seconds": 300,
        "coordinates": "31.751103,34.989617",
        "nearest_building_dist_m": 0.0,
        "newly_covered_buildings": 6,
        "newly_covered_people_est": 42
      }
    },
    {
      "type": "Feature",
      "geometry": {
        "type": "Point",
        "coordinates": [
          34.99291758800323,
          31.75324050478664
        ]
      },
      "properties": {
        "rank": 92,
        "distance_metric": "graph",
        "placement_mode": "exact",
        "placement_semantics": "exact_point",
        "shelter_id": 2913,
        "candidate_source": "buildings",
        "time_bucket": "5min",
        "time_seconds": 300,
        "coordinates": "31.753241,34.992918",
        "nearest_building_dist_m": 0.0,
        "newly_covered_buildings": 6,
        "newly_covered_people_est": 42
      }
    },
    {
      "type": "Feature",
      "geometry": {
        "type": "Point",
        "coordinates": [
          34.989404975372224,
          31.75464536963612
        ]
      },
      "properties": {
        "rank": 93,
        "distance_metric": "graph",
        "placement_mode": "exact",
        "placement_semantics": "exact_point",
        "shelter_id": 2999,
        "candidate_source": "buildings",
        "time_bucket": "5min",
        "time_seconds": 300,
        "coordinates": "31.754645,34.989405",
        "nearest_building_dist_m": 0.0,
        "newly_covered_buildings": 6,
        "newly_covered_people_est": 42
      }
    },
    {
      "type": "Feature",
      "geometry": {
        "type": "Point",
        "coordinates": [
          34.99336872838907,
          31.755954065483706
        ]
      },
      "properties": {
        "rank": 94,
        "distance_metric": "graph",
        "placement_mode": "exact",
        "placement_semantics": "exact_point",
        "shelter_id": 3011,
        "candidate_source": "buildings",
        "time_bucket": "5min",
        "time_seconds": 300,
        "coordinates": "31.755954,34.993369",
        "nearest_building_dist_m": 0.0,
        "newly_covered_buildings": 6,
        "newly_covered_people_est": 42
      }
    },
    {
      "type": "Feature",
      "geometry": {
        "type": "Point",
        "coordinates": [
          34.98739237077223,
          31.755723284646642
        ]
      },
      "properties": {
        "rank": 95,
        "distance_metric": "graph",
        "placement_mode": "exact",
        "placement_semantics": "exact_point",
        "shelter_id": 3012,
        "candidate_source": "buildings",
        "time_bucket": "5min",
        "time_seconds": 300,
        "coordinates": "31.755723,34.987392",
        "nearest_building_dist_m": 0.0,
        "newly_covered_buildings": 6,
        "newly_covered_people_est": 42
      }
    },
    {
      "type": "Feature",
      "geometry": {
        "type": "Point",
        "coordinates": [
          34.9849129458883,
          31.718992964316683
        ]
      },
      "properties": {
        "rank": 96,
        "distance_metric": "graph",
        "placement_mode": "exact",
        "placement_semantics": "exact_point",
        "shelter_id": 6573,
        "candidate_source": "network_nodes",
        "time_bucket": "5min",
        "time_seconds": 300,
        "coordinates": "31.718993,34.984913",
        "nearest_building_dist_m": 18.41,
        "newly_covered_buildings": 6,
        "newly_covered_people_est": 42
      }
    },
    {
      "type": "Feature",
      "geometry": {
        "type": "Point",
        "coordinates": [
          34.980776679102526,
          31.737828313018866
        ]
      },
      "properties": {
        "rank": 97,
        "distance_metric": "graph",
        "placement_mode": "exact",
        "placement_semantics": "exact_point",
        "shelter_id": 8326,
        "candidate_source": "network_nodes",
        "time_bucket": "5min",
        "time_seconds": 300,
        "coordinates": "31.737828,34.980777",
        "nearest_building_dist_m": 27.13,
        "newly_covered_buildings": 6,
        "newly_covered_people_est": 42
      }
    },
    {
      "type": "Feature",
      "geometry": {
        "type": "Point",
        "coordinates": [
          34.9767823607215,
          31.74327787138489
        ]
      },
      "properties": {
        "rank": 98,
        "distance_metric": "graph",
        "placement_mode": "exact",
        "placement_semantics": "exact_point",
        "shelter_id": 488,
        "candidate_source": "buildings",
        "time_bucket": "5min",
        "time_seconds": 300,
        "coordinates": "31.743278,34.976782",
        "nearest_building_dist_m": 0.0,
        "newly_covered_buildings": 5,
        "newly_covered_people_est": 35
      }
    },
    {
      "type": "Feature",
      "geometry": {
        "type": "Point",
        "coordinates": [
          34.980100626190925,
          31.702649284712674
        ]
      },
      "properties": {
        "rank": 99,
        "distance_metric": "graph",
        "placement_mode": "exact",
        "placement_semantics": "exact_point",
        "shelter_id": 796,
        "candidate_source": "buildings",
        "time_bucket": "5min",
        "time_seconds": 300,
        "coordinates": "31.702649,34.980101",
        "nearest_building_dist_m": 0.0,
        "newly_covered_buildings": 5,
        "newly_covered_people_est": 35
      }
    },
    {
      "type": "Feature",
      "geometry": {
        "type": "Point",
        "coordinates": [
          34.98451759043324,
          31.70502369999278
        ]
      },
      "properties": {
        "rank": 100,
        "distance_metric": "graph",
        "placement_mode": "exact",
        "placement_semantics": "exact_point",
        "shelter_id": 900,
        "candidate_source": "buildings",
        "time_bucket": "5min",
        "time_seconds": 300,
        "coordinates": "31.705024,34.984518",
        "nearest_building_dist_m": 0.0,
        "newly_covered_buildings": 5,
        "newly_covered_people_est": 35
      }
    },
    {
      "type": "Feature",
      "geometry": {
        "type": "Point",
        "coordinates": [
          35.00112457523554,
          31.712416108331777
        ]
      },
      "properties": {
        "rank": 101,
        "distance_metric": "graph",
        "placement_mode": "exact",
        "placement_semantics": "exact_point",
        "shelter_id": 1150,
        "candidate_source": "buildings",
        "time_bucket": "5min",
        "time_seconds": 300,
        "coordinates": "31.712416,35.001125",
        "nearest_building_dist_m": 0.0,
        "newly_covered_buildings": 5,
        "newly_covered_people_est": 35
      }
    },
    {
      "type": "Feature",
      "geometry": {
        "type": "Point",
        "coordinates": [
          34.98329699461932,
          31.714669929331713
        ]
      },
      "properties": {
        "rank": 102,
        "distance_metric": "graph",
        "placement_mode": "exact",
        "placement_semantics": "exact_point",
        "shelter_id": 1272,
        "candidate_source": "buildings",
        "time_bucket": "5min",
        "time_seconds": 300,
        "coordinates": "31.714670,34.983297",
        "nearest_building_dist_m": 0.0,
        "newly_covered_buildings": 5,
        "newly_covered_people_est": 35
      }
    },
    {
      "type": "Feature",
      "geometry": {
        "type": "Point",
        "coordinates": [
          34.996208283346974,
          31.72609466984676
        ]
      },
      "properties": {
        "rank": 103,
        "distance_metric": "graph",
        "placement_mode": "exact",
        "placement_semantics": "exact_point",
        "shelter_id": 1422,
        "candidate_source": "buildings",
        "time_bucket": "5min",
        "time_seconds": 300,
        "coordinates": "31.726095,34.996208",
        "nearest_building_dist_m": 0.0,
        "newly_covered_buildings": 5,
        "newly_covered_people_est": 35
      }
    },
    {
      "type": "Feature",
      "geometry": {
        "type": "Point",
        "coordinates": [
          34.956753370395155,
          31.735334963625217
        ]
      },
      "properties": {
        "rank": 104,
        "distance_metric": "graph",
        "placement_mode": "exact",
        "placement_semantics": "exact_point",
        "shelter_id": 1533,
        "candidate_source": "buildings",
        "time_bucket": "5min",
        "time_seconds": 300,
        "coordinates": "31.735335,34.956753",
        "nearest_building_dist_m": 0.0,
        "newly_covered_buildings": 5,
        "newly_covered_people_est": 35
      }
    },
    {
      "type": "Feature",
      "geometry": {
        "type": "Point",
        "coordinates": [
          34.982885317280406,
          31.736311578693062
        ]
      },
      "properties": {
        "rank": 105,
        "distance_metric": "graph",
        "placement_mode": "exact",
        "placement_semantics": "exact_point",
        "shelter_id": 1556,
        "candidate_source": "buildings",
        "time_bucket": "5min",
        "time_seconds": 300,
        "coordinates": "31.736312,34.982885",
        "nearest_building_dist_m": 0.0,
        "newly_covered_buildings": 5,
        "newly_covered_people_est": 35
      }
    },
    {
      "type": "Feature",
      "geometry": {
        "type": "Point",
        "coordinates": [
          34.98385245674853,
          31.736785803753865
        ]
      },
      "properties": {
        "rank": 106,
        "distance_metric": "graph",
        "placement_mode": "exact",
        "placement_semantics": "exact_point",
        "shelter_id": 1578,
        "candidate_source": "buildings",
        "time_bucket": "5min",
        "time_seconds": 300,
        "coordinates": "31.736786,34.983852",
        "nearest_building_dist_m": 0.0,
        "newly_covered_buildings": 5,
        "newly_covered_people_est": 35
      }
    },
    {
      "type": "Feature",
      "geometry": {
        "type": "Point",
        "coordinates": [
          34.99149874357985,
          31.737259705688484
        ]
      },
      "properties": {
        "rank": 107,
        "distance_metric": "graph",
        "placement_mode": "exact",
        "placement_semantics": "exact_point",
        "shelter_id": 1594,
        "candidate_source": "buildings",
        "time_bucket": "5min",
        "time_seconds": 300,
        "coordinates": "31.737260,34.991499",
        "nearest_building_dist_m": 0.0,
        "newly_covered_buildings": 5,
        "newly_covered_people_est": 35
      }
    },
    {
      "type": "Feature",
      "geometry": {
        "type": "Point",
        "coordinates": [
          34.987266217478854,
          31.74235926360726
        ]
      },
      "properties": {
        "rank": 108,
        "distance_metric": "graph",
        "placement_mode": "exact",
        "placement_semantics": "exact_point",
        "shelter_id": 1944,
        "candidate_source": "buildings",
        "time_bucket": "5min",
        "time_seconds": 300,
        "coordinates": "31.742359,34.987266",
        "nearest_building_dist_m": 0.0,
        "newly_covered_buildings": 5,
        "newly_covered_people_est": 35
      }
    },
    {
      "type": "Feature",
      "geometry": {
        "type": "Point",
        "coordinates": [
          34.99338558422016,
          31.745681040374862
        ]
      },
      "properties": {
        "rank": 109,
        "distance_metric": "graph",
        "placement_mode": "exact",
        "placement_semantics": "exact_point",
        "shelter_id": 2215,
        "candidate_source": "buildings",
        "time_bucket": "5min",
        "time_seconds": 300,
        "coordinates": "31.745681,34.993386",
        "nearest_building_dist_m": 0.0,
        "newly_covered_buildings": 5,
        "newly_covered_people_est": 35
      }
    },
    {
      "type": "Feature",
      "geometry": {
        "type": "Point",
        "coordinates": [
          34.992512380509325,
          31.745863694179295
        ]
      },
      "properties": {
        "rank": 110,
        "distance_metric": "graph",
        "placement_mode": "exact",
        "placement_semantics": "exact_point",
        "shelter_id": 2233,
        "candidate_source": "buildings",
        "time_bucket": "5min",
        "time_seconds": 300,
        "coordinates": "31.745864,34.992512",
        "nearest_building_dist_m": 0.0,
        "newly_covered_buildings": 5,
        "newly_covered_people_est": 35
      }
    },
    {
      "type": "Feature",
      "geometry": {
        "type": "Point",
        "coordinates": [
          34.98061768679298,
          31.751125915191498
        ]
      },
      "properties": {
        "rank": 111,
        "distance_metric": "graph",
        "placement_mode": "exact",
        "placement_semantics": "exact_point",
        "shelter_id": 2717,
        "candidate_source": "buildings",
        "time_bucket": "5min",
        "time_seconds": 300,
        "coordinates": "31.751126,34.980618",
        "nearest_building_dist_m": 0.0,
        "newly_covered_buildings": 5,
        "newly_covered_people_est": 35
      }
    },
    {
      "type": "Feature",
      "geometry": {
        "type": "Point",
        "coordinates": [
          34.99503619947575,
          31.74712820068296
        ]
      },
      "properties": {
        "rank": 112,
        "distance_metric": "graph",
        "placement_mode": "exact",
        "placement_semantics": "exact_point",
        "shelter_id": 3436,
        "candidate_source": "network_nodes",
        "time_bucket": "5min",
        "time_seconds": 300,
        "coordinates": "31.747128,34.995036",
        "nearest_building_dist_m": 17.51,
        "newly_covered_buildings": 5,
        "newly_covered_people_est": 35
      }
    },
    {
      "type": "Feature",
      "geometry": {
        "type": "Point",
        "coordinates": [
          34.9950026994741,
          31.72411510068538
        ]
      },
      "properties": {
        "rank": 113,
        "distance_metric": "graph",
        "placement_mode": "exact",
        "placement_semantics": "exact_point",
        "shelter_id": 3856,
        "candidate_source": "network_nodes",
        "time_bucket": "5min",
        "time_seconds": 300,
        "coordinates": "31.724115,34.995003",
        "nearest_building_dist_m": 31.9,
        "newly_covered_buildings": 5,
        "newly_covered_people_est": 35
      }
    },
    {
      "type": "Feature",
      "geometry": {
        "type": "Point",
        "coordinates": [
          34.99856689947483,
          31.735944000684338
        ]
      },
      "properties": {
        "rank": 114,
        "distance_metric": "graph",
        "placement_mode": "exact",
        "placement_semantics": "exact_point",
        "shelter_id": 3894,
        "candidate_source": "network_nodes",
        "time_bucket": "5min",
        "time_seconds": 300,
        "coordinates": "31.735944,34.998567",
        "nearest_building_dist_m": 42.78,
        "newly_covered_buildings": 5,
        "newly_covered_people_est": 35
      }
    },
    {
      "type": "Feature",
      "geometry": {
        "type": "Point",
        "coordinates": [
          34.99900327513199,
          31.715532464127154
        ]
      },
      "properties": {
        "rank": 115,
        "distance_metric": "graph",
        "placement_mode": "exact",
        "placement_semantics": "exact_point",
        "shelter_id": 7947,
        "candidate_source": "network_nodes",
        "time_bucket": "5min",
        "time_seconds": 300,
        "coordinates": "31.715532,34.999003",
        "nearest_building_dist_m": 19.31,
        "newly_covered_buildings": 5,
        "newly_covered_people_est": 35
      }
    },
    {
      "type": "Feature",
      "geometry": {
        "type": "Point",
        "coordinates": [
          34.996266391504655,
          31.750456450909077
        ]
      },
      "properties": {
        "rank": 116,
        "distance_metric": "graph",
        "placement_mode": "exact",
        "placement_semantics": "exact_point",
        "shelter_id": 9303,
        "candidate_source": "network_nodes",
        "time_bucket": "5min",
        "time_seconds": 300,
        "coordinates": "31.750456,34.996266",
        "nearest_building_dist_m": 18.4,
        "newly_covered_buildings": 5,
        "newly_covered_people_est": 35
      }
    },
    {
      "type": "Feature",
      "geometry": {
        "type": "Point",
        "coordinates": [
          34.97091371504416,
          31.70042778443046
        ]
      },
      "properties": {
        "rank": 117,
        "distance_metric": "graph",
        "placement_mode": "exact",
        "placement_semantics": "exact_point",
        "shelter_id": 74,
        "candidate_source": "buildings",
        "time_bucket": "5min",
        "time_seconds": 300,
        "coordinates": "31.700428,34.970914",
        "nearest_building_dist_m": 0.0,
        "newly_covered_buildings": 4,
        "newly_covered_people_est": 28
      }
    },
    {
      "type": "Feature",
      "geometry": {
        "type": "Point",
        "coordinates": [
          34.96312769156511,
          31.71463278638251
        ]
      },
      "properties": {
        "rank": 118,
        "distance_metric": "graph",
        "placement_mode": "exact",
        "placement_semantics": "exact_point",
        "shelter_id": 107,
        "candidate_source": "buildings",
        "time_bucket": "5min",
        "time_seconds": 300,
        "coordinates": "31.714633,34.963128",
        "nearest_building_dist_m": 0.0,
        "newly_covered_buildings": 4,
        "newly_covered_people_est": 28
      }
    },
    {
      "type": "Feature",
      "geometry": {
        "type": "Point",
        "coordinates": [
          34.97765773709637,
          31.70357531134754
        ]
      },
      "properties": {
        "rank": 119,
        "distance_metric": "graph",
        "placement_mode": "exact",
        "placement_semantics": "exact_point",
        "shelter_id": 828,
        "candidate_source": "buildings",
        "time_bucket": "5min",
        "time_seconds": 300,
        "coordinates": "31.703575,34.977658",
        "nearest_building_dist_m": 0.0,
        "newly_covered_buildings": 4,
        "newly_covered_people_est": 28
      }
    },
    {
      "type": "Feature",
      "geometry": {
        "type": "Point",
        "coordinates": [
          34.98369135876305,
          31.705005602687155
        ]
      },
      "properties": {
        "rank": 120,
        "distance_metric": "graph",
        "placement_mode": "exact",
        "placement_semantics": "exact_point",
        "shelter_id": 897,
        "candidate_source": "buildings",
        "time_bucket": "5min",
        "time_seconds": 300,
        "coordinates": "31.705006,34.983691",
        "nearest_building_dist_m": 0.0,
        "newly_covered_buildings": 4,
        "newly_covered_people_est": 28
      }
    },
    {
      "type": "Feature",
      "geometry": {
        "type": "Point",
        "coordinates": [
          34.981550900169836,
          31.707006312198082
        ]
      },
      "properties": {
        "rank": 121,
        "distance_metric": "graph",
        "placement_mode": "exact",
        "placement_semantics": "exact_point",
        "shelter_id": 945,
        "candidate_source": "buildings",
        "time_bucket": "5min",
        "time_seconds": 300,
        "coordinates": "31.707006,34.981551",
        "nearest_building_dist_m": 0.0,
        "newly_covered_buildings": 4,
        "newly_covered_people_est": 28
      }
    },
    {
      "type": "Feature",
      "geometry": {
        "type": "Point",
        "coordinates": [
          34.99921580334231,
          31.708916935582533
        ]
      },
      "properties": {
        "rank": 122,
        "distance_metric": "graph",
        "placement_mode": "exact",
        "placement_semantics": "exact_point",
        "shelter_id": 998,
        "candidate_source": "buildings",
        "time_bucket": "5min",
        "time_seconds": 300,
        "coordinates": "31.708917,34.999216",
        "nearest_building_dist_m": 0.0,
        "newly_covered_buildings": 4,
        "newly_covered_people_est": 28
      }
    },
    {
      "type": "Feature",
      "geometry": {
        "type": "Point",
        "coordinates": [
          35.0017473645436,
          31.709112750720188
        ]
      },
      "properties": {
        "rank": 123,
        "distance_metric": "graph",
        "placement_mode": "exact",
        "placement_semantics": "exact_point",
        "shelter_id": 1003,
        "candidate_source": "buildings",
        "time_bucket": "5min",
        "time_seconds": 300,
        "coordinates": "31.709113,35.001747",
        "nearest_building_dist_m": 0.0,
        "newly_covered_buildings": 4,
        "newly_covered_people_est": 28
      }
    },
    {
      "type": "Feature",
      "geometry": {
        "type": "Point",
        "coordinates": [
          35.001128784637004,
          31.712786471422238
        ]
      },
      "properties": {
        "rank": 124,
        "distance_metric": "graph",
        "placement_mode": "exact",
        "placement_semantics": "exact_point",
        "shelter_id": 1156,
        "candidate_source": "buildings",
        "time_bucket": "5min",
        "time_seconds": 300,
        "coordinates": "31.712786,35.001129",
        "nearest_building_dist_m": 0.0,
        "newly_covered_buildings": 4,
        "newly_covered_people_est": 28
      }
    },
    {
      "type": "Feature",
      "geometry": {
        "type": "Point",
        "coordinates": [
          34.955308455001095,
          31.733018635329792
        ]
      },
      "properties": {
        "rank": 125,
        "distance_metric": "graph",
        "placement_mode": "exact",
        "placement_semantics": "exact_point",
        "shelter_id": 1484,
        "candidate_source": "buildings",
        "time_bucket": "5min",
        "time_seconds": 300,
        "coordinates": "31.733019,34.955308",
        "nearest_building_dist_m": 0.0,
        "newly_covered_buildings": 4,
        "newly_covered_people_est": 28
      }
    },
    {
      "type": "Feature",
      "geometry": {
        "type": "Point",
        "coordinates": [
          34.98644179942011,
          31.73636808838628
        ]
      },
      "properties": {
        "rank": 126,
        "distance_metric": "graph",
        "placement_mode": "exact",
        "placement_semantics": "exact_point",
        "shelter_id": 1558,
        "candidate_source": "buildings",
        "time_bucket": "5min",
        "time_seconds": 300,
        "coordinates": "31.736368,34.986442",
        "nearest_building_dist_m": 0.0,
        "newly_covered_buildings": 4,
        "newly_covered_people_est": 28
      }
    },
    {
      "type": "Feature",
      "geometry": {
        "type": "Point",
        "coordinates": [
          34.98335275923604,
          31.736535796020963
        ]
      },
      "properties": {
        "rank": 127,
        "distance_metric": "graph",
        "placement_mode": "exact",
        "placement_semantics": "exact_point",
        "shelter_id": 1564,
        "candidate_source": "buildings",
        "time_bucket": "5min",
        "time_seconds": 300,
        "coordinates": "31.736536,34.983353",
        "nearest_building_dist_m": 0.0,
        "newly_covered_buildings": 4,
        "newly_covered_people_est": 28
      }
    },
    {
      "type": "Feature",
      "geometry": {
        "type": "Point",
        "coordinates": [
          34.97449982163558,
          31.739216697710393
        ]
      },
      "properties": {
        "rank": 128,
        "distance_metric": "graph",
        "placement_mode": "exact",
        "placement_semantics": "exact_point",
        "shelter_id": 1778,
        "candidate_source": "buildings",
        "time_bucket": "5min",
        "time_seconds": 300,
        "coordinates": "31.739217,34.974500",
        "nearest_building_dist_m": 0.0,
        "newly_covered_buildings": 4,
        "newly_covered_people_est": 28
      }
    },
    {
      "type": "Feature",
      "geometry": {
        "type": "Point",
        "coordinates": [
          34.98982735830864,
          31.74139553867621
        ]
      },
      "properties": {
        "rank": 129,
        "distance_metric": "graph",
        "placement_mode": "exact",
        "placement_semantics": "exact_point",
        "shelter_id": 1902,
        "candidate_source": "buildings",
        "time_bucket": "5min",
        "time_seconds": 300,
        "coordinates": "31.741396,34.989827",
        "nearest_building_dist_m": 0.0,
        "newly_covered_buildings": 4,
        "newly_covered_people_est": 28
      }
    },
    {
      "type": "Feature",
      "geometry": {
        "type": "Point",
        "coordinates": [
          34.98274701867727,
          31.743541974492903
        ]
      },
      "properties": {
        "rank": 130,
        "distance_metric": "graph",
        "placement_mode": "exact",
        "placement_semantics": "exact_point",
        "shelter_id": 2025,
        "candidate_source": "buildings",
        "time_bucket": "5min",
        "time_seconds": 300,
        "coordinates": "31.743542,34.982747",
        "nearest_building_dist_m": 0.0,
        "newly_covered_buildings": 4,
        "newly_covered_people_est": 28
      }
    },
    {
      "type": "Feature",
      "geometry": {
        "type": "Point",
        "coordinates": [
          34.99205429883081,
          31.74468694613489
        ]
      },
      "properties": {
        "rank": 131,
        "distance_metric": "graph",
        "placement_mode": "exact",
        "placement_semantics": "exact_point",
        "shelter_id": 2125,
        "candidate_source": "buildings",
        "time_bucket": "5min",
        "time_seconds": 300,
        "coordinates": "31.744687,34.992054",
        "nearest_building_dist_m": 0.0,
        "newly_covered_buildings": 4,
        "newly_covered_people_est": 28
      }
    },
    {
      "type": "Feature",
      "geometry": {
        "type": "Point",
        "coordinates": [
          34.97507555212196,
          31.746362814017164
        ]
      },
      "properties": {
        "rank": 132,
        "distance_metric": "graph",
        "placement_mode": "exact",
        "placement_semantics": "exact_point",
        "shelter_id": 2264,
        "candidate_source": "buildings",
        "time_bucket": "5min",
        "time_seconds": 300,
        "coordinates": "31.746363,34.975076",
        "nearest_building_dist_m": 0.0,
        "newly_covered_buildings": 4,
        "newly_covered_people_est": 28
      }
    },
    {
      "type": "Feature",
      "geometry": {
        "type": "Point",
        "coordinates": [
          34.98897467413692,
          31.746432143198227
        ]
      },
      "properties": {
        "rank": 133,
        "distance_metric": "graph",
        "placement_mode": "exact",
        "placement_semantics": "exact_point",
        "shelter_id": 2270,
        "candidate_source": "buildings",
        "time_bucket": "5min",
        "time_seconds": 300,
        "coordinates": "31.746432,34.988975",
        "nearest_building_dist_m": 0.0,
        "newly_covered_buildings": 4,
        "newly_covered_people_est": 28
      }
    },
    {
      "type": "Feature",
      "geometry": {
        "type": "Point",
        "coordinates": [
          34.98130197065031,
          31.750037494143587
        ]
      },
      "properties": {
        "rank": 134,
        "distance_metric": "graph",
        "placement_mode": "exact",
        "placement_semantics": "exact_point",
        "shelter_id": 2599,
        "candidate_source": "buildings",
        "time_bucket": "5min",
        "time_seconds": 300,
        "coordinates": "31.750037,34.981302",
        "nearest_building_dist_m": 0.0,
        "newly_covered_buildings": 4,
        "newly_covered_people_est": 28
      }
    },
    {
      "type": "Feature",
      "geometry": {
        "type": "Point",
        "coordinates": [
          34.988570369023435,
          31.75125530525419
        ]
      },
      "properties": {
        "rank": 135,
        "distance_metric": "graph",
        "placement_mode": "exact",
        "placement_semantics": "exact_point",
        "shelter_id": 2725,
        "candidate_source": "buildings",
        "time_bucket": "5min",
        "time_seconds": 300,
        "coordinates": "31.751255,34.988570",
        "nearest_building_dist_m": 0.0,
        "newly_covered_buildings": 4,
        "newly_covered_people_est": 28
      }
    },
    {
      "type": "Feature",
      "geometry": {
        "type": "Point",
        "coordinates": [
          34.988662557613694,
          31.75282906471105
        ]
      },
      "properties": {
        "rank": 136,
        "distance_metric": "graph",
        "placement_mode": "exact",
        "placement_semantics": "exact_point",
        "shelter_id": 2872,
        "candidate_source": "buildings",
        "time_bucket": "5min",
        "time_seconds": 300,
        "coordinates": "31.752829,34.988663",
        "nearest_building_dist_m": 0.0,
        "newly_covered_buildings": 4,
        "newly_covered_people_est": 28
      }
    },
    {
      "type": "Feature",
      "geometry": {
        "type": "Point",
        "coordinates": [
          34.982523604491725,
          31.75298848965258
        ]
      },
      "properties": {
        "rank": 137,
        "distance_metric": "graph",
        "placement_mode": "exact",
        "placement_semantics": "exact_point",
        "shelter_id": 2887,
        "candidate_source": "buildings",
        "time_bucket": "5min",
        "time_seconds": 300,
        "coordinates": "31.752988,34.982524",
        "nearest_building_dist_m": 0.0,
        "newly_covered_buildings": 4,
        "newly_covered_people_est": 28
      }
    },
    {
      "type": "Feature",
      "geometry": {
        "type": "Point",
        "coordinates": [
          34.99523401125465,
          31.753070128482214
        ]
      },
      "properties": {
        "rank": 138,
        "distance_metric": "graph",
        "placement_mode": "exact",
        "placement_semantics": "exact_point",
        "shelter_id": 2896,
        "candidate_source": "buildings",
        "time_bucket": "5min",
        "time_seconds": 300,
        "coordinates": "31.753070,34.995234",
        "nearest_building_dist_m": 0.0,
        "newly_covered_buildings": 4,
        "newly_covered_people_est": 28
      }
    },
    {
      "type": "Feature",
      "geometry": {
        "type": "Point",
        "coordinates": [
          34.983014508641794,
          31.719973042688228
        ]
      },
      "properties": {
        "rank": 139,
        "distance_metric": "graph",
        "placement_mode": "exact",
        "placement_semantics": "exact_point",
        "shelter_id": 3061,
        "candidate_source": "buildings",
        "time_bucket": "5min",
        "time_seconds": 300,
        "coordinates": "31.719973,34.983015",
        "nearest_building_dist_m": 0.0,
        "newly_covered_buildings": 4,
        "newly_covered_people_est": 28
      }
    },
    {
      "type": "Feature",
      "geometry": {
        "type": "Point",
        "coordinates": [
          34.991942659793494,
          31.704432287211983
        ]
      },
      "properties": {
        "rank": 140,
        "distance_metric": "graph",
        "placement_mode": "exact",
        "placement_semantics": "exact_point",
        "shelter_id": 3207,
        "candidate_source": "buildings",
        "time_bucket": "5min",
        "time_seconds": 300,
        "coordinates": "31.704432,34.991943",
        "nearest_building_dist_m": 0.0,
        "newly_covered_buildings": 4,
        "newly_covered_people_est": 28
      }
    },
    {
      "type": "Feature",
      "geometry": {
        "type": "Point",
        "coordinates": [
          34.98507571264253,
          31.719981975724256
        ]
      },
      "properties": {
        "rank": 141,
        "distance_metric": "graph",
        "placement_mode": "exact",
        "placement_semantics": "exact_point",
        "shelter_id": 3210,
        "candidate_source": "buildings",
        "time_bucket": "5min",
        "time_seconds": 300,
        "coordinates": "31.719982,34.985076",
        "nearest_building_dist_m": 0.0,
        "newly_covered_buildings": 4,
        "newly_covered_people_est": 28
      }
    },
    {
      "type": "Feature",
      "geometry": {
        "type": "Point",
        "coordinates": [
          34.9922748994751,
          31.73683360068386
        ]
      },
      "properties": {
        "rank": 142,
        "distance_metric": "graph",
        "placement_mode": "exact",
        "placement_semantics": "exact_point",
        "shelter_id": 3413,
        "candidate_source": "network_nodes",
        "time_bucket": "5min",
        "time_seconds": 300,
        "coordinates": "31.736834,34.992275",
        "nearest_building_dist_m": 58.36,
        "newly_covered_buildings": 4,
        "newly_covered_people_est": 28
      }
    },
    {
      "type": "Feature",
      "geometry": {
        "type": "Point",
        "coordinates": [
          35.004078499472946,
          31.712513000687128
        ]
      },
      "properties": {
        "rank": 143,
        "distance_metric": "graph",
        "placement_mode": "exact",
        "placement_semantics": "exact_point",
        "shelter_id": 5229,
        "candidate_source": "network_nodes",
        "time_bucket": "5min",
        "time_seconds": 300,
        "coordinates": "31.712513,35.004078",
        "nearest_building_dist_m": 32.66,
        "newly_covered_buildings": 4,
        "newly_covered_people_est": 28
      }
    },
    {
      "type": "Feature",
      "geometry": {
        "type": "Point",
        "coordinates": [
          34.96540019947416,
          31.711701900684858
        ]
      },
      "properties": {
        "rank": 144,
        "distance_metric": "graph",
        "placement_mode": "exact",
        "placement_semantics": "exact_point",
        "shelter_id": 5729,
        "candidate_source": "network_nodes",
        "time_bucket": "5min",
        "time_seconds": 300,
        "coordinates": "31.711702,34.965400",
        "nearest_building_dist_m": 37.31,
        "newly_covered_buildings": 4,
        "newly_covered_people_est": 28
      }
    },
    {
      "type": "Feature",
      "geometry": {
        "type": "Point",
        "coordinates": [
          34.99378519947324,
          31.711930100686544
        ]
      },
      "properties": {
        "rank": 145,
        "distance_metric": "graph",
        "placement_mode": "exact",
        "placement_semantics": "exact_point",
        "shelter_id": 5856,
        "candidate_source": "network_nodes",
        "time_bucket": "5min",
        "time_seconds": 300,
        "coordinates": "31.711930,34.993785",
        "nearest_building_dist_m": 37.99,
        "newly_covered_buildings": 4,
        "newly_covered_people_est": 28
      }
    },
    {
      "type": "Feature",
      "geometry": {
        "type": "Point",
        "coordinates": [
          34.98278309232989,
          31.715843412395643
        ]
      },
      "properties": {
        "rank": 146,
        "distance_metric": "graph",
        "placement_mode": "exact",
        "placement_semantics": "exact_point",
        "shelter_id": 7971,
        "candidate_source": "network_nodes",
        "time_bucket": "5min",
        "time_seconds": 300,
        "coordinates": "31.715843,34.982783",
        "nearest_building_dist_m": 21.96,
        "newly_covered_buildings": 4,
        "newly_covered_people_est": 28
      }
    },
    {
      "type": "Feature",
      "geometry": {
        "type": "Point",
        "coordinates": [
          34.997819091776236,
          31.75079885302761
        ]
      },
      "properties": {
        "rank": 147,
        "distance_metric": "graph",
        "placement_mode": "exact",
        "placement_semantics": "exact_point",
        "shelter_id": 9335,
        "candidate_source": "network_nodes",
        "time_bucket": "5min",
        "time_seconds": 300,
        "coordinates": "31.750799,34.997819",
        "nearest_building_dist_m": 18.92,
        "newly_covered_buildings": 4,
        "newly_covered_people_est": 28
      }
    },
    {
      "type": "Feature",
      "geometry": {
        "type": "Point",
        "coordinates": [
          34.98235338099928,
          31.708537422933436
        ]
      },
      "properties": {
        "rank": 148,
        "distance_metric": "graph",
        "placement_mode": "exact",
        "placement_semantics": "exact_point",
        "shelter_id": 9801,
        "candidate_source": "network_nodes",
        "time_bucket": "5min",
        "time_seconds": 300,
        "coordinates": "31.708537,34.982353",
        "nearest_building_dist_m": 10.58,
        "newly_covered_buildings": 4,
        "newly_covered_people_est": 28
      }
    },
    {
      "type": "Feature",
      "geometry": {
        "type": "Point",
        "coordinates": [
          34.9974971057371,
          31.70765442020505
        ]
      },
      "properties": {
        "rank": 149,
        "distance_metric": "graph",
        "placement_mode": "exact",
        "placement_semantics": "exact_point",
        "shelter_id": 51,
        "candidate_source": "buildings",
        "time_bucket": "5min",
        "time_seconds": 300,
        "coordinates": "31.707654,34.997497",
        "nearest_building_dist_m": 0.0,
        "newly_covered_buildings": 3,
        "newly_covered_people_est": 21
      }
    },
    {
      "type": "Feature",
      "geometry": {
        "type": "Point",
        "coordinates": [
          34.984396441366634,
          31.718965688180315
        ]
      },
      "properties": {
        "rank": 150,
        "distance_metric": "graph",
        "placement_mode": "exact",
        "placement_semantics": "exact_point",
        "shelter_id": 77,
        "candidate_source": "buildings",
        "time_bucket": "5min",
        "time_seconds": 300,
        "coordinates": "31.718966,34.984396",
        "nearest_building_dist_m": 0.0,
        "newly_covered_buildings": 3,
        "newly_covered_people_est": 21
      }
    },
    {
      "type": "Feature",
      "geometry": {
        "type": "Point",
        "coordinates": [
          34.99401352824508,
          31.714645703965342
        ]
      },
      "properties": {
        "rank": 151,
        "distance_metric": "graph",
        "placement_mode": "exact",
        "placement_semantics": "exact_point",
        "shelter_id": 206,
        "candidate_source": "buildings",
        "time_bucket": "5min",
        "time_seconds": 300,
        "coordinates": "31.714646,34.994014",
        "nearest_building_dist_m": 0.0,
        "newly_covered_buildings": 3,
        "newly_covered_people_est": 21
      }
    },
    {
      "type": "Feature",
      "geometry": {
        "type": "Point",
        "coordinates": [
          34.99482882589628,
          31.755442913294868
        ]
      },
      "properties": {
        "rank": 152,
        "distance_metric": "graph",
        "placement_mode": "exact",
        "placement_semantics": "exact_point",
        "shelter_id": 219,
        "candidate_source": "buildings",
        "time_bucket": "5min",
        "time_seconds": 300,
        "coordinates": "31.755443,34.994829",
        "nearest_building_dist_m": 0.0,
        "newly_covered_buildings": 3,
        "newly_covered_people_est": 21
      }
    },
    {
      "type": "Feature",
      "geometry": {
        "type": "Point",
        "coordinates": [
          34.98967730719267,
          31.753468821397018
        ]
      },
      "properties": {
        "rank": 153,
        "distance_metric": "graph",
        "placement_mode": "exact",
        "placement_semantics": "exact_point",
        "shelter_id": 222,
        "candidate_source": "buildings",
        "time_bucket": "5min",
        "time_seconds": 300,
        "coordinates": "31.753469,34.989677",
        "nearest_building_dist_m": 0.0,
        "newly_covered_buildings": 3,
        "newly_covered_people_est": 21
      }
    },
    {
      "type": "Feature",
      "geometry": {
        "type": "Point",
        "coordinates": [
          34.99675022098039,
          31.716443165856422
        ]
      },
      "properties": {
        "rank": 154,
        "distance_metric": "graph",
        "placement_mode": "exact",
        "placement_semantics": "exact_point",
        "shelter_id": 238,
        "candidate_source": "buildings",
        "time_bucket": "5min",
        "time_seconds": 300,
        "coordinates": "31.716443,34.996750",
        "nearest_building_dist_m": 0.0,
        "newly_covered_buildings": 3,
        "newly_covered_people_est": 21
      }
    },
    {
      "type": "Feature",
      "geometry": {
        "type": "Point",
        "coordinates": [
          34.99562381822107,
          31.751341286105244
        ]
      },
      "properties": {
        "rank": 155,
        "distance_metric": "graph",
        "placement_mode": "exact",
        "placement_semantics": "exact_point",
        "shelter_id": 267,
        "candidate_source": "buildings",
        "time_bucket": "5min",
        "time_seconds": 300,
        "coordinates": "31.751341,34.995624",
        "nearest_building_dist_m": 0.0,
        "newly_covered_buildings": 3,
        "newly_covered_people_est": 21
      }
    },
    {
      "type": "Feature",
      "geometry": {
        "type": "Point",
        "coordinates": [
          34.9865757110922,
          31.75043131460209
        ]
      },
      "properties": {
        "rank": 156,
        "distance_metric": "graph",
        "placement_mode": "exact",
        "placement_semantics": "exact_point",
        "shelter_id": 305,
        "candidate_source": "buildings",
        "time_bucket": "5min",
        "time_seconds": 300,
        "coordinates": "31.750431,34.986576",
        "nearest_building_dist_m": 0.0,
        "newly_covered_buildings": 3,
        "newly_covered_people_est": 21
      }
    },
    {
      "type": "Feature",
      "geometry": {
        "type": "Point",
        "coordinates": [
          34.98059868090421,
          31.73917130214858
        ]
      },
      "properties": {
        "rank": 157,
        "distance_metric": "graph",
        "placement_mode": "exact",
        "placement_semantics": "exact_point",
        "shelter_id": 324,
        "candidate_source": "buildings",
        "time_bucket": "5min",
        "time_seconds": 300,
        "coordinates": "31.739171,34.980599",
        "nearest_building_dist_m": 0.0,
        "newly_covered_buildings": 3,
        "newly_covered_people_est": 21
      }
    },
    {
      "type": "Feature",
      "geometry": {
        "type": "Point",
        "coordinates": [
          34.99255958589576,
          31.717672568527945
        ]
      },
      "properties": {
        "rank": 158,
        "distance_metric": "graph",
        "placement_mode": "exact",
        "placement_semantics": "exact_point",
        "shelter_id": 450,
        "candidate_source": "buildings",
        "time_bucket": "5min",
        "time_seconds": 300,
        "coordinates": "31.717673,34.992560",
        "nearest_building_dist_m": 0.0,
        "newly_covered_buildings": 3,
        "newly_covered_people_est": 21
      }
    },
    {
      "type": "Feature",
      "geometry": {
        "type": "Point",
        "coordinates": [
          34.97849558565741,
          31.741731039314015
        ]
      },
      "properties": {
        "rank": 159,
        "distance_metric": "graph",
        "placement_mode": "exact",
        "placement_semantics": "exact_point",
        "shelter_id": 493,
        "candidate_source": "buildings",
        "time_bucket": "5min",
        "time_seconds": 300,
        "coordinates": "31.741731,34.978496",
        "nearest_building_dist_m": 0.0,
        "newly_covered_buildings": 3,
        "newly_covered_people_est": 21
      }
    },
    {
      "type": "Feature",
      "geometry": {
        "type": "Point",
        "coordinates": [
          35.00014738028837,
          31.712149666028658
        ]
      },
      "properties": {
        "rank": 160,
        "distance_metric": "graph",
        "placement_mode": "exact",
        "placement_semantics": "exact_point",
        "shelter_id": 576,
        "candidate_source": "buildings",
        "time_bucket": "5min",
        "time_seconds": 300,
        "coordinates": "31.712150,35.000147",
        "nearest_building_dist_m": 0.0,
        "newly_covered_buildings": 3,
        "newly_covered_people_est": 21
      }
    },
    {
      "type": "Feature",
      "geometry": {
        "type": "Point",
        "coordinates": [
          34.98428359257832,
          31.70412926105084
        ]
      },
      "properties": {
        "rank": 161,
        "distance_metric": "graph",
        "placement_mode": "exact",
        "placement_semantics": "exact_point",
        "shelter_id": 857,
        "candidate_source": "buildings",
        "time_bucket": "5min",
        "time_seconds": 300,
        "coordinates": "31.704129,34.984284",
        "nearest_building_dist_m": 0.0,
        "newly_covered_buildings": 3,
        "newly_covered_people_est": 21
      }
    },
    {
      "type": "Feature",
      "geometry": {
        "type": "Point",
        "coordinates": [
          34.97980592462533,
          31.709693071171266
        ]
      },
      "properties": {
        "rank": 162,
        "distance_metric": "graph",
        "placement_mode": "exact",
        "placement_semantics": "exact_point",
        "shelter_id": 1026,
        "candidate_source": "buildings",
        "time_bucket": "5min",
        "time_seconds": 300,
        "coordinates": "31.709693,34.979806",
        "nearest_building_dist_m": 0.0,
        "newly_covered_buildings": 3,
        "newly_covered_people_est": 21
      }
    },
    {
      "type": "Feature",
      "geometry": {
        "type": "Point",
        "coordinates": [
          35.00120859066941,
          31.7114756484727
        ]
      },
      "properties": {
        "rank": 163,
        "distance_metric": "graph",
        "placement_mode": "exact",
        "placement_semantics": "exact_point",
        "shelter_id": 1108,
        "candidate_source": "buildings",
        "time_bucket": "5min",
        "time_seconds": 300,
        "coordinates": "31.711476,35.001209",
        "nearest_building_dist_m": 0.0,
        "newly_covered_buildings": 3,
        "newly_covered_people_est": 21
      }
    },
    {
      "type": "Feature",
      "geometry": {
        "type": "Point",
        "coordinates": [
          34.98525233859476,
          31.71323697481462
        ]
      },
      "properties": {
        "rank": 164,
        "distance_metric": "graph",
        "placement_mode": "exact",
        "placement_semantics": "exact_point",
        "shelter_id": 1167,
        "candidate_source": "buildings",
        "time_bucket": "5min",
        "time_seconds": 300,
        "coordinates": "31.713237,34.985252",
        "nearest_building_dist_m": 0.0,
        "newly_covered_buildings": 3,
        "newly_covered_people_est": 21
      }
    },
    {
      "type": "Feature",
      "geometry": {
        "type": "Point",
        "coordinates": [
          35.00048331816643,
          31.71425268156719
        ]
      },
      "properties": {
        "rank": 165,
        "distance_metric": "graph",
        "placement_mode": "exact",
        "placement_semantics": "exact_point",
        "shelter_id": 1238,
        "candidate_source": "buildings",
        "time_bucket": "5min",
        "time_seconds": 300,
        "coordinates": "31.714253,35.000483",
        "nearest_building_dist_m": 0.0,
        "newly_covered_buildings": 3,
        "newly_covered_people_est": 21
      }
    },
    {
      "type": "Feature",
      "geometry": {
        "type": "Point",
        "coordinates": [
          34.9821173881923,
          31.715635955289734
        ]
      },
      "properties": {
        "rank": 166,
        "distance_metric": "graph",
        "placement_mode": "exact",
        "placement_semantics": "exact_point",
        "shelter_id": 1312,
        "candidate_source": "buildings",
        "time_bucket": "5min",
        "time_seconds": 300,
        "coordinates": "31.715636,34.982117",
        "nearest_building_dist_m": 0.0,
        "newly_covered_buildings": 3,
        "newly_covered_people_est": 21
      }
    },
    {
      "type": "Feature",
      "geometry": {
        "type": "Point",
        "coordinates": [
          34.99594295272572,
          31.71635826147095
        ]
      },
      "properties": {
        "rank": 167,
        "distance_metric": "graph",
        "placement_mode": "exact",
        "placement_semantics": "exact_point",
        "shelter_id": 1336,
        "candidate_source": "buildings",
        "time_bucket": "5min",
        "time_seconds": 300,
        "coordinates": "31.716358,34.995943",
        "nearest_building_dist_m": 0.0,
        "newly_covered_buildings": 3,
        "newly_covered_people_est": 21
      }
    },
    {
      "type": "Feature",
      "geometry": {
        "type": "Point",
        "coordinates": [
          34.956278473434764,
          31.732995718611836
        ]
      },
      "properties": {
        "rank": 168,
        "distance_metric": "graph",
        "placement_mode": "exact",
        "placement_semantics": "exact_point",
        "shelter_id": 1482,
        "candidate_source": "buildings",
        "time_bucket": "5min",
        "time_seconds": 300,
        "coordinates": "31.732996,34.956278",
        "nearest_building_dist_m": 0.0,
        "newly_covered_buildings": 3,
        "newly_covered_people_est": 21
      }
    },
    {
      "type": "Feature",
      "geometry": {
        "type": "Point",
        "coordinates": [
          34.956069781374424,
          31.734000817848752
        ]
      },
      "properties": {
        "rank": 169,
        "distance_metric": "graph",
        "placement_mode": "exact",
        "placement_semantics": "exact_point",
        "shelter_id": 1495,
        "candidate_source": "buildings",
        "time_bucket": "5min",
        "time_seconds": 300,
        "coordinates": "31.734001,34.956070",
        "nearest_building_dist_m": 0.0,
        "newly_covered_buildings": 3,
        "newly_covered_people_est": 21
      }
    },
    {
      "type": "Feature",
      "geometry": {
        "type": "Point",
        "coordinates": [
          34.981968019377426,
          31.735615161094287
        ]
      },
      "properties": {
        "rank": 170,
        "distance_metric": "graph",
        "placement_mode": "exact",
        "placement_semantics": "exact_point",
        "shelter_id": 1508,
        "candidate_source": "buildings",
        "time_bucket": "5min",
        "time_seconds": 300,
        "coordinates": "31.735615,34.981968",
        "nearest_building_dist_m": 0.0,
        "newly_covered_buildings": 3,
        "newly_covered_people_est": 21
      }
    },
    {
      "type": "Feature",
      "geometry": {
        "type": "Point",
        "coordinates": [
          34.979890227188974,
          31.736034670558826
        ]
      },
      "properties": {
        "rank": 171,
        "distance_metric": "graph",
        "placement_mode": "exact",
        "placement_semantics": "exact_point",
        "shelter_id": 1545,
        "candidate_source": "buildings",
        "time_bucket": "5min",
        "time_seconds": 300,
        "coordinates": "31.736035,34.979890",
        "nearest_building_dist_m": 0.0,
        "newly_covered_buildings": 3,
        "newly_covered_people_est": 21
      }
    },
    {
      "type": "Feature",
      "geometry": {
        "type": "Point",
        "coordinates": [
          34.99086498525634,
          31.73743430231048
        ]
      },
      "properties": {
        "rank": 172,
        "distance_metric": "graph",
        "placement_mode": "exact",
        "placement_semantics": "exact_point",
        "shelter_id": 1603,
        "candidate_source": "buildings",
        "time_bucket": "5min",
        "time_seconds": 300,
        "coordinates": "31.737434,34.990865",
        "nearest_building_dist_m": 0.0,
        "newly_covered_buildings": 3,
        "newly_covered_people_est": 21
      }
    },
    {
      "type": "Feature",
      "geometry": {
        "type": "Point",
        "coordinates": [
          34.977964090541235,
          31.73775105967521
        ]
      },
      "properties": {
        "rank": 173,
        "distance_metric": "graph",
        "placement_mode": "exact",
        "placement_semantics": "exact_point",
        "shelter_id": 1621,
        "candidate_source": "buildings",
        "time_bucket": "5min",
        "time_seconds": 300,
        "coordinates": "31.737751,34.977964",
        "nearest_building_dist_m": 0.0,
        "newly_covered_buildings": 3,
        "newly_covered_people_est": 21
      }
    },
    {
      "type": "Feature",
      "geometry": {
        "type": "Point",
        "coordinates": [
          34.99698869380741,
          31.739663467164185
        ]
      },
      "properties": {
        "rank": 174,
        "distance_metric": "graph",
        "placement_mode": "exact",
        "placement_semantics": "exact_point",
        "shelter_id": 1830,
        "candidate_source": "buildings",
        "time_bucket": "5min",
        "time_seconds": 300,
        "coordinates": "31.739663,34.996989",
        "nearest_building_dist_m": 0.0,
        "newly_covered_buildings": 3,
        "newly_covered_people_est": 21
      }
    },
    {
      "type": "Feature",
      "geometry": {
        "type": "Point",
        "coordinates": [
          34.99070962200897,
          31.74183195994651
        ]
      },
      "properties": {
        "rank": 175,
        "distance_metric": "graph",
        "placement_mode": "exact",
        "placement_semantics": "exact_point",
        "shelter_id": 1915,
        "candidate_source": "buildings",
        "time_bucket": "5min",
        "time_seconds": 300,
        "coordinates": "31.741832,34.990710",
        "nearest_building_dist_m": 0.0,
        "newly_covered_buildings": 3,
        "newly_covered_people_est": 21
      }
    },
    {
      "type": "Feature",
      "geometry": {
        "type": "Point",
        "coordinates": [
          34.989660910922126,
          31.74519952955211
        ]
      },
      "properties": {
        "rank": 176,
        "distance_metric": "graph",
        "placement_mode": "exact",
        "placement_semantics": "exact_point",
        "shelter_id": 2159,
        "candidate_source": "buildings",
        "time_bucket": "5min",
        "time_seconds": 300,
        "coordinates": "31.745200,34.989661",
        "nearest_building_dist_m": 0.0,
        "newly_covered_buildings": 3,
        "newly_covered_people_est": 21
      }
    },
    {
      "type": "Feature",
      "geometry": {
        "type": "Point",
        "coordinates": [
          34.99624360986887,
          31.74711154053112
        ]
      },
      "properties": {
        "rank": 177,
        "distance_metric": "graph",
        "placement_mode": "exact",
        "placement_semantics": "exact_point",
        "shelter_id": 2311,
        "candidate_source": "buildings",
        "time_bucket": "5min",
        "time_seconds": 300,
        "coordinates": "31.747112,34.996244",
        "nearest_building_dist_m": 0.0,
        "newly_covered_buildings": 3,
        "newly_covered_people_est": 21
      }
    },
    {
      "type": "Feature",
      "geometry": {
        "type": "Point",
        "coordinates": [
          34.98561749872203,
          31.747761758555846
        ]
      },
      "properties": {
        "rank": 178,
        "distance_metric": "graph",
        "placement_mode": "exact",
        "placement_semantics": "exact_point",
        "shelter_id": 2397,
        "candidate_source": "buildings",
        "time_bucket": "5min",
        "time_seconds": 300,
        "coordinates": "31.747762,34.985617",
        "nearest_building_dist_m": 0.0,
        "newly_covered_buildings": 3,
        "newly_covered_people_est": 21
      }
    },
    {
      "type": "Feature",
      "geometry": {
        "type": "Point",
        "coordinates": [
          34.998607063682634,
          31.7513609741884
        ]
      },
      "properties": {
        "rank": 179,
        "distance_metric": "graph",
        "placement_mode": "exact",
        "placement_semantics": "exact_point",
        "shelter_id": 2737,
        "candidate_source": "buildings",
        "time_bucket": "5min",
        "time_seconds": 300,
        "coordinates": "31.751361,34.998607",
        "nearest_building_dist_m": 0.0,
        "newly_covered_buildings": 3,
        "newly_covered_people_est": 21
      }
    },
    {
      "type": "Feature",
      "geometry": {
        "type": "Point",
        "coordinates": [
          34.980667023926266,
          31.753058931885686
        ]
      },
      "properties": {
        "rank": 180,
        "distance_metric": "graph",
        "placement_mode": "exact",
        "placement_semantics": "exact_point",
        "shelter_id": 2902,
        "candidate_source": "buildings",
        "time_bucket": "5min",
        "time_seconds": 300,
        "coordinates": "31.753059,34.980667",
        "nearest_building_dist_m": 0.0,
        "newly_covered_buildings": 3,
        "newly_covered_people_est": 21
      }
    },
    {
      "type": "Feature",
      "geometry": {
        "type": "Point",
        "coordinates": [
          34.99091795884543,
          31.75339907561687
        ]
      },
      "properties": {
        "rank": 181,
        "distance_metric": "graph",
        "placement_mode": "exact",
        "placement_semantics": "exact_point",
        "shelter_id": 2931,
        "candidate_source": "buildings",
        "time_bucket": "5min",
        "time_seconds": 300,
        "coordinates": "31.753399,34.990918",
        "nearest_building_dist_m": 0.0,
        "newly_covered_buildings": 3,
        "newly_covered_people_est": 21
      }
    },
    {
      "type": "Feature",
      "geometry": {
        "type": "Point",
        "coordinates": [
          34.996201477141824,
          31.754949307210957
        ]
      },
      "properties": {
        "rank": 182,
        "distance_metric": "graph",
        "placement_mode": "exact",
        "placement_semantics": "exact_point",
        "shelter_id": 3007,
        "candidate_source": "buildings",
        "time_bucket": "5min",
        "time_seconds": 300,
        "coordinates": "31.754949,34.996201",
        "nearest_building_dist_m": 0.0,
        "newly_covered_buildings": 3,
        "newly_covered_people_est": 21
      }
    },
    {
      "type": "Feature",
      "geometry": {
        "type": "Point",
        "coordinates": [
          34.99110422725784,
          31.757203046706984
        ]
      },
      "properties": {
        "rank": 183,
        "distance_metric": "graph",
        "placement_mode": "exact",
        "placement_semantics": "exact_point",
        "shelter_id": 3017,
        "candidate_source": "buildings",
        "time_bucket": "5min",
        "time_seconds": 300,
        "coordinates": "31.757203,34.991104",
        "nearest_building_dist_m": 0.0,
        "newly_covered_buildings": 3,
        "newly_covered_people_est": 21
      }
    },
    {
      "type": "Feature",
      "geometry": {
        "type": "Point",
        "coordinates": [
          34.98965380189322,
          31.76861153857204
        ]
      },
      "properties": {
        "rank": 184,
        "distance_metric": "graph",
        "placement_mode": "exact",
        "placement_semantics": "exact_point",
        "shelter_id": 3024,
        "candidate_source": "buildings",
        "time_bucket": "5min",
        "time_seconds": 300,
        "coordinates": "31.768612,34.989654",
        "nearest_building_dist_m": 0.0,
        "newly_covered_buildings": 3,
        "newly_covered_people_est": 21
      }
    },
    {
      "type": "Feature",
      "geometry": {
        "type": "Point",
        "coordinates": [
          34.96442484289268,
          31.707248467928785
        ]
      },
      "properties": {
        "rank": 185,
        "distance_metric": "graph",
        "placement_mode": "exact",
        "placement_semantics": "exact_point",
        "shelter_id": 3045,
        "candidate_source": "buildings",
        "time_bucket": "5min",
        "time_seconds": 300,
        "coordinates": "31.707248,34.964425",
        "nearest_building_dist_m": 0.0,
        "newly_covered_buildings": 3,
        "newly_covered_people_est": 21
      }
    },
    {
      "type": "Feature",
      "geometry": {
        "type": "Point",
        "coordinates": [
          34.97291521885641,
          31.70143234701263
        ]
      },
      "properties": {
        "rank": 186,
        "distance_metric": "graph",
        "placement_mode": "exact",
        "placement_semantics": "exact_point",
        "shelter_id": 3052,
        "candidate_source": "buildings",
        "time_bucket": "5min",
        "time_seconds": 300,
        "coordinates": "31.701432,34.972915",
        "nearest_building_dist_m": 0.0,
        "newly_covered_buildings": 3,
        "newly_covered_people_est": 21
      }
    },
    {
      "type": "Feature",
      "geometry": {
        "type": "Point",
        "coordinates": [
          35.00178809803949,
          31.71661125439863
        ]
      },
      "properties": {
        "rank": 187,
        "distance_metric": "graph",
        "placement_mode": "exact",
        "placement_semantics": "exact_point",
        "shelter_id": 3099,
        "candidate_source": "buildings",
        "time_bucket": "5min",
        "time_seconds": 300,
        "coordinates": "31.716611,35.001788",
        "nearest_building_dist_m": 0.0,
        "newly_covered_buildings": 3,
        "newly_covered_people_est": 21
      }
    },
    {
      "type": "Feature",
      "geometry": {
        "type": "Point",
        "coordinates": [
          34.982461969877946,
          31.720460795735175
        ]
      },
      "properties": {
        "rank": 188,
        "distance_metric": "graph",
        "placement_mode": "exact",
        "placement_semantics": "exact_point",
        "shelter_id": 3117,
        "candidate_source": "buildings",
        "time_bucket": "5min",
        "time_seconds": 300,
        "coordinates": "31.720461,34.982462",
        "nearest_building_dist_m": 0.0,
        "newly_covered_buildings": 3,
        "newly_covered_people_est": 21
      }
    },
    {
      "type": "Feature",
      "geometry": {
        "type": "Point",
        "coordinates": [
          34.98796168481929,
          31.706841531241047
        ]
      },
      "properties": {
        "rank": 189,
        "distance_metric": "graph",
        "placement_mode": "exact",
        "placement_semantics": "exact_point",
        "shelter_id": 3141,
        "candidate_source": "buildings",
        "time_bucket": "5min",
        "time_seconds": 300,
        "coordinates": "31.706842,34.987962",
        "nearest_building_dist_m": 0.0,
        "newly_covered_buildings": 3,
        "newly_covered_people_est": 21
      }
    },
    {
      "type": "Feature",
      "geometry": {
        "type": "Point",
        "coordinates": [
          34.99000214328258,
          31.703779303874807
        ]
      },
      "properties": {
        "rank": 190,
        "distance_metric": "graph",
        "placement_mode": "exact",
        "placement_semantics": "exact_point",
        "shelter_id": 3170,
        "candidate_source": "buildings",
        "time_bucket": "5min",
        "time_seconds": 300,
        "coordinates": "31.703779,34.990002",
        "nearest_building_dist_m": 0.0,
        "newly_covered_buildings": 3,
        "newly_covered_people_est": 21
      }
    },
    {
      "type": "Feature",
      "geometry": {
        "type": "Point",
        "coordinates": [
          34.9652378736321,
          31.709580924938493
        ]
      },
      "properties": {
        "rank": 191,
        "distance_metric": "graph",
        "placement_mode": "exact",
        "placement_semantics": "exact_point",
        "shelter_id": 3254,
        "candidate_source": "buildings",
        "time_bucket": "5min",
        "time_seconds": 300,
        "coordinates": "31.709581,34.965238",
        "nearest_building_dist_m": 0.0,
        "newly_covered_buildings": 3,
        "newly_covered_people_est": 21
      }
    },
    {
      "type": "Feature",
      "geometry": {
        "type": "Point",
        "coordinates": [
          34.99099369947544,
          31.74094990068335
        ]
      },
      "properties": {
        "rank": 192,
        "distance_metric": "graph",
        "placement_mode": "exact",
        "placement_semantics": "exact_point",
        "shelter_id": 3500,
        "candidate_source": "network_nodes",
        "time_bucket": "5min",
        "time_seconds": 300,
        "coordinates": "31.740950,34.990994",
        "nearest_building_dist_m": 37.7,
        "newly_covered_buildings": 3,
        "newly_covered_people_est": 21
      }
    },
    {
      "type": "Feature",
      "geometry": {
        "type": "Point",
        "coordinates": [
          34.974398599473446,
          31.705832700686013
        ]
      },
      "properties": {
        "rank": 193,
        "distance_metric": "graph",
        "placement_mode": "exact",
        "placement_semantics": "exact_point",
        "shelter_id": 4585,
        "candidate_source": "network_nodes",
        "time_bucket": "5min",
        "time_seconds": 300,
        "coordinates": "31.705833,34.974399",
        "nearest_building_dist_m": 38.36,
        "newly_covered_buildings": 3,
        "newly_covered_people_est": 21
      }
    },
    {
      "type": "Feature",
      "geometry": {
        "type": "Point",
        "coordinates": [
          34.99340799947279,
          31.705440000687226
        ]
      },
      "properties": {
        "rank": 194,
        "distance_metric": "graph",
        "placement_mode": "exact",
        "placement_semantics": "exact_point",
        "shelter_id": 5037,
        "candidate_source": "network_nodes",
        "time_bucket": "5min",
        "time_seconds": 300,
        "coordinates": "31.705440,34.993408",
        "nearest_building_dist_m": 47.89,
        "newly_covered_buildings": 3,
        "newly_covered_people_est": 21
      }
    },
    {
      "type": "Feature",
      "geometry": {
        "type": "Point",
        "coordinates": [
          34.98399829947368,
          31.713543000685792
        ]
      },
      "properties": {
        "rank": 195,
        "distance_metric": "graph",
        "placement_mode": "exact",
        "placement_semantics": "exact_point",
        "shelter_id": 6193,
        "candidate_source": "network_nodes",
        "time_bucket": "5min",
        "time_seconds": 300,
        "coordinates": "31.713543,34.983998",
        "nearest_building_dist_m": 16.29,
        "newly_covered_buildings": 3,
        "newly_covered_people_est": 21
      }
    },
    {
      "type": "Feature",
      "geometry": {
        "type": "Point",
        "coordinates": [
          34.99796229947313,
          31.712191500686785
        ]
      },
      "properties": {
        "rank": 196,
        "distance_metric": "graph",
        "placement_mode": "exact",
        "placement_semantics": "exact_point",
        "shelter_id": 6255,
        "candidate_source": "network_nodes",
        "time_bucket": "5min",
        "time_seconds": 300,
        "coordinates": "31.712192,34.997962",
        "nearest_building_dist_m": 27.9,
        "newly_covered_buildings": 3,
        "newly_covered_people_est": 21
      }
    },
    {
      "type": "Feature",
      "geometry": {
        "type": "Point",
        "coordinates": [
          35.00236579947302,
          31.71269470068699
        ]
      },
      "properties": {
        "rank": 197,
        "distance_metric": "graph",
        "placement_mode": "exact",
        "placement_semantics": "exact_point",
        "shelter_id": 6311,
        "candidate_source": "network_nodes",
        "time_bucket": "5min",
        "time_seconds": 300,
        "coordinates": "31.712695,35.002366",
        "nearest_building_dist_m": 27.89,
        "newly_covered_buildings": 3,
        "newly_covered_people_est": 21
      }
    },
    {
      "type": "Feature",
      "geometry": {
        "type": "Point",
        "coordinates": [
          34.98744958080371,
          31.706144970590383
        ]
      },
      "properties": {
        "rank": 198,
        "distance_metric": "graph",
        "placement_mode": "exact",
        "placement_semantics": "exact_point",
        "shelter_id": 7543,
        "candidate_source": "network_nodes",
        "time_bucket": "5min",
        "time_seconds": 300,
        "coordinates": "31.706145,34.987450",
        "nearest_building_dist_m": 19.2,
        "newly_covered_buildings": 3,
        "newly_covered_people_est": 21
      }
    },
    {
      "type": "Feature",
      "geometry": {
        "type": "Point",
        "coordinates": [
          34.99353438479296,
          31.73922708647703
        ]
      },
      "properties": {
        "rank": 199,
        "distance_metric": "graph",
        "placement_mode": "exact",
        "placement_semantics": "exact_point",
        "shelter_id": 8448,
        "candidate_source": "network_nodes",
        "time_bucket": "5min",
        "time_seconds": 300,
        "coordinates": "31.739227,34.993534",
        "nearest_building_dist_m": 6.5,
        "newly_covered_buildings": 3,
        "newly_covered_people_est": 21
      }
    },
    {
      "type": "Feature",
      "geometry": {
        "type": "Point",
        "coordinates": [
          34.99666310216076,
          31.753930799344957
        ]
      },
      "properties": {
        "rank": 200,
        "distance_metric": "graph",
        "placement_mode": "exact",
        "placement_semantics": "exact_point",
        "shelter_id": 9650,
        "candidate_source": "network_nodes",
        "time_bucket": "5min",
        "time_seconds": 300,
        "coordinates": "31.753931,34.996663",
        "nearest_building_dist_m": 14.89,
        "newly_covered_buildings": 3,
        "newly_covered_people_est": 21
      }
    }
  ]
}